age,gender,cgpa,branch,college_tier,internships_count,projects_count,certifications_count,coding_skill_score,communication_skill_score,aptitude_score,logical_reasoning_score,mock_interview_score,backlogs,placement_status
23,Male,8.28,ECE,3,1,2,5,78,85,61,68,72,0,Not Placed
19,Female,5.35,CSE,2,1,2,3,75,51,59,53,64,0,Not Placed
23,Male,7.3,CSE,2,0,2,2,77,82,73,75,74,0,Placed
19,Other,8.99,CSE,1,1,2,2,79,57,75,66,63,0,Placed
20,Female,5.38,ECE,2,1,1,2,40,43,42,52,51,0,Not Placed
20,Male,5.59,CSE,2,1,0,1,60,66,56,55,57,2,Not Placed
20,Female,7.51,MECH,3,0,3,2,68,63,78,71,77,0,Placed
18,Male,7.34,EEE,3,0,2,3,65,64,81,59,57,1,Not Placed
19,Male,7.41,CSE,2,1,2,2,57,62,68,72,76,2,Placed
20,Female,6.97,ECE,2,0,1,0,53,65,60,59,65,0,Not Placed
20,Female,8.46,ECE,1,0,3,3,75,93,82,78,81,0,Placed
23,Male,8.34,ECE,2,0,3,1,66,58,87,85,69,0,Placed
18,Male,8.23,IT,3,1,1,1,74,62,76,81,60,0,Placed
20,Male,8.51,ECE,2,1,3,1,82,79,85,71,81,0,Placed
18,Male,7.9,CSE,3,2,5,4,78,66,79,72,89,1,Placed
25,Male,7.13,IT,1,2,3,0,59,67,48,61,68,1,Not Placed
23,Male,8.11,CSE,2,0,5,1,82,81,57,73,70,2,Not Placed
27,Female,6.19,CIVIL,1,1,3,0,76,57,64,51,73,2,Not Placed
24,Male,8.24,IT,2,1,2,2,76,66,77,79,81,0,Placed
20,Male,7.67,ECE,2,2,1,1,68,80,52,65,59,2,Not Placed
22,Male,7.04,IT,2,0,4,2,66,75,66,69,49,0,Not Placed
20,Male,6.62,CSE,3,0,3,2,56,71,56,54,56,2,Not Placed
24,Female,7.9,CSE,1,1,4,3,69,80,72,90,77,0,Placed
20,Male,5.92,CSE,2,0,2,2,64,80,82,72,65,0,Placed
20,Male,6.93,ECE,2,1,1,2,69,60,65,63,63,1,Not Placed
24,Female,7.25,ECE,2,1,3,2,65,73,57,70,64,0,Not Placed
23,Female,7.43,CSE,3,1,2,4,69,85,71,75,74,0,Placed
26,Male,8.52,IT,3,0,3,3,80,80,87,70,65,0,Placed
18,Male,7.35,IT,2,1,0,0,75,81,73,69,64,2,Not Placed
19,Female,8.34,ECE,2,1,2,5,93,67,62,70,68,0,Placed
20,Female,9.64,IT,2,2,3,2,95,86,95,93,81,0,Placed
20,Female,8.22,MECH,1,1,3,0,68,52,69,74,70,0,Not Placed
21,Male,7.31,IT,2,2,3,0,61,62,70,57,65,3,Not Placed
20,Female,6.04,IT,1,1,2,0,66,65,61,49,59,1,Not Placed
23,Male,8.58,EEE,1,2,1,3,66,78,74,82,66,1,Placed
19,Male,9.36,EEE,3,1,1,2,80,84,84,76,71,0,Placed
22,Female,6.51,IT,2,1,1,4,66,73,72,66,78,0,Placed
23,Female,7.06,CSE,3,2,1,1,64,64,61,49,52,0,Placed
21,Male,7.19,CSE,3,1,3,4,63,52,59,63,67,3,Not Placed
20,Male,7.98,IT,3,1,2,1,76,73,81,61,67,0,Placed
19,Female,6.96,EEE,3,1,3,2,84,75,81,86,67,0,Placed
19,Male,7.84,ECE,1,2,1,4,85,53,68,67,79,0,Placed
22,Male,6.61,CSE,2,1,1,2,72,80,65,66,53,0,Not Placed
21,Male,8.47,CSE,2,0,3,1,77,86,69,71,87,1,Not Placed
18,Male,7.56,ECE,2,1,1,1,73,69,58,76,77,1,Not Placed
27,Female,7.49,ECE,2,0,2,3,77,75,56,66,94,0,Placed
22,Male,7.99,EEE,3,1,2,4,80,83,74,69,64,1,Not Placed
23,Male,7.86,EEE,2,0,2,2,77,82,60,84,70,0,Placed
20,Female,8.14,CSE,1,0,2,2,74,94,82,64,67,1,Placed
25,Male,7.17,EEE,2,1,0,0,71,85,66,73,70,2,Placed
19,Female,7.89,IT,3,2,2,1,82,76,72,65,53,0,Placed
19,Male,7.79,ECE,3,3,4,0,81,72,91,64,78,1,Placed
24,Female,5.0,IT,2,0,4,0,59,70,51,55,62,1,Not Placed
24,Female,7.55,EEE,1,0,0,1,65,71,62,69,72,2,Not Placed
21,Female,7.36,CSE,3,1,2,0,64,66,73,56,60,1,Placed
19,Male,7.02,CSE,2,0,2,1,55,45,63,63,67,2,Not Placed
20,Female,7.03,CSE,2,2,0,2,66,59,73,61,47,0,Not Placed
22,Female,8.81,EEE,3,4,5,1,85,95,81,82,62,0,Placed
23,Male,7.13,EEE,2,0,3,0,62,67,65,72,68,2,Not Placed
20,Male,8.06,CSE,3,2,2,1,70,76,85,76,79,0,Placed
18,Male,6.42,CSE,3,0,1,1,63,52,61,63,65,0,Not Placed
22,Male,6.46,CSE,1,0,2,5,62,69,61,56,62,1,Not Placed
22,Male,7.73,EEE,2,1,0,2,60,67,56,69,69,0,Placed
20,Female,8.04,ECE,1,3,1,4,69,81,68,73,65,0,Placed
21,Other,8.64,EEE,2,0,3,3,68,68,71,84,84,0,Placed
27,Male,7.75,EEE,1,0,3,1,71,71,81,82,71,0,Placed
19,Female,6.78,MECH,2,4,0,1,68,53,68,63,63,2,Not Placed
21,Female,6.39,IT,1,1,0,0,71,61,70,70,66,0,Not Placed
21,Male,7.99,MECH,3,3,4,2,75,71,82,79,83,0,Not Placed
21,Female,7.46,IT,1,3,2,3,49,64,70,62,66,0,Not Placed
23,Female,5.45,EEE,2,0,1,1,46,71,57,52,59,2,Not Placed
21,Female,6.26,ECE,1,2,3,0,60,56,55,54,86,2,Not Placed
21,Male,6.98,CIVIL,2,0,1,2,51,77,55,67,46,4,Not Placed
19,Male,7.9,IT,1,0,3,1,72,77,74,77,69,0,Placed
22,Female,7.67,EEE,3,2,1,5,61,75,65,72,73,1,Placed
19,Male,7.37,ECE,2,0,6,3,74,70,71,85,82,0,Placed
18,Male,7.07,CIVIL,3,0,1,2,62,65,67,62,51,2,Not Placed
21,Male,7.66,CSE,1,3,3,3,68,77,71,61,84,0,Placed
21,Male,7.98,ECE,1,3,1,2,71,68,66,83,66,1,Placed
28,Male,7.3,CSE,3,3,0,2,55,85,53,70,58,0,Not Placed
22,Female,7.76,MECH,2,0,4,2,80,74,68,60,79,2,Placed
23,Male,6.68,EEE,1,0,1,2,60,68,70,67,72,0,Placed
20,Female,6.65,ECE,1,1,5,5,70,65,66,54,64,1,Not Placed
21,Female,7.64,IT,3,0,1,2,65,74,70,56,73,1,Placed
26,Male,5.81,EEE,2,1,2,3,60,74,60,62,61,0,Not Placed
20,Male,8.02,ECE,2,2,1,4,71,84,76,84,63,1,Placed
23,Male,7.98,CSE,3,2,1,2,63,65,67,76,64,2,Not Placed
21,Female,8.06,MECH,2,1,1,2,63,82,61,64,56,0,Placed
19,Female,8.19,ECE,3,3,2,5,73,64,66,74,82,3,Not Placed
21,Male,8.03,CSE,2,2,2,1,74,68,80,76,74,1,Not Placed
19,Female,8.03,ECE,2,0,0,2,66,80,78,74,86,0,Placed
18,Female,6.96,CSE,2,1,2,2,69,85,63,60,75,3,Not Placed
19,Male,6.99,EEE,1,1,0,1,69,61,63,52,79,0,Placed
19,Female,7.72,IT,2,1,3,0,79,65,70,63,74,1,Placed
20,Female,6.18,ECE,3,0,0,3,51,56,53,55,54,0,Not Placed
24,Female,6.59,CSE,2,0,1,1,51,76,73,52,40,2,Not Placed
20,Male,6.92,EEE,2,1,3,2,43,53,58,70,58,0,Not Placed
23,Male,6.52,EEE,2,0,1,0,55,62,61,62,76,1,Not Placed
21,Male,7.96,EEE,2,2,3,2,77,83,75,77,64,0,Not Placed
18,Male,5.74,IT,2,1,1,3,57,56,64,58,62,1,Placed
19,Male,8.29,ECE,2,0,0,4,48,74,61,71,54,2,Placed
25,Female,8.46,ECE,1,1,5,0,79,93,78,85,81,1,Placed
21,Male,7.51,CSE,2,2,3,2,64,47,70,64,64,0,Placed
24,Male,7.96,CSE,2,0,0,3,76,83,82,63,72,0,Placed
20,Female,6.44,IT,2,0,2,3,69,82,63,64,60,2,Placed
22,Male,7.2,MECH,2,1,2,0,70,72,54,72,81,0,Not Placed
22,Male,6.02,IT,2,0,2,2,53,63,64,40,53,4,Placed
26,Female,5.95,EEE,2,3,4,2,64,67,70,73,59,1,Not Placed
18,Female,8.84,ECE,2,0,1,2,70,61,75,68,75,0,Not Placed
25,Male,6.22,IT,2,0,2,0,54,72,49,52,61,2,Placed
20,Female,7.43,CSE,2,2,1,2,72,69,81,84,83,1,Placed
23,Female,7.94,IT,3,0,3,2,72,80,69,77,71,1,Placed
21,Female,7.38,IT,1,0,4,1,59,77,72,70,49,2,Not Placed
21,Female,5.85,CSE,2,0,0,1,41,57,49,54,56,2,Not Placed
20,Male,7.77,MECH,2,1,3,1,69,65,69,77,64,2,Not Placed
23,Male,7.53,CIVIL,1,1,1,2,65,72,78,57,62,1,Placed
19,Female,6.99,CSE,2,1,0,4,79,87,91,67,68,2,Placed
21,Male,7.79,CSE,1,1,1,0,69,75,67,61,64,0,Not Placed
21,Male,9.12,ECE,1,0,1,1,82,72,83,75,83,0,Placed
22,Male,8.22,CIVIL,1,0,1,3,77,63,74,77,62,2,Not Placed
21,Male,6.86,CIVIL,2,1,3,2,56,71,55,62,51,2,Not Placed
22,Male,7.46,CIVIL,1,4,3,2,66,74,67,74,63,1,Placed
21,Male,7.55,IT,3,0,4,2,70,63,66,79,63,0,Placed
22,Female,9.73,CIVIL,2,4,3,2,81,90,92,95,82,0,Placed
22,Male,8.07,IT,2,1,3,2,72,73,75,66,83,0,Not Placed
22,Female,8.11,CSE,2,0,1,2,64,76,71,62,71,3,Placed
23,Male,8.7,EEE,3,1,3,1,83,68,83,78,73,0,Placed
21,Male,6.97,ECE,2,1,3,1,45,64,56,63,43,1,Placed
19,Female,7.49,EEE,1,3,3,1,59,59,63,58,57,3,Not Placed
22,Male,6.65,ECE,3,1,3,5,56,61,63,82,73,0,Not Placed
18,Male,6.95,MECH,2,2,5,3,64,64,52,68,66,0,Placed
19,Female,6.05,IT,3,0,0,1,55,53,52,56,65,1,Not Placed
23,Male,7.21,CSE,2,1,4,2,71,79,78,71,63,0,Not Placed
20,Male,7.35,EEE,2,2,0,1,64,63,64,67,66,1,Placed
21,Female,6.22,IT,3,0,1,2,55,62,57,57,51,1,Not Placed
27,Male,6.18,CSE,1,1,1,3,57,65,52,58,63,0,Placed
19,Female,6.86,IT,2,0,3,3,66,77,64,72,83,0,Placed
18,Male,8.36,MECH,2,1,2,4,77,70,72,88,80,0,Placed
18,Male,9.46,CIVIL,1,1,1,3,95,77,86,82,93,0,Placed
19,Male,10.0,EEE,1,1,2,3,95,88,94,95,85,0,Placed
22,Female,7.38,EEE,1,1,3,2,74,82,68,73,67,1,Not Placed
22,Male,6.81,MECH,1,3,1,0,54,58,66,49,50,0,Placed
21,Female,5.49,CSE,2,0,0,2,44,65,46,46,48,1,Not Placed
19,Female,8.17,ECE,2,1,3,3,66,69,67,64,78,2,Placed
21,Female,6.28,ECE,1,1,2,1,59,58,54,64,46,1,Not Placed
18,Male,7.7,CIVIL,1,0,0,2,69,73,67,68,77,0,Not Placed
22,Female,7.7,CSE,3,0,3,2,61,59,65,66,61,0,Not Placed
21,Female,7.43,CIVIL,1,2,1,1,74,60,77,68,53,1,Not Placed
18,Male,8.66,EEE,3,1,2,2,79,82,75,77,78,0,Placed
23,Female,8.03,CSE,1,2,4,3,64,78,72,66,67,0,Placed
22,Male,6.84,ECE,3,1,1,0,67,64,79,71,77,1,Not Placed
20,Female,6.32,CSE,2,0,0,1,52,62,61,69,48,0,Not Placed
21,Female,6.08,ECE,1,0,0,2,46,48,52,58,40,1,Not Placed
21,Male,8.08,IT,2,4,2,2,61,53,64,66,51,2,Not Placed
19,Male,6.85,EEE,2,2,1,5,80,59,77,73,62,0,Placed
19,Male,9.91,ECE,1,3,2,5,92,81,91,79,80,0,Placed
22,Male,7.52,EEE,2,1,1,2,61,55,58,74,67,0,Placed
25,Female,8.37,IT,2,0,5,0,77,84,81,75,68,0,Placed
21,Male,7.66,MECH,2,0,3,0,71,64,62,59,56,2,Placed
21,Female,7.44,MECH,1,0,1,1,60,76,61,48,65,0,Placed
22,Female,6.84,ECE,2,1,1,3,58,61,60,67,70,2,Not Placed
20,Other,7.43,CSE,2,1,4,1,48,55,65,61,62,3,Not Placed
18,Male,8.96,CIVIL,1,2,2,5,82,95,84,90,95,0,Placed
20,Female,6.5,MECH,1,0,1,2,58,51,50,65,58,0,Placed
24,Male,7.58,MECH,2,0,1,4,84,75,60,74,60,0,Placed
23,Male,6.43,CSE,1,0,2,4,69,62,50,58,52,5,Not Placed
24,Male,8.62,MECH,1,1,1,1,74,72,88,78,67,0,Placed
19,Female,7.95,CSE,2,3,0,1,78,67,82,69,75,0,Not Placed
21,Male,8.22,ECE,3,2,5,4,61,67,76,62,64,0,Not Placed
21,Male,8.49,EEE,2,1,2,2,72,73,56,76,57,0,Placed
19,Male,6.84,IT,3,2,2,1,45,60,69,59,57,0,Not Placed
19,Female,7.56,CSE,1,1,1,2,65,84,77,66,68,0,Not Placed
23,Female,7.67,ECE,3,1,2,0,56,62,56,73,68,0,Placed
22,Female,7.03,CSE,1,0,1,1,45,57,66,56,62,1,Not Placed
22,Female,6.57,ECE,1,0,2,3,57,64,60,44,67,5,Not Placed
19,Male,8.01,CSE,1,1,5,1,63,75,84,66,67,1,Placed
21,Male,9.2,IT,2,1,3,2,77,85,93,83,95,0,Placed
18,Male,7.15,ECE,1,0,2,2,69,72,62,78,86,2,Not Placed
19,Male,6.78,CIVIL,2,0,3,2,58,57,68,63,68,1,Placed
21,Female,7.73,IT,3,1,2,2,62,66,73,66,68,1,Not Placed
20,Male,8.57,IT,2,3,1,3,84,82,80,87,91,0,Placed
26,Female,7.84,CIVIL,3,1,4,2,73,62,81,66,66,0,Not Placed
21,Female,7.06,CIVIL,1,1,3,2,72,80,58,59,67,1,Placed
18,Female,7.64,ECE,1,1,3,0,86,90,80,69,66,1,Placed
18,Male,6.83,ECE,1,0,1,0,64,62,66,66,66,1,Not Placed
22,Female,9.25,CSE,1,0,2,1,83,74,85,89,86,0,Placed
19,Female,7.33,ECE,1,3,3,1,80,67,71,68,69,0,Placed
19,Male,6.28,MECH,1,0,0,2,61,49,65,57,61,0,Not Placed
20,Female,5.99,CIVIL,2,0,2,1,47,54,71,64,55,0,Placed
19,Male,8.53,CSE,3,1,1,5,88,88,77,81,72,0,Not Placed
21,Female,8.58,CSE,3,2,2,1,80,92,92,76,79,0,Placed
21,Female,7.85,MECH,3,0,2,3,64,67,76,76,77,1,Not Placed
18,Female,7.04,MECH,1,1,5,3,67,60,53,58,65,2,Placed
23,Female,9.13,EEE,1,2,3,1,86,77,85,90,76,0,Placed
20,Female,6.89,CSE,2,0,0,0,55,60,70,53,47,1,Not Placed
21,Male,6.85,EEE,2,0,2,2,48,64,57,59,66,0,Placed
18,Male,8.48,IT,1,1,2,3,72,69,76,75,76,2,Placed
21,Female,7.15,IT,3,2,2,2,64,67,60,55,56,0,Not Placed
20,Female,8.18,CSE,3,0,1,1,53,73,68,65,66,1,Placed
21,Female,7.76,IT,2,0,0,1,63,82,74,67,71,1,Placed
20,Male,8.28,ECE,3,2,2,2,66,72,61,65,61,1,Placed
28,Male,8.3,CSE,1,2,3,2,79,89,87,81,65,0,Placed
19,Female,7.71,ECE,2,0,1,2,65,77,69,68,66,0,Not Placed
24,Female,7.16,CSE,1,3,2,4,61,77,76,69,69,0,Placed
24,Male,6.36,IT,2,0,1,1,43,58,52,47,48,3,Placed
20,Male,7.14,CIVIL,1,2,2,2,63,67,76,75,60,0,Placed
20,Female,6.5,EEE,2,0,1,0,62,74,74,58,61,2,Not Placed
20,Female,5.72,CSE,1,0,0,3,46,57,63,52,54,2,Not Placed
27,Male,6.69,EEE,2,0,1,0,59,71,67,66,66,1,Not Placed
21,Male,7.07,CSE,2,0,0,0,57,62,78,69,55,0,Not Placed
21,Male,9.24,IT,2,1,3,1,80,78,74,79,74,1,Placed
18,Male,6.74,CSE,2,0,1,1,61,71,61,50,49,1,Not Placed
23,Male,7.27,CIVIL,3,0,2,0,76,75,75,66,67,0,Placed
18,Male,6.23,CSE,3,0,3,3,77,60,69,60,64,1,Placed
18,Female,6.06,MECH,3,2,2,0,44,65,72,59,67,1,Not Placed
19,Male,7.89,EEE,1,0,4,1,72,68,95,69,70,0,Placed
21,Female,7.32,IT,2,1,2,1,80,75,61,64,73,1,Placed
24,Male,8.88,MECH,3,1,5,1,74,89,87,89,87,0,Placed
23,Male,7.29,IT,3,1,1,3,76,75,64,76,67,1,Not Placed
19,Male,6.88,EEE,1,1,0,1,61,73,67,66,61,1,Placed
20,Male,6.82,EEE,3,1,1,1,67,75,64,60,61,0,Placed
23,Female,7.79,CSE,2,0,2,3,66,62,69,51,70,0,Placed
21,Female,6.95,CSE,3,0,3,5,77,79,83,71,50,0,Placed
19,Female,6.48,MECH,2,0,1,1,63,49,67,53,57,3,Not Placed
20,Female,8.0,CSE,2,1,4,0,70,65,72,67,71,0,Placed
21,Female,7.52,CIVIL,1,0,1,3,55,78,59,84,67,1,Not Placed
26,Female,9.99,IT,1,4,2,3,86,71,95,78,76,1,Placed
22,Female,8.2,IT,2,3,1,2,69,90,94,81,95,0,Placed
18,Female,5.7,IT,2,1,1,2,66,64,55,52,46,2,Not Placed
22,Male,7.4,IT,2,0,1,6,73,67,79,65,71,0,Placed
19,Male,6.71,CIVIL,2,0,0,0,50,52,55,61,62,3,Not Placed
23,Female,6.85,CSE,2,0,3,1,62,45,62,60,69,0,Placed
20,Female,8.86,ECE,1,1,3,0,69,70,72,65,75,1,Placed
19,Male,7.86,CSE,2,2,1,4,90,84,94,75,81,0,Placed
21,Female,6.5,CSE,2,0,3,2,61,78,53,60,73,0,Placed
19,Male,6.98,CSE,2,2,2,2,57,72,61,66,63,2,Placed
19,Female,5.8,ECE,3,0,2,0,46,71,56,45,44,0,Not Placed
21,Female,7.06,ECE,3,0,3,3,67,67,73,69,81,1,Not Placed
22,Male,6.01,CSE,2,0,3,2,60,54,52,67,51,1,Not Placed
23,Female,7.33,CIVIL,2,0,0,4,56,71,59,63,52,1,Placed
20,Female,6.78,IT,3,0,2,1,52,78,62,55,54,2,Not Placed
18,Female,7.24,MECH,1,1,1,1,54,71,74,67,69,0,Placed
21,Female,6.17,CSE,2,0,0,0,45,46,67,45,55,0,Not Placed
20,Female,6.11,EEE,3,0,1,2,57,55,58,64,50,2,Not Placed
19,Male,9.35,IT,3,3,2,4,91,88,95,86,93,0,Placed
24,Female,6.25,ECE,3,0,1,1,62,65,43,53,56,1,Not Placed
26,Male,6.1,MECH,1,0,3,0,40,61,54,50,57,1,Not Placed
18,Male,8.69,EEE,2,1,3,0,90,78,85,95,82,0,Placed
23,Male,9.85,IT,3,4,3,3,94,83,90,95,95,0,Placed
22,Male,6.46,EEE,1,0,1,1,56,59,64,51,65,1,Placed
19,Female,6.23,IT,3,1,3,2,62,67,65,58,64,0,Not Placed
21,Female,8.28,CSE,2,2,3,3,69,75,55,80,74,0,Placed
19,Female,9.07,ECE,3,1,3,3,85,73,78,87,79,0,Placed
18,Male,6.08,CIVIL,2,0,3,0,64,68,59,61,54,2,Not Placed
28,Female,8.09,CSE,2,1,2,2,72,59,57,70,58,3,Not Placed
21,Female,8.22,EEE,3,1,5,1,66,68,78,73,76,0,Not Placed
19,Male,7.22,MECH,2,1,1,2,75,69,74,72,80,0,Placed
20,Female,7.95,ECE,2,1,2,3,58,73,77,70,51,1,Not Placed
25,Male,8.06,IT,3,2,2,5,67,83,70,74,68,2,Not Placed
20,Female,5.81,CSE,2,0,4,1,54,52,62,54,42,0,Not Placed
24,Male,7.12,CSE,2,1,1,0,70,77,63,65,67,0,Placed
23,Female,7.03,IT,2,0,2,1,55,60,51,69,71,0,Not Placed
20,Female,6.76,ECE,3,0,4,1,74,81,69,76,61,1,Placed
22,Female,7.16,IT,2,0,0,2,63,66,51,60,64,1,Not Placed
22,Male,8.35,IT,2,1,0,4,79,62,65,70,79,0,Placed
22,Male,8.74,ECE,3,4,1,2,74,88,82,80,62,0,Not Placed
20,Female,7.66,CSE,2,0,0,1,73,65,74,66,81,0,Placed
18,Male,8.29,EEE,3,3,4,1,64,66,80,79,63,1,Placed
19,Male,6.98,ECE,3,0,3,1,62,73,70,68,72,1,Placed
21,Female,8.41,ECE,1,1,2,0,69,65,70,67,63,1,Not Placed
22,Female,6.46,IT,2,1,1,0,54,63,67,62,62,1,Not Placed
22,Female,7.45,IT,3,1,2,3,74,69,59,78,66,1,Placed
21,Male,7.12,ECE,2,3,3,2,51,81,80,59,63,0,Placed
18,Male,9.06,EEE,1,1,2,4,88,69,77,85,88,0,Placed
18,Female,8.82,EEE,1,1,3,3,84,72,75,86,75,0,Not Placed
23,Male,7.73,EEE,1,1,0,2,68,77,73,68,72,0,Placed
21,Male,6.88,CSE,2,1,2,0,66,70,57,62,48,2,Placed
23,Male,6.09,EEE,2,1,0,2,58,63,55,57,61,1,Not Placed
19,Female,8.66,IT,2,2,4,2,77,64,87,89,73,1,Placed
20,Male,7.19,CSE,2,1,1,3,66,70,69,73,77,1,Not Placed
24,Female,8.3,CSE,2,2,3,0,73,60,67,68,57,1,Placed
19,Male,6.29,MECH,2,0,1,1,50,77,52,64,47,3,Not Placed
18,Male,8.33,ECE,3,0,3,2,76,80,77,68,76,0,Placed
22,Female,7.58,MECH,3,1,3,5,78,67,76,67,65,1,Not Placed
21,Female,6.66,ECE,2,0,3,3,50,79,61,55,48,0,Not Placed
25,Female,6.63,MECH,2,1,3,3,62,82,69,45,56,1,Not Placed
24,Female,7.75,ECE,3,0,1,0,83,83,68,59,64,1,Not Placed
22,Male,7.47,ECE,3,0,2,4,67,81,73,68,54,1,Placed
18,Male,8.55,CSE,3,3,2,1,61,63,77,69,58,0,Placed
21,Male,6.79,ECE,2,3,1,4,66,77,66,67,91,2,Not Placed
24,Male,5.94,ECE,2,0,3,2,62,63,68,72,65,1,Placed
20,Female,7.32,CSE,2,1,6,1,67,80,80,71,69,1,Placed
26,Female,7.97,CSE,2,1,3,3,86,83,78,79,77,0,Placed
22,Male,5.0,IT,2,1,1,2,44,64,40,46,56,1,Not Placed
18,Male,6.64,CSE,2,0,3,1,51,72,71,70,64,1,Not Placed
21,Other,7.21,ECE,3,2,3,1,79,75,76,71,63,0,Placed
22,Female,7.23,ECE,2,2,1,3,69,64,70,73,68,1,Placed
18,Male,7.65,MECH,2,0,2,0,59,53,62,73,74,2,Not Placed
20,Male,5.89,ECE,2,0,0,1,53,48,59,60,60,2,Placed
22,Male,8.33,EEE,2,2,0,2,81,47,74,63,52,0,Placed
19,Male,9.07,ECE,1,1,6,0,91,82,86,69,80,0,Placed
20,Male,6.58,EEE,2,0,3,1,51,61,41,46,59,1,Not Placed
22,Male,8.13,IT,2,1,2,3,79,66,74,73,74,0,Placed
22,Male,8.0,IT,1,0,3,1,64,81,66,68,89,0,Not Placed
21,Male,7.68,CSE,2,2,1,1,58,79,61,64,71,1,Not Placed
25,Male,6.16,ECE,1,0,0,0,52,64,65,46,65,2,Not Placed
24,Male,7.51,IT,2,2,0,1,54,73,69,66,52,1,Not Placed
21,Male,8.68,ECE,2,1,1,2,95,78,86,81,64,0,Placed
19,Female,7.92,CIVIL,3,2,2,0,68,82,70,70,65,0,Placed
22,Female,9.11,EEE,1,4,4,3,87,79,83,95,69,0,Placed
19,Male,8.94,CSE,2,1,1,2,85,85,73,78,78,0,Placed
23,Male,6.84,ECE,2,2,1,3,72,67,67,65,63,0,Placed
21,Female,8.89,ECE,2,2,1,2,88,95,88,89,65,0,Placed
20,Male,8.24,MECH,2,0,5,2,68,71,58,75,79,0,Placed
21,Female,8.37,EEE,2,4,5,5,80,64,75,77,74,1,Placed
21,Other,6.67,IT,3,0,1,0,58,56,71,71,65,0,Not Placed
24,Male,6.38,MECH,2,0,1,4,66,75,72,67,61,1,Placed
19,Male,7.72,CSE,3,1,1,1,66,68,79,63,64,2,Not Placed
24,Male,8.3,CSE,2,1,1,0,74,68,81,79,77,0,Placed
18,Female,7.2,CSE,3,0,1,3,61,69,44,60,61,3,Placed
22,Male,8.6,IT,2,1,4,3,69,77,89,86,68,0,Not Placed
24,Female,6.93,IT,2,1,4,1,77,75,65,77,61,2,Not Placed
20,Male,7.3,CSE,2,4,4,4,90,72,71,69,70,0,Not Placed
18,Female,7.94,CSE,2,2,3,1,74,73,82,78,64,2,Not Placed
23,Female,9.12,CSE,1,0,6,1,94,89,93,78,95,0,Placed
23,Male,8.38,CIVIL,2,0,3,2,76,93,89,73,47,2,Placed
20,Female,5.53,EEE,2,1,3,1,45,51,61,50,42,4,Not Placed
21,Female,7.53,EEE,2,1,2,1,76,67,68,76,66,3,Placed
23,Male,6.53,EEE,2,0,2,1,47,41,56,65,48,4,Not Placed
19,Other,7.53,EEE,2,2,3,1,61,70,63,60,62,0,Placed
21,Female,8.71,CSE,3,1,2,1,78,64,90,75,64,0,Placed
20,Male,8.3,CIVIL,2,1,1,0,82,67,73,74,52,2,Placed
19,Female,7.02,IT,2,0,1,0,61,65,72,54,57,1,Placed
23,Female,7.03,IT,3,0,0,1,56,56,68,60,68,3,Not Placed
20,Female,7.12,MECH,1,0,3,2,69,76,70,61,68,0,Not Placed
25,Female,5.0,CSE,1,1,3,2,67,70,53,57,64,0,Not Placed
21,Male,6.78,IT,3,0,0,1,68,63,56,60,72,0,Not Placed
21,Male,7.67,MECH,2,1,2,2,82,67,81,67,75,1,Placed
20,Male,7.96,ECE,2,2,3,0,75,64,82,80,68,0,Placed
20,Female,7.29,IT,1,0,1,3,81,73,75,70,67,0,Placed
23,Male,5.15,CIVIL,2,0,2,1,41,48,43,40,40,1,Not Placed
22,Male,7.72,MECH,3,1,1,1,59,68,71,71,65,0,Placed
22,Male,7.61,MECH,2,1,1,2,64,79,70,71,60,1,Not Placed
20,Female,6.73,CSE,3,0,4,1,69,67,77,67,72,0,Not Placed
19,Male,8.08,MECH,2,2,2,4,74,65,87,84,70,0,Placed
18,Male,6.21,ECE,2,0,1,1,61,48,58,58,45,3,Not Placed
22,Male,6.87,EEE,1,1,0,4,54,59,71,60,71,1,Placed
20,Male,8.03,CSE,2,4,1,5,73,56,79,82,80,0,Placed
21,Male,5.41,ECE,3,1,0,1,44,78,44,55,58,0,Not Placed
21,Male,8.83,CSE,1,2,4,3,88,72,81,87,67,0,Placed
20,Female,7.64,CIVIL,2,3,5,0,71,70,79,61,95,0,Not Placed
22,Male,7.95,ECE,2,2,3,1,77,81,81,75,69,0,Placed
21,Male,6.26,ECE,2,0,0,3,66,77,73,54,65,0,Not Placed
26,Female,7.8,CSE,1,2,1,3,70,80,63,82,69,0,Placed
19,Male,9.45,IT,2,4,3,3,86,89,74,68,73,0,Placed
21,Male,7.53,ECE,3,2,3,5,69,60,69,68,45,1,Placed
18,Male,8.11,MECH,1,1,3,1,52,65,73,67,72,0,Placed
23,Male,7.65,ECE,1,0,2,5,64,77,74,74,59,0,Placed
21,Male,6.57,CSE,1,2,1,0,73,58,65,62,71,2,Not Placed
20,Other,7.05,IT,2,2,0,0,71,59,76,65,69,1,Placed
23,Male,8.04,CSE,1,0,4,2,62,61,63,74,79,3,Not Placed
20,Female,8.03,ECE,3,2,6,2,73,66,70,74,64,2,Placed
19,Female,8.01,IT,2,2,3,0,82,68,72,75,66,0,Placed
21,Male,6.35,CSE,2,0,1,1,61,60,54,60,67,2,Not Placed
18,Female,7.93,CSE,1,1,3,2,80,53,78,70,70,0,Not Placed
24,Male,7.41,ECE,2,1,4,3,86,68,78,81,84,0,Placed
22,Female,6.99,ECE,3,1,3,3,68,67,57,67,59,0,Not Placed
22,Female,7.03,CSE,2,2,0,1,65,58,61,53,50,0,Placed
24,Male,7.31,ECE,2,0,3,1,65,69,65,67,60,0,Placed
23,Female,8.34,ECE,2,0,3,3,82,68,77,68,81,0,Placed
20,Male,7.76,CSE,3,2,3,3,67,78,65,81,72,1,Not Placed
18,Female,8.08,CSE,2,2,4,2,78,69,86,79,83,0,Placed
20,Male,8.69,IT,3,1,3,3,80,70,69,78,70,1,Placed
25,Male,8.41,EEE,2,1,2,2,84,83,71,78,62,1,Placed
25,Male,7.92,CSE,2,1,1,1,77,80,74,67,66,2,Not Placed
22,Female,9.65,CIVIL,2,2,4,5,95,89,90,86,78,1,Placed
19,Female,7.67,ECE,2,1,2,2,71,67,72,66,80,1,Placed
19,Female,6.85,EEE,1,0,1,1,59,57,63,44,61,4,Not Placed
24,Male,9.25,CIVIL,2,3,3,2,82,74,78,83,74,0,Placed
19,Male,7.49,CSE,1,0,2,0,50,55,65,68,82,4,Not Placed
21,Male,7.69,ECE,2,1,0,5,62,77,73,81,71,3,Not Placed
20,Male,9.63,IT,1,1,3,2,83,84,82,81,76,0,Placed
20,Male,5.32,CSE,2,1,1,1,44,58,50,57,51,4,Not Placed
22,Female,5.5,EEE,2,0,1,0,56,70,53,54,65,1,Placed
25,Female,6.14,CSE,1,0,0,1,54,67,42,47,49,2,Not Placed
22,Male,7.12,MECH,2,0,0,1,54,64,59,64,71,2,Placed
21,Male,6.61,EEE,2,2,4,1,76,79,68,75,67,2,Not Placed
20,Female,7.97,ECE,2,0,5,1,76,76,73,71,76,0,Placed
24,Female,7.66,ECE,3,1,1,1,62,75,61,61,77,1,Not Placed
21,Female,6.6,MECH,3,0,1,1,54,54,66,56,49,0,Not Placed
21,Male,5.64,CSE,2,0,1,1,58,68,50,50,53,0,Not Placed
22,Male,6.64,EEE,2,2,1,0,68,61,68,68,79,2,Not Placed
19,Male,6.54,CSE,2,0,3,2,54,56,62,73,54,5,Placed
18,Female,7.51,CSE,2,3,2,3,63,78,67,65,71,0,Not Placed
23,Female,8.5,IT,2,3,0,0,82,81,74,65,87,1,Placed
21,Female,7.81,IT,1,1,1,2,66,86,68,71,72,0,Not Placed
19,Male,7.87,CSE,3,2,2,2,80,55,75,72,73,0,Not Placed
20,Male,7.78,EEE,1,0,5,3,66,77,76,67,77,1,Not Placed
27,Male,7.45,ECE,2,2,2,4,70,74,78,67,87,1,Not Placed
21,Female,7.89,CIVIL,1,0,3,2,65,77,61,61,68,2,Placed
21,Male,7.63,EEE,1,1,2,2,70,58,70,78,81,0,Not Placed
18,Female,8.07,MECH,1,2,0,0,74,78,83,68,69,0,Placed
26,Male,8.93,MECH,2,2,1,4,76,69,79,74,85,0,Placed
24,Male,7.65,MECH,2,0,3,0,74,58,68,68,58,2,Not Placed
21,Male,7.98,CSE,3,1,2,5,77,86,79,67,88,0,Placed
20,Male,7.17,CSE,2,0,2,0,59,72,68,60,66,1,Placed
22,Female,8.04,IT,3,1,0,2,65,77,73,71,68,1,Not Placed
23,Other,8.26,IT,2,0,3,2,77,64,75,79,87,0,Not Placed
23,Female,5.33,MECH,1,0,1,2,40,65,50,51,53,1,Not Placed
26,Male,7.32,ECE,3,1,1,2,52,61,60,53,56,2,Placed
21,Female,5.7,MECH,2,0,2,2,63,64,67,51,51,2,Not Placed
20,Male,5.0,IT,3,1,0,0,40,45,49,40,52,2,Not Placed
21,Female,7.39,MECH,1,2,1,0,58,69,62,58,60,1,Placed
23,Female,7.81,CSE,2,2,0,0,73,86,85,72,71,0,Not Placed
19,Male,7.46,IT,2,2,3,2,67,64,65,71,74,1,Placed
19,Male,8.59,MECH,2,3,3,1,74,70,64,56,76,2,Placed
22,Male,7.79,IT,2,0,3,2,77,87,76,69,67,0,Placed
20,Male,8.67,EEE,3,4,5,2,88,65,76,87,69,0,Placed
23,Female,8.18,IT,3,1,2,4,60,80,64,72,49,1,Placed
19,Female,9.06,MECH,3,3,1,0,75,69,88,71,65,1,Not Placed
20,Male,7.49,ECE,3,2,0,3,82,82,61,64,86,0,Not Placed
19,Male,7.94,MECH,3,0,0,0,62,79,64,51,58,3,Not Placed
22,Female,6.92,ECE,2,1,1,0,65,58,60,55,69,1,Not Placed
22,Male,6.37,ECE,3,0,3,1,45,65,54,45,56,4,Not Placed
20,Male,7.53,ECE,1,2,3,0,62,62,57,61,68,0,Not Placed
21,Female,7.67,ECE,3,1,0,3,56,70,58,69,73,0,Not Placed
19,Male,8.88,EEE,2,2,5,2,74,62,78,74,57,1,Placed
22,Male,8.6,CSE,2,4,4,1,79,72,88,90,81,0,Placed
28,Male,6.87,EEE,2,0,2,4,52,54,54,61,57,0,Placed
22,Male,7.94,IT,3,1,1,2,69,63,72,64,75,2,Placed
19,Female,6.19,CSE,2,0,2,0,62,54,64,48,54,2,Not Placed
21,Female,8.04,ECE,1,4,5,2,70,73,69,73,74,0,Placed
20,Other,7.48,ECE,2,1,3,3,65,63,61,76,62,1,Not Placed
18,Female,6.79,EEE,3,0,1,1,49,57,71,54,44,4,Not Placed
19,Male,8.53,CIVIL,2,2,1,0,87,78,73,81,72,0,Placed
18,Male,6.57,IT,1,1,2,2,75,65,73,60,53,0,Placed
19,Female,6.51,CIVIL,2,0,4,1,57,54,77,72,72,0,Not Placed
23,Male,6.51,ECE,2,0,0,1,53,61,76,42,58,3,Not Placed
20,Other,6.24,IT,1,0,0,2,63,56,62,55,54,4,Not Placed
22,Male,7.53,ECE,2,1,4,1,76,80,74,76,70,0,Placed
25,Male,7.21,CSE,2,1,4,1,78,50,64,68,66,2,Placed
21,Female,7.58,CIVIL,2,0,2,4,68,58,66,75,60,0,Placed
21,Female,8.19,IT,3,0,2,3,75,64,76,70,77,0,Placed
22,Female,8.32,CSE,3,2,3,3,83,68,88,78,76,0,Placed
18,Female,5.96,ECE,2,1,0,2,62,68,71,59,68,0,Placed
20,Male,5.33,CSE,2,0,0,1,52,63,60,44,52,0,Not Placed
21,Female,8.45,CSE,1,3,3,1,76,85,82,68,68,1,Placed
23,Female,6.91,CSE,2,0,2,2,56,67,71,67,55,0,Placed
23,Male,7.88,MECH,2,1,4,2,95,63,86,82,83,0,Placed
23,Female,8.82,CSE,2,0,0,1,82,62,79,68,78,1,Placed
22,Male,7.8,ECE,3,0,2,0,78,68,64,63,60,0,Placed
21,Male,7.78,IT,1,0,2,1,68,78,68,65,63,1,Not Placed
23,Female,9.37,MECH,2,2,4,8,82,80,83,90,70,0,Placed
24,Male,9.24,MECH,2,3,6,2,95,78,84,91,91,0,Placed
21,Female,6.94,CIVIL,2,0,2,1,63,62,70,56,71,1,Placed
27,Male,8.16,IT,1,1,0,0,84,78,66,77,59,0,Placed
24,Female,8.89,IT,2,3,3,4,80,67,74,68,93,1,Placed
21,Male,5.75,MECH,1,0,3,1,73,74,58,65,64,1,Not Placed
18,Male,7.91,CSE,2,1,0,4,58,69,76,61,66,1,Placed
19,Female,7.65,CSE,3,2,4,1,65,72,63,54,74,0,Placed
22,Female,7.62,CIVIL,2,1,0,5,81,70,66,78,68,0,Placed
18,Male,7.8,CSE,1,0,2,1,58,72,57,79,48,2,Not Placed
21,Male,7.06,IT,3,1,3,0,53,52,52,59,47,1,Placed
21,Male,5.45,CSE,1,0,0,1,47,52,54,49,52,1,Not Placed
24,Female,6.38,CSE,2,0,3,3,48,64,53,58,59,0,Not Placed
23,Female,6.92,CIVIL,3,2,4,0,60,73,75,68,61,3,Placed
22,Female,6.93,CSE,3,3,3,2,75,71,77,65,73,0,Placed
20,Female,8.78,IT,2,2,3,4,76,82,89,89,71,0,Placed
19,Male,8.75,CSE,2,2,2,3,77,72,75,74,75,0,Placed
22,Female,7.61,IT,2,0,2,0,60,57,60,58,56,2,Not Placed
19,Female,8.59,EEE,3,1,1,4,66,85,77,60,81,1,Not Placed
21,Female,7.53,ECE,2,1,4,0,67,55,58,64,59,1,Not Placed
27,Female,6.04,ECE,2,2,0,0,74,68,70,66,71,1,Placed
21,Male,6.73,ECE,1,1,3,3,74,67,56,82,82,0,Not Placed
22,Female,8.59,CSE,1,4,1,2,79,67,75,85,74,1,Not Placed
22,Female,8.0,IT,1,0,1,2,60,61,73,67,72,1,Placed
23,Female,8.73,MECH,2,0,5,3,77,65,83,73,83,0,Placed
20,Male,6.32,MECH,2,0,1,0,54,69,57,62,66,1,Placed
21,Male,8.18,CSE,2,1,5,3,73,64,73,70,58,3,Placed
19,Female,10.0,MECH,1,3,4,3,95,93,89,93,89,0,Placed
21,Female,8.27,MECH,2,1,2,3,73,67,76,61,59,1,Placed
20,Male,7.86,MECH,1,1,2,5,76,72,74,86,88,0,Placed
21,Male,7.75,MECH,3,1,3,1,54,71,78,80,52,0,Placed
22,Female,8.91,CIVIL,3,1,2,5,75,87,76,72,76,1,Not Placed
18,Other,7.71,CSE,2,1,1,2,73,71,77,69,66,0,Placed
21,Male,7.82,IT,3,0,3,1,60,73,62,67,63,1,Placed
19,Male,6.82,CIVIL,2,1,1,4,60,74,48,55,45,0,Placed
19,Male,7.94,ECE,2,1,1,2,64,83,64,74,70,0,Placed
18,Male,7.43,EEE,2,1,2,1,61,61,61,67,48,1,Not Placed
19,Male,7.76,IT,1,2,2,2,63,74,76,80,69,0,Placed
27,Male,8.09,CSE,1,1,2,1,83,75,74,78,77,0,Not Placed
28,Female,7.59,CIVIL,2,0,1,3,67,72,60,66,70,2,Not Placed
22,Male,7.25,IT,1,1,3,1,67,78,63,58,61,0,Not Placed
21,Male,7.1,ECE,3,2,3,0,72,82,70,74,60,2,Not Placed
22,Female,7.59,CSE,1,3,1,2,71,71,56,63,63,0,Placed
24,Male,8.26,CIVIL,2,3,3,1,84,78,86,69,89,0,Placed
21,Female,6.28,CSE,2,0,1,2,48,52,47,52,45,0,Not Placed
18,Male,6.14,MECH,1,0,2,0,77,68,63,78,63,2,Not Placed
22,Female,6.14,CSE,1,0,1,1,50,56,62,43,59,1,Not Placed
27,Female,6.82,CIVIL,2,0,2,1,40,64,54,49,58,0,Not Placed
19,Male,8.95,IT,1,3,4,3,77,76,85,83,76,0,Not Placed
21,Female,8.32,MECH,1,1,1,4,68,84,76,67,57,0,Placed
20,Female,7.29,ECE,1,1,3,2,53,70,58,61,55,1,Not Placed
20,Male,6.78,CSE,2,1,1,0,51,52,51,52,56,1,Not Placed
22,Female,5.09,CSE,3,0,0,2,40,45,48,49,43,0,Not Placed
20,Male,7.31,EEE,3,0,0,1,63,71,70,67,67,1,Not Placed
25,Male,10.0,ECE,2,2,3,5,88,76,95,86,69,0,Placed
23,Other,8.27,IT,2,0,0,6,85,76,63,74,56,0,Placed
18,Male,6.6,CSE,3,1,1,0,65,58,51,65,65,1,Not Placed
23,Male,8.55,MECH,2,0,3,2,60,74,76,71,57,1,Placed
22,Male,6.03,ECE,3,0,2,1,56,87,46,70,45,3,Not Placed
21,Other,7.25,EEE,3,2,0,1,65,63,60,67,61,1,Not Placed
21,Male,7.64,IT,1,0,2,4,58,80,65,85,67,1,Placed
23,Male,7.91,IT,2,1,1,2,63,62,59,71,69,1,Not Placed
20,Female,9.09,IT,3,2,3,2,75,72,81,79,95,1,Placed
19,Female,7.82,CSE,1,1,4,1,71,82,66,90,74,0,Placed
20,Male,8.97,CIVIL,1,1,1,0,65,59,86,85,72,0,Not Placed
19,Female,6.96,IT,2,2,0,2,68,44,62,57,58,2,Not Placed
22,Male,9.01,IT,1,4,2,4,80,70,83,78,84,0,Placed
19,Female,9.07,IT,1,1,2,4,90,70,84,78,65,0,Placed
22,Female,6.38,IT,2,2,0,0,58,71,57,55,53,1,Placed
21,Male,7.66,EEE,3,0,4,2,57,58,65,65,55,2,Not Placed
23,Female,8.41,ECE,1,3,3,4,87,65,80,75,77,0,Placed
21,Female,7.0,MECH,3,1,2,1,66,66,73,59,65,1,Not Placed
24,Male,8.14,CSE,3,3,4,2,87,86,82,79,75,0,Placed
24,Male,7.74,MECH,2,3,2,0,67,58,69,67,64,2,Placed
19,Male,9.56,CIVIL,3,3,4,3,82,74,79,95,84,0,Placed
22,Female,7.8,CIVIL,2,2,1,0,80,76,81,77,54,0,Placed
19,Male,7.24,CSE,1,2,2,1,78,63,54,60,78,0,Placed
23,Female,8.9,IT,1,2,0,1,91,95,91,77,64,0,Placed
21,Male,7.02,CIVIL,2,0,1,1,60,66,58,64,54,2,Not Placed
20,Female,6.14,EEE,3,0,5,3,48,67,71,66,59,1,Not Placed
19,Female,6.85,CSE,1,1,3,3,61,60,63,68,59,2,Placed
20,Male,8.16,MECH,2,1,6,0,69,74,81,67,75,1,Not Placed
23,Male,5.79,MECH,3,0,3,0,64,74,52,61,66,3,Not Placed
23,Female,8.22,EEE,3,1,3,5,58,86,82,76,58,1,Placed
18,Male,6.13,IT,3,0,0,1,76,65,73,50,59,0,Not Placed
20,Male,9.37,ECE,1,2,1,1,83,66,83,71,55,1,Placed
20,Female,5.15,EEE,1,0,2,0,48,52,50,60,47,3,Not Placed
21,Female,7.23,IT,1,0,1,2,73,43,60,63,64,0,Not Placed
19,Female,6.08,EEE,2,0,1,0,63,64,55,57,47,2,Not Placed
20,Female,6.96,CSE,3,0,2,2,64,55,68,68,64,1,Placed
24,Female,7.16,CSE,2,1,1,6,73,71,75,69,72,1,Placed
21,Female,6.96,MECH,3,0,2,4,70,67,71,66,60,0,Placed
22,Male,6.9,IT,2,0,1,3,69,77,58,72,68,0,Placed
21,Female,7.37,CSE,2,1,1,3,68,69,73,61,56,2,Placed
21,Female,8.35,MECH,2,0,1,4,75,70,58,62,65,0,Placed
21,Female,6.81,EEE,2,0,2,3,54,76,56,53,62,1,Placed
19,Other,7.69,MECH,3,2,1,4,80,83,79,74,75,1,Placed
19,Male,8.14,IT,2,2,0,4,67,68,82,65,72,0,Not Placed
27,Female,7.81,ECE,3,0,1,1,72,78,80,71,72,0,Not Placed
23,Male,7.83,CSE,3,1,1,1,78,70,86,76,68,1,Placed
22,Male,7.76,CSE,1,2,1,2,57,68,73,77,70,0,Not Placed
19,Male,9.71,CSE,1,2,3,2,74,76,85,92,77,0,Placed
18,Female,7.06,ECE,2,3,0,1,69,61,67,84,70,1,Placed
19,Male,7.05,ECE,2,0,3,2,53,61,69,59,72,1,Not Placed
25,Female,7.31,CSE,1,0,3,1,61,56,59,59,57,0,Not Placed
23,Female,6.81,MECH,1,0,1,2,54,65,62,65,58,2,Not Placed
21,Female,7.02,CIVIL,3,1,3,1,59,56,51,62,50,1,Placed
26,Female,7.42,CSE,3,0,1,2,66,69,81,52,68,0,Placed
19,Male,6.76,MECH,2,1,2,1,58,67,68,70,77,0,Not Placed
21,Male,7.95,ECE,2,0,1,0,81,82,80,77,76,0,Placed
19,Female,7.29,ECE,1,0,2,6,68,61,64,81,78,1,Placed
20,Male,6.21,IT,1,0,2,4,65,46,57,71,73,0,Placed
25,Male,7.92,EEE,2,2,4,3,88,77,78,82,81,1,Placed
23,Male,8.02,CSE,2,1,5,1,78,87,65,82,92,1,Placed
18,Male,7.21,ECE,3,0,3,1,65,67,69,63,69,0,Not Placed
19,Other,6.61,CSE,1,1,1,1,61,68,61,70,52,3,Not Placed
21,Female,7.99,CSE,2,1,0,1,75,65,88,86,74,1,Placed
18,Female,8.89,ECE,3,2,1,1,75,81,68,69,73,1,Placed
21,Male,5.33,CSE,1,0,1,3,64,59,52,52,42,1,Not Placed
21,Female,8.01,EEE,2,3,3,2,72,73,73,65,84,0,Placed
20,Female,7.73,ECE,2,0,2,4,55,63,67,69,74,0,Placed
20,Female,6.47,CSE,1,3,1,0,69,56,63,50,58,0,Placed
19,Male,6.66,MECH,1,1,2,3,72,69,73,62,76,0,Placed
25,Male,6.57,IT,3,0,3,2,60,54,62,45,57,3,Not Placed
20,Female,7.98,EEE,2,2,5,4,84,87,82,89,82,0,Placed
21,Female,9.04,CSE,1,1,2,1,69,76,80,83,85,0,Not Placed
20,Male,8.14,CSE,2,0,0,1,52,70,66,58,72,2,Not Placed
22,Male,7.19,MECH,3,0,3,0,66,83,60,76,79,0,Not Placed
18,Female,5.92,MECH,2,0,0,1,45,59,59,47,53,2,Not Placed
18,Other,6.47,IT,3,0,1,0,48,75,50,62,60,2,Not Placed
22,Female,6.19,IT,3,1,3,0,73,57,62,74,59,2,Not Placed
22,Female,5.93,EEE,1,0,0,0,53,65,57,53,62,1,Placed
19,Female,8.23,CSE,1,2,1,2,78,61,84,79,68,0,Placed
20,Female,9.5,MECH,2,2,3,3,92,76,87,85,82,0,Placed
25,Male,5.65,CSE,2,0,2,2,56,61,63,49,62,1,Not Placed
18,Male,6.76,CSE,2,1,1,2,54,65,57,64,58,0,Placed
19,Female,8.12,CSE,2,1,6,2,68,74,63,67,62,1,Placed
20,Female,9.45,IT,2,1,3,2,80,81,77,77,90,0,Placed
20,Male,6.19,MECH,3,0,2,0,50,82,63,63,65,1,Not Placed
22,Male,7.94,ECE,2,1,2,2,63,66,72,76,58,2,Placed
22,Female,9.68,CSE,2,0,3,2,91,74,86,77,79,0,Placed
21,Female,6.44,CSE,2,0,1,1,64,81,74,43,50,2,Not Placed
21,Male,6.79,CSE,2,0,2,3,56,77,68,52,46,1,Not Placed
20,Female,7.18,ECE,3,0,0,1,66,74,66,58,59,0,Not Placed
22,Male,6.98,ECE,1,0,3,2,61,75,56,73,60,2,Not Placed
18,Male,8.37,CSE,2,0,1,2,74,72,88,71,68,0,Not Placed
20,Male,7.34,EEE,2,3,3,6,64,70,77,70,63,0,Placed
22,Male,6.46,ECE,3,1,1,1,57,61,41,54,59,1,Placed
20,Male,7.2,CIVIL,2,1,1,0,74,76,71,78,61,0,Placed
18,Female,6.73,ECE,1,2,1,3,65,61,61,55,65,1,Not Placed
20,Female,8.63,IT,2,2,6,2,79,85,83,93,85,0,Placed
22,Male,7.17,CSE,2,0,0,1,50,88,65,71,63,0,Placed
19,Female,7.26,MECH,1,1,1,0,56,72,64,66,63,1,Placed
22,Female,8.73,CSE,2,1,2,8,76,94,67,77,64,0,Placed
22,Male,8.23,IT,2,3,3,3,78,80,83,64,78,0,Placed
21,Male,7.54,ECE,2,1,2,0,73,83,68,73,55,0,Not Placed
19,Male,5.91,ECE,1,0,1,2,56,61,60,53,58,4,Not Placed
23,Female,7.82,ECE,3,4,4,4,65,78,66,83,74,0,Placed
19,Male,6.83,EEE,1,0,0,3,64,57,51,49,54,1,Not Placed
24,Female,7.18,CSE,2,1,5,4,83,66,58,62,61,1,Placed
22,Female,6.13,EEE,2,0,2,2,61,65,55,57,45,1,Not Placed
18,Female,8.71,MECH,1,0,3,1,70,82,83,68,89,3,Not Placed
23,Male,6.86,CSE,1,0,3,4,69,73,71,78,49,0,Not Placed
21,Male,5.82,CSE,3,0,1,1,58,71,58,51,49,0,Not Placed
20,Male,7.97,CIVIL,2,0,3,3,74,61,85,85,66,0,Placed
20,Female,6.6,IT,2,0,1,4,75,73,65,55,74,1,Placed
21,Female,6.92,IT,1,1,1,1,71,74,60,67,61,1,Placed
22,Female,9.63,IT,1,1,1,5,66,59,70,90,78,1,Placed
24,Female,6.51,ECE,2,1,3,3,50,70,72,53,63,0,Not Placed
19,Male,6.8,EEE,2,2,1,2,58,70,62,52,63,0,Placed
21,Male,7.42,EEE,1,0,4,1,68,78,67,53,84,2,Not Placed
22,Male,7.4,IT,3,0,1,0,65,60,64,64,80,0,Not Placed
22,Male,8.78,CSE,2,0,4,1,83,84,71,70,89,0,Placed
21,Male,7.24,ECE,3,1,3,1,54,70,57,63,56,0,Placed
20,Male,6.49,IT,2,0,0,3,74,68,61,74,59,0,Placed
22,Female,8.72,ECE,3,2,4,1,79,79,67,80,71,0,Placed
20,Male,7.46,ECE,2,0,1,2,63,61,58,57,61,1,Not Placed
19,Male,5.17,MECH,1,0,0,3,42,55,42,41,51,2,Not Placed
21,Male,9.02,CSE,1,0,5,2,75,78,89,90,66,0,Placed
19,Male,9.91,CSE,1,3,3,4,95,90,88,93,86,0,Placed
18,Male,6.36,EEE,3,0,3,1,58,67,65,61,71,1,Not Placed
18,Male,6.26,ECE,2,0,1,1,40,55,51,56,61,2,Not Placed
22,Male,7.65,CSE,1,0,0,6,73,62,75,60,59,0,Not Placed
26,Other,6.25,CIVIL,1,2,2,4,69,72,68,61,57,2,Not Placed
20,Male,6.66,ECE,2,0,0,2,75,79,67,68,66,1,Not Placed
19,Male,6.01,IT,2,0,1,1,68,75,59,49,55,0,Placed
23,Male,8.4,EEE,3,0,3,4,78,78,70,64,81,0,Placed
19,Male,7.6,ECE,3,2,2,2,65,81,77,72,80,0,Placed
28,Female,6.36,IT,3,0,2,2,43,55,55,56,68,1,Not Placed
21,Male,8.04,CSE,1,2,3,1,69,76,66,71,63,0,Placed
19,Female,9.38,IT,2,4,6,3,95,86,90,85,77,0,Placed
21,Female,7.9,IT,2,1,2,2,72,77,71,73,69,0,Placed
20,Female,7.33,EEE,3,0,1,1,62,56,66,59,47,1,Placed
22,Male,7.36,IT,1,0,1,1,73,63,74,51,72,0,Not Placed
18,Male,8.22,CSE,2,1,0,2,79,77,82,80,75,2,Placed
23,Male,6.05,EEE,2,0,4,4,51,66,59,42,66,0,Placed
22,Female,7.54,CSE,2,1,5,1,75,79,64,63,76,0,Placed
23,Male,6.93,MECH,2,0,3,3,56,85,60,53,70,0,Placed
24,Female,10.0,EEE,1,1,1,4,95,78,80,86,82,0,Placed
19,Male,7.12,ECE,3,0,2,1,50,78,60,70,70,3,Not Placed
21,Male,9.68,IT,1,3,5,5,78,73,80,93,95,0,Placed
23,Male,6.16,CSE,2,1,2,1,52,70,56,69,61,0,Not Placed
20,Male,8.43,ECE,2,3,2,1,71,80,79,82,67,0,Placed
18,Female,8.68,CSE,2,0,2,3,69,80,78,71,71,1,Placed
20,Female,6.55,ECE,2,1,2,0,67,71,71,62,69,3,Not Placed
19,Male,7.33,CSE,2,1,4,2,72,62,71,71,76,0,Placed
24,Male,8.38,ECE,2,4,6,4,78,89,77,77,84,0,Placed
21,Female,7.2,CSE,1,2,1,1,72,49,80,70,67,0,Placed
22,Male,6.14,CSE,2,0,1,1,47,54,62,54,56,1,Not Placed
26,Female,7.46,IT,2,0,0,3,67,74,85,65,79,1,Placed
20,Male,6.48,EEE,3,1,4,3,54,65,56,65,58,2,Not Placed
22,Female,8.17,CSE,1,2,2,2,53,57,70,65,60,1,Not Placed
18,Female,7.33,IT,2,0,2,0,65,74,73,70,62,0,Placed
18,Male,5.65,EEE,2,0,0,2,53,79,60,48,57,1,Not Placed
19,Male,6.46,ECE,1,0,2,1,65,61,51,40,46,0,Placed
20,Male,8.36,ECE,2,0,3,6,70,74,66,74,71,1,Placed
20,Male,7.74,CSE,3,1,1,3,62,57,62,53,57,0,Not Placed
21,Female,6.16,CSE,2,1,2,0,40,41,41,53,49,4,Not Placed
19,Male,8.38,CSE,2,1,2,4,64,66,70,72,58,0,Not Placed
18,Male,7.6,CIVIL,3,1,1,3,65,79,72,61,65,0,Not Placed
22,Female,5.91,CSE,2,1,2,2,56,70,65,57,66,0,Placed
18,Female,5.85,CSE,2,0,2,3,62,70,50,55,67,2,Not Placed
23,Male,8.36,CSE,2,3,5,4,74,77,78,83,77,0,Placed
24,Female,7.22,EEE,2,1,3,3,70,69,64,80,57,1,Placed
22,Male,8.85,IT,3,2,2,1,95,79,82,90,78,0,Placed
21,Female,7.91,EEE,1,0,2,5,77,59,75,67,75,2,Not Placed
22,Male,8.24,IT,2,1,3,1,76,71,71,75,72,0,Placed
22,Female,7.23,EEE,2,0,2,1,75,64,73,63,77,0,Placed
25,Male,8.68,MECH,3,0,0,2,68,93,81,84,91,1,Placed
26,Male,8.37,IT,2,2,4,2,60,86,80,67,75,0,Placed
20,Female,9.2,CIVIL,1,2,1,2,81,70,83,93,69,0,Not Placed
21,Male,8.12,CIVIL,3,1,2,2,59,65,71,66,75,1,Placed
23,Male,8.42,CSE,2,1,1,2,72,44,77,61,53,2,Not Placed
18,Male,7.43,ECE,2,0,1,3,62,69,57,70,59,3,Not Placed
21,Female,7.98,ECE,2,1,3,6,91,79,75,79,75,2,Placed
22,Male,8.88,MECH,3,2,3,3,92,84,76,86,79,0,Placed
22,Female,7.87,ECE,2,1,3,2,69,73,61,67,66,0,Not Placed
20,Male,6.67,EEE,3,1,0,3,72,68,57,66,67,1,Placed
20,Female,8.51,CSE,2,0,4,1,64,71,81,79,68,0,Placed
19,Female,7.19,MECH,1,0,1,3,60,69,62,62,61,2,Not Placed
21,Male,8.47,CSE,3,2,1,1,69,68,87,84,65,0,Placed
24,Female,5.07,ECE,1,0,1,2,43,53,47,45,66,2,Not Placed
24,Male,6.09,CSE,2,0,3,1,48,71,67,65,56,0,Not Placed
20,Male,6.66,EEE,3,0,3,1,51,61,65,72,55,0,Placed
19,Female,6.06,EEE,3,0,0,1,41,67,40,56,40,3,Not Placed
23,Female,6.28,CSE,3,0,0,0,44,62,56,58,47,0,Placed
22,Female,7.48,EEE,1,1,1,3,57,60,46,48,66,0,Placed
21,Female,7.03,MECH,2,0,2,4,55,62,66,72,76,1,Placed
20,Male,7.97,CSE,2,2,2,4,75,75,89,71,76,0,Placed
19,Female,7.41,IT,2,0,2,1,52,62,66,67,70,0,Not Placed
23,Male,6.91,CSE,2,1,0,2,66,65,59,56,58,3,Not Placed
21,Female,7.54,CSE,2,1,2,3,75,75,76,73,64,0,Placed
20,Female,8.52,MECH,2,3,3,1,71,95,57,72,69,0,Placed
24,Male,7.42,CSE,2,0,3,2,57,57,47,51,47,1,Not Placed
22,Female,6.73,ECE,1,0,3,0,70,63,61,45,53,2,Not Placed
24,Female,7.77,CSE,3,0,3,5,85,78,65,75,81,0,Placed
21,Female,6.73,CSE,3,1,4,2,63,73,63,63,66,1,Not Placed
20,Female,8.72,ECE,2,3,0,2,68,79,76,69,63,1,Placed
25,Female,7.27,IT,3,1,3,1,82,80,74,67,62,1,Not Placed
25,Male,7.97,MECH,3,1,1,3,67,71,84,76,69,1,Not Placed
26,Male,7.09,CSE,3,1,2,1,63,63,65,62,64,0,Placed
23,Female,8.52,ECE,3,0,3,1,65,76,68,58,70,0,Not Placed
21,Male,7.44,EEE,2,0,0,1,63,54,61,71,54,1,Not Placed
19,Male,6.34,ECE,3,0,0,1,51,56,72,63,61,2,Not Placed
20,Female,6.09,EEE,1,0,0,2,55,60,60,40,55,1,Not Placed
25,Female,7.89,CSE,3,0,2,5,75,83,69,78,79,0,Placed
20,Female,7.01,EEE,2,2,1,0,55,66,79,70,80,0,Placed
22,Male,6.4,ECE,2,0,1,3,57,66,57,55,58,1,Not Placed
24,Male,7.87,EEE,2,0,2,2,62,51,74,59,81,0,Not Placed
26,Female,8.47,CSE,1,0,5,1,78,70,82,79,83,0,Not Placed
25,Male,6.13,CSE,1,0,2,0,49,40,45,40,40,3,Not Placed
21,Male,6.09,IT,1,0,1,0,50,62,40,62,74,0,Placed
21,Male,6.49,IT,2,1,0,3,57,59,55,60,63,3,Not Placed
27,Female,9.45,CSE,2,0,4,4,78,87,93,92,78,0,Not Placed
19,Male,7.77,CSE,3,3,2,0,74,73,71,66,66,2,Not Placed
19,Male,8.13,CSE,3,0,2,1,75,72,87,80,83,0,Placed
26,Male,6.49,CSE,2,1,2,2,59,65,55,59,59,0,Placed
22,Male,7.23,CSE,3,0,2,0,57,66,61,53,66,2,Not Placed
21,Female,8.06,MECH,2,3,3,1,85,69,77,66,63,0,Placed
19,Female,8.18,CIVIL,3,0,0,4,71,74,72,73,79,2,Placed
21,Female,7.88,IT,2,1,2,2,74,64,74,79,72,0,Not Placed
25,Male,7.88,CSE,2,0,2,4,67,71,66,72,49,0,Not Placed
21,Male,7.87,IT,2,0,4,5,83,77,56,67,70,1,Not Placed
20,Male,8.08,MECH,3,2,1,5,79,70,78,66,50,0,Placed
21,Female,8.68,CIVIL,3,2,2,1,85,71,92,94,75,0,Placed
24,Male,7.76,CSE,1,1,2,2,76,63,78,79,80,0,Placed
24,Male,6.08,CSE,1,0,0,0,57,64,56,58,50,2,Not Placed
20,Male,5.96,IT,3,1,1,0,45,46,50,50,47,2,Not Placed
21,Female,8.96,IT,3,4,3,1,83,62,60,83,71,0,Placed
19,Female,9.2,CSE,2,0,2,3,80,78,76,80,69,0,Placed
20,Male,6.63,EEE,1,0,0,1,57,52,60,56,73,1,Not Placed
19,Female,6.6,CSE,2,0,1,0,47,44,57,41,52,2,Not Placed
21,Male,7.26,CSE,1,1,5,4,71,77,62,55,53,0,Placed
21,Female,7.59,EEE,3,1,2,3,84,79,75,71,80,0,Placed
20,Other,8.98,EEE,1,1,4,0,93,86,74,70,70,0,Placed
19,Female,8.56,CSE,2,2,1,2,69,88,82,65,74,0,Placed
19,Female,6.62,EEE,2,0,0,2,64,70,66,65,64,1,Not Placed
19,Male,5.96,CSE,2,1,0,1,52,66,72,55,58,0,Not Placed
22,Male,6.65,IT,3,1,1,1,65,65,62,72,63,0,Not Placed
19,Female,7.6,CSE,2,0,2,5,61,82,69,60,71,0,Placed
18,Female,5.86,CSE,1,1,3,1,49,56,58,62,48,3,Not Placed
28,Male,9.62,CSE,1,3,3,4,87,95,88,83,81,0,Placed
19,Male,8.94,ECE,2,1,3,3,95,72,79,63,90,0,Not Placed
24,Male,8.14,MECH,1,1,1,1,79,74,77,91,68,0,Placed
21,Male,6.17,CSE,2,0,1,1,66,71,66,57,70,0,Placed
22,Female,8.37,CSE,2,0,0,2,77,86,81,71,61,0,Placed
21,Male,7.7,IT,2,0,1,3,72,63,68,63,67,1,Not Placed
19,Female,7.9,IT,2,1,1,4,81,75,82,76,65,0,Not Placed
23,Male,8.83,MECH,3,2,4,1,92,86,85,86,82,1,Placed
23,Female,8.38,CSE,2,3,2,2,66,80,77,70,54,2,Placed
20,Female,8.63,ECE,2,1,1,5,84,81,61,72,56,0,Placed
22,Female,8.16,ECE,2,2,3,2,76,66,77,79,82,0,Placed
21,Female,7.28,MECH,2,3,3,2,63,88,66,66,60,1,Placed
24,Male,6.13,IT,2,0,0,0,48,47,51,62,40,0,Not Placed
23,Male,7.9,CSE,3,1,0,1,68,76,65,74,63,0,Not Placed
18,Female,6.91,CSE,2,2,2,5,68,76,48,65,46,5,Not Placed
24,Female,6.2,ECE,1,0,2,0,59,74,63,49,40,0,Placed
26,Female,10.0,ECE,3,0,2,2,83,94,85,87,92,1,Placed
22,Female,8.41,ECE,2,3,1,3,90,94,83,74,95,0,Placed
18,Male,8.97,CSE,1,3,0,4,78,93,88,82,84,0,Placed
23,Male,8.25,CSE,1,1,1,4,68,71,72,57,80,2,Placed
22,Female,8.54,ECE,2,4,3,1,95,75,76,87,70,1,Placed
20,Female,7.43,CSE,2,0,2,5,57,81,80,78,82,1,Not Placed
24,Female,7.48,CIVIL,3,0,3,0,76,80,77,65,55,0,Not Placed
21,Female,6.52,MECH,1,0,2,3,50,69,58,66,46,1,Not Placed
23,Female,8.31,CSE,2,0,5,3,75,73,71,62,90,0,Placed
22,Female,7.46,ECE,2,0,2,3,69,53,78,67,70,1,Placed
20,Male,7.88,CSE,2,1,0,2,51,72,55,59,67,4,Placed
26,Female,7.23,CIVIL,3,1,0,3,67,74,76,69,82,1,Not Placed
21,Male,8.12,ECE,1,1,2,3,61,78,61,66,68,0,Not Placed
21,Male,9.39,IT,3,1,2,3,90,79,94,88,67,0,Placed
20,Female,8.36,EEE,2,3,0,0,82,77,76,82,79,0,Placed
19,Male,8.25,CSE,3,2,0,2,77,65,73,68,72,0,Placed
22,Male,6.92,CSE,2,2,1,3,82,69,71,68,72,3,Placed
20,Female,7.75,CSE,2,1,2,2,66,73,62,61,62,1,Placed
25,Other,6.96,IT,3,0,3,3,62,92,72,64,64,0,Not Placed
26,Male,6.31,CSE,2,0,1,1,53,46,57,54,48,2,Not Placed
22,Female,7.12,CIVIL,3,3,3,1,76,74,55,73,69,2,Placed
19,Male,6.35,IT,2,0,3,3,58,82,58,61,60,1,Not Placed
22,Male,5.55,MECH,2,0,1,1,59,71,50,65,68,2,Placed
18,Female,8.15,CSE,1,2,4,2,64,89,84,60,54,0,Placed
23,Female,7.82,MECH,2,0,2,1,72,58,75,81,59,0,Placed
21,Female,5.74,ECE,3,0,0,1,52,49,59,48,63,1,Not Placed
25,Female,7.77,ECE,2,1,1,3,65,74,74,73,56,0,Not Placed
20,Female,8.62,MECH,3,2,1,1,75,95,69,74,76,0,Placed
19,Female,8.32,ECE,3,1,2,4,68,74,84,81,89,0,Placed
28,Male,9.95,ECE,1,2,3,4,91,67,77,77,74,0,Not Placed
21,Female,8.04,MECH,2,2,0,2,70,72,60,71,78,0,Placed
23,Female,7.96,CSE,3,2,4,4,73,70,64,61,60,0,Placed
24,Male,6.32,CSE,1,1,3,0,62,66,59,70,65,0,Not Placed
21,Female,7.93,CIVIL,1,2,2,0,79,82,83,70,85,0,Placed
20,Female,7.22,MECH,1,0,3,3,70,80,63,77,66,0,Not Placed
21,Male,8.49,ECE,3,1,2,5,82,74,91,82,73,0,Placed
23,Male,8.2,EEE,3,1,0,4,80,87,76,69,71,1,Not Placed
26,Male,8.88,MECH,3,3,2,2,68,59,72,71,68,2,Placed
20,Male,6.03,IT,2,0,1,1,68,57,51,60,50,1,Not Placed
22,Female,7.1,CSE,2,3,4,4,64,80,87,58,62,1,Placed
20,Male,6.97,IT,1,0,0,3,71,58,72,57,83,1,Placed
21,Female,7.58,IT,3,0,0,2,62,65,61,71,72,2,Placed
23,Female,6.53,CSE,3,0,0,0,64,64,62,64,62,0,Not Placed
24,Male,8.19,CIVIL,2,1,3,2,66,67,61,67,67,1,Placed
20,Male,6.15,EEE,1,2,2,2,61,69,67,62,60,2,Placed
20,Male,6.87,EEE,3,3,1,3,74,55,55,68,62,1,Not Placed
19,Male,6.86,ECE,3,2,0,2,71,67,70,65,50,0,Placed
19,Male,6.89,CSE,3,1,0,2,57,59,59,61,64,1,Not Placed
20,Male,7.58,ECE,2,1,3,2,81,85,80,72,85,1,Placed
24,Female,7.45,EEE,2,2,2,2,70,69,83,74,72,0,Not Placed
20,Female,6.22,ECE,2,0,0,3,64,75,59,60,72,1,Not Placed
20,Male,7.55,CSE,2,1,2,0,71,46,66,80,66,2,Not Placed
22,Male,9.88,MECH,3,4,3,2,86,81,82,84,65,0,Placed
19,Female,6.62,CSE,1,0,3,1,60,72,57,65,57,2,Not Placed
19,Male,5.16,IT,2,0,1,1,43,59,50,40,53,3,Not Placed
25,Female,5.86,ECE,3,0,1,0,50,62,60,65,56,3,Not Placed
18,Male,7.35,CIVIL,2,1,2,0,78,61,71,77,55,2,Not Placed
20,Female,7.97,IT,2,1,1,3,67,69,66,57,67,3,Not Placed
21,Male,7.54,CSE,3,4,0,3,61,76,76,58,69,0,Placed
19,Male,7.8,CIVIL,2,2,3,0,69,83,76,78,78,0,Placed
20,Female,5.64,CIVIL,2,0,0,1,43,63,40,46,54,0,Placed
19,Male,8.34,CSE,3,1,0,3,67,76,66,77,63,0,Not Placed
20,Female,9.65,MECH,1,4,3,3,94,89,84,86,78,0,Placed
24,Male,6.23,MECH,2,0,0,1,60,75,56,49,64,2,Not Placed
20,Male,7.31,CSE,3,0,0,1,66,76,81,66,58,0,Not Placed
20,Male,6.23,EEE,1,0,3,2,62,63,63,67,58,1,Not Placed
20,Female,6.67,CSE,1,0,2,1,59,66,59,58,70,0,Not Placed
26,Female,7.4,MECH,1,0,1,3,66,76,75,64,63,3,Not Placed
18,Male,8.47,CSE,2,4,2,3,75,88,79,88,73,0,Placed
24,Female,9.32,EEE,2,0,1,3,91,81,87,80,88,1,Placed
20,Female,7.28,MECH,2,0,2,0,64,66,78,60,76,1,Not Placed
25,Male,8.99,CSE,2,1,1,4,89,74,90,90,89,0,Not Placed
20,Male,8.23,EEE,2,1,2,0,61,77,78,66,67,2,Placed
18,Male,8.96,CSE,2,0,6,3,77,87,82,90,84,0,Placed
21,Male,7.48,CSE,3,0,1,2,63,74,53,60,60,2,Not Placed
19,Female,6.88,CIVIL,2,0,0,1,69,70,68,67,62,0,Not Placed
22,Male,8.09,CIVIL,3,0,1,2,82,84,75,69,57,0,Placed
22,Male,10.0,EEE,2,0,1,6,78,95,95,95,91,0,Placed
22,Female,8.74,MECH,2,2,3,3,90,77,69,71,67,0,Not Placed
19,Male,6.21,CSE,2,0,0,3,54,58,71,65,58,1,Not Placed
22,Female,8.59,ECE,2,3,2,5,82,59,82,77,74,0,Placed
20,Female,6.08,MECH,2,1,1,0,70,57,68,62,63,1,Not Placed
28,Male,7.37,MECH,3,2,1,2,59,74,64,72,66,0,Placed
22,Male,8.23,IT,2,0,0,2,80,68,81,81,65,0,Placed
21,Male,7.73,IT,3,0,1,1,64,75,72,73,69,0,Not Placed
23,Female,7.45,EEE,2,4,2,2,70,63,71,70,69,0,Placed
21,Male,7.04,CSE,2,1,5,0,59,58,66,67,68,2,Placed
21,Female,7.59,EEE,2,0,5,2,68,77,77,78,55,1,Placed
19,Female,7.98,CSE,1,1,3,3,81,72,68,82,89,1,Placed
22,Male,6.05,ECE,2,0,0,0,59,51,45,49,44,1,Not Placed
20,Female,8.25,CSE,1,1,1,4,71,80,88,71,68,0,Placed
18,Female,6.15,EEE,1,0,1,0,55,78,53,50,43,1,Not Placed
23,Male,7.12,CIVIL,2,0,0,0,46,55,60,48,60,4,Not Placed
18,Female,7.61,ECE,3,1,1,0,72,69,63,72,76,0,Not Placed
22,Male,7.26,CIVIL,3,1,2,5,70,66,69,57,53,0,Placed
19,Female,7.09,IT,3,0,1,4,59,70,69,66,59,0,Not Placed
20,Female,8.38,CSE,1,1,1,0,72,77,77,73,75,0,Placed
23,Male,6.2,MECH,1,0,2,2,58,57,54,50,60,0,Not Placed
18,Male,6.99,CSE,1,1,1,2,63,84,59,63,82,0,Placed
22,Male,7.47,CSE,2,1,3,1,66,52,54,57,76,0,Placed
21,Male,8.32,EEE,3,2,1,0,67,70,73,58,64,2,Not Placed
23,Female,6.73,CSE,2,1,2,1,77,78,81,69,53,2,Not Placed
19,Male,7.21,MECH,2,0,0,1,62,60,59,64,56,2,Placed
23,Female,8.16,IT,1,1,1,1,70,79,67,72,71,0,Placed
20,Male,7.68,CSE,2,0,1,2,67,74,80,59,61,0,Placed
20,Male,6.47,IT,3,0,1,1,40,67,40,59,45,5,Not Placed
20,Male,5.0,CSE,2,0,0,1,51,67,52,43,40,2,Not Placed
20,Male,7.9,EEE,2,4,0,2,61,69,66,71,67,0,Placed
21,Female,7.94,CSE,2,0,0,0,69,77,83,78,65,1,Not Placed
18,Male,7.06,MECH,2,1,0,1,60,84,69,53,53,2,Not Placed
20,Female,6.78,CSE,2,3,2,1,64,73,68,54,65,1,Not Placed
22,Female,8.52,CSE,3,0,3,1,61,68,67,77,90,1,Not Placed
21,Male,7.47,ECE,2,3,6,3,86,72,86,88,69,1,Placed
19,Male,6.71,IT,2,1,0,2,60,69,69,64,64,1,Not Placed
20,Male,6.96,ECE,2,3,1,1,60,55,41,60,59,1,Placed
20,Male,6.71,ECE,1,1,2,3,46,58,65,71,65,1,Not Placed
22,Female,8.04,CSE,1,1,1,2,69,75,75,75,72,0,Placed
24,Male,8.49,ECE,1,1,4,3,84,72,81,74,65,1,Not Placed
21,Male,7.34,CIVIL,3,0,0,0,70,67,80,79,74,2,Placed
22,Male,5.0,CSE,2,0,1,1,40,61,54,48,47,1,Not Placed
18,Male,5.68,ECE,3,0,3,0,47,49,53,54,40,0,Not Placed
25,Female,6.77,IT,2,0,3,0,53,68,57,50,71,0,Placed
20,Female,6.23,MECH,2,0,2,5,69,72,50,72,92,0,Not Placed
20,Female,7.42,CSE,3,2,2,2,51,79,62,59,76,1,Placed
19,Male,6.29,CSE,1,1,2,1,69,71,59,62,59,0,Placed
18,Male,7.4,IT,3,2,1,4,48,67,74,55,60,1,Not Placed
23,Male,8.67,ECE,2,3,1,2,84,75,74,78,86,0,Placed
19,Female,6.49,CSE,1,0,2,0,56,58,57,57,58,0,Not Placed
20,Male,6.11,MECH,3,1,1,1,67,75,74,54,72,0,Placed
19,Male,7.73,IT,2,2,2,3,65,76,74,66,68,1,Placed
26,Female,6.44,CIVIL,1,0,1,0,54,60,50,52,65,3,Not Placed
23,Female,8.02,MECH,3,1,1,1,75,73,78,62,86,0,Placed
24,Male,7.04,EEE,2,1,3,3,66,68,60,72,69,0,Placed
23,Male,7.42,EEE,2,1,1,5,55,64,63,61,59,1,Not Placed
24,Female,9.06,ECE,1,2,5,5,78,80,83,76,70,0,Placed
21,Male,7.05,EEE,3,1,3,0,56,59,55,51,65,0,Not Placed
19,Female,8.86,CSE,2,1,3,4,94,83,88,95,85,0,Placed
20,Male,7.37,MECH,1,1,1,1,64,65,66,64,77,0,Placed
20,Female,6.81,ECE,3,0,3,2,61,60,62,53,56,2,Not Placed
22,Female,7.83,EEE,2,2,5,2,80,57,71,62,75,0,Placed
18,Male,6.74,IT,3,1,2,2,43,74,59,68,59,3,Placed
19,Female,7.64,ECE,2,1,4,3,62,66,66,64,48,0,Not Placed
22,Male,7.94,IT,2,2,6,3,69,69,70,78,67,0,Placed
19,Male,7.58,IT,2,1,0,3,78,70,72,77,61,0,Placed
18,Male,6.52,IT,2,1,1,1,60,79,68,67,60,2,Not Placed
18,Female,8.48,EEE,2,3,3,4,78,72,85,74,70,0,Placed
22,Male,7.82,CSE,2,3,3,2,71,89,71,83,61,0,Not Placed
19,Male,8.64,CIVIL,1,1,4,4,76,75,86,88,74,0,Not Placed
19,Female,8.21,MECH,3,1,4,4,74,79,72,78,74,1,Placed
19,Female,9.31,MECH,1,1,3,2,71,85,82,85,70,0,Placed
22,Male,5.04,MECH,2,0,1,2,41,69,62,51,51,1,Not Placed
19,Male,7.26,IT,2,0,0,0,66,70,61,64,68,0,Not Placed
18,Male,6.69,MECH,1,1,1,1,60,61,52,64,53,0,Not Placed
24,Male,7.63,IT,2,0,1,4,65,82,65,72,74,0,Placed
24,Female,7.06,CSE,2,3,0,0,61,73,67,64,60,3,Not Placed
19,Other,7.33,CSE,1,0,2,2,63,54,72,73,50,0,Not Placed
19,Male,9.89,CSE,3,1,4,5,84,95,95,87,78,0,Placed
19,Male,7.97,CSE,2,4,1,3,61,62,65,60,73,2,Placed
22,Male,8.94,IT,2,0,0,1,61,79,81,65,66,0,Placed
19,Male,7.29,CIVIL,1,0,2,0,72,69,65,69,75,2,Not Placed
25,Male,7.36,CSE,2,0,2,5,73,44,61,65,62,2,Not Placed
23,Male,7.02,MECH,2,3,2,2,57,85,66,80,65,2,Not Placed
21,Male,7.64,MECH,1,1,1,1,64,82,75,73,65,0,Placed
18,Male,8.91,MECH,2,1,4,3,92,75,95,73,74,1,Placed
24,Female,9.42,EEE,2,2,2,3,88,95,77,74,77,1,Placed
22,Female,8.12,CIVIL,1,1,2,0,79,71,81,80,65,0,Placed
23,Male,7.7,CSE,1,2,1,2,67,73,81,62,57,0,Placed
18,Male,6.13,IT,2,0,3,3,62,59,56,58,56,3,Not Placed
22,Female,8.4,IT,1,0,2,6,62,75,73,71,54,0,Placed
23,Male,7.93,CSE,1,1,2,4,70,82,70,64,62,0,Not Placed
25,Female,8.99,IT,3,4,2,2,78,75,69,68,77,0,Placed
21,Male,7.89,IT,1,2,0,4,62,68,60,64,74,0,Not Placed
21,Female,7.93,CIVIL,2,2,1,3,74,84,72,91,73,0,Placed
20,Male,7.35,CSE,3,1,4,0,69,68,74,72,69,0,Placed
22,Female,8.24,MECH,2,2,4,6,64,84,66,81,77,0,Not Placed
24,Male,7.97,CSE,2,0,3,2,58,74,77,82,63,0,Not Placed
21,Female,6.73,ECE,2,2,1,0,66,48,69,63,69,2,Placed
19,Female,8.58,IT,1,4,4,3,67,73,71,55,70,1,Placed
18,Male,5.0,CIVIL,2,0,0,3,44,42,42,40,52,3,Not Placed
21,Female,8.19,ECE,3,0,3,1,73,75,84,64,46,3,Not Placed
23,Male,5.0,CSE,2,0,0,3,40,48,40,40,41,2,Not Placed
18,Male,6.76,CIVIL,3,0,0,0,62,69,49,64,71,1,Placed
20,Male,7.69,CSE,2,0,2,3,76,76,70,76,72,0,Not Placed
25,Female,7.98,CIVIL,2,1,2,4,74,77,74,68,53,1,Not Placed
21,Female,5.75,CSE,2,0,0,1,60,56,50,51,45,2,Not Placed
19,Male,6.91,CSE,2,1,4,0,64,62,70,75,63,0,Not Placed
20,Female,9.3,CSE,2,2,2,3,81,90,71,95,74,1,Placed
20,Female,7.17,EEE,2,0,2,3,65,61,71,64,50,0,Not Placed
18,Female,10.0,EEE,3,3,5,1,86,81,95,93,69,0,Placed
22,Male,7.76,ECE,3,1,2,2,73,69,81,69,75,0,Not Placed
21,Male,7.6,CSE,2,1,0,1,70,88,81,70,59,0,Placed
22,Male,9.18,IT,1,3,1,1,88,76,76,83,68,0,Placed
21,Male,6.89,IT,3,1,2,2,66,90,77,59,70,2,Not Placed
18,Male,6.2,IT,1,0,4,0,43,77,57,53,57,2,Not Placed
19,Female,6.79,IT,3,1,1,0,69,81,74,69,68,0,Not Placed
19,Female,7.48,IT,1,2,3,3,82,66,75,77,57,2,Not Placed
18,Female,6.24,ECE,1,1,0,1,48,59,54,56,64,3,Not Placed
22,Male,7.87,ECE,1,0,2,2,64,65,58,85,74,0,Placed
19,Male,6.78,CSE,1,0,0,3,62,73,60,55,58,0,Placed
22,Female,7.83,MECH,2,0,3,4,80,78,73,78,70,0,Placed
19,Male,8.31,MECH,2,0,1,0,74,71,73,75,73,2,Placed
18,Female,5.77,EEE,3,0,3,1,62,64,74,62,73,0,Not Placed
19,Male,7.42,MECH,2,1,2,4,63,76,67,75,67,1,Placed
21,Male,7.81,ECE,2,1,1,2,63,73,66,85,67,2,Not Placed
22,Female,8.05,CIVIL,2,1,0,2,77,64,73,65,82,0,Placed
23,Female,6.85,IT,2,0,2,3,64,63,66,57,76,1,Not Placed
19,Male,6.62,IT,3,0,2,3,60,56,58,49,64,2,Not Placed
21,Female,8.74,MECH,2,3,3,4,80,65,80,68,81,0,Placed
22,Male,6.83,MECH,2,2,2,4,63,49,66,73,62,0,Placed
20,Male,5.5,IT,2,0,3,3,62,48,47,61,53,3,Not Placed
18,Male,7.88,MECH,2,3,2,5,84,86,66,66,80,0,Placed
19,Female,7.4,ECE,1,0,3,0,72,63,68,78,71,1,Not Placed
18,Female,5.76,IT,2,0,1,2,47,65,59,43,69,1,Placed
24,Male,8.29,MECH,3,0,2,3,62,90,69,71,73,2,Placed
20,Female,8.94,ECE,3,0,1,5,81,66,86,72,86,0,Placed
21,Female,8.41,MECH,3,0,5,2,64,71,77,72,53,0,Not Placed
22,Male,8.55,MECH,2,2,0,1,71,91,88,71,73,1,Not Placed
20,Male,6.27,CSE,2,0,1,1,49,71,66,51,40,2,Not Placed
22,Male,8.31,MECH,3,2,4,0,82,86,81,78,83,1,Placed
18,Male,7.41,CSE,2,2,2,5,71,64,71,65,72,0,Placed
21,Female,8.04,MECH,3,1,1,3,73,75,64,67,61,1,Not Placed
18,Female,7.82,EEE,2,1,3,4,74,71,86,70,84,0,Placed
19,Male,9.17,EEE,2,4,2,3,90,76,87,69,67,0,Placed
20,Male,8.48,CIVIL,2,2,4,1,92,95,95,82,60,0,Not Placed
22,Male,9.02,ECE,1,2,1,1,84,86,83,71,74,0,Placed
22,Male,6.54,IT,1,1,5,1,62,83,66,65,72,2,Not Placed
22,Male,7.21,ECE,3,3,2,2,72,60,73,78,63,0,Placed
18,Male,7.55,EEE,2,2,5,4,79,70,75,70,57,0,Not Placed
28,Male,7.74,IT,1,1,2,2,68,58,63,79,67,0,Placed
18,Male,7.79,CSE,3,0,1,1,65,70,81,71,73,2,Not Placed
23,Male,9.47,IT,3,1,3,1,89,93,75,91,82,1,Placed
22,Male,7.4,MECH,2,2,1,3,70,68,74,68,68,1,Placed
21,Male,7.23,ECE,2,0,3,0,60,67,46,65,51,1,Placed
20,Male,7.21,MECH,2,1,1,1,69,72,66,49,57,0,Not Placed
22,Male,8.41,IT,3,2,4,5,82,75,76,69,71,0,Placed
22,Male,7.57,CIVIL,1,3,4,2,61,70,71,65,79,1,Not Placed
19,Female,8.36,EEE,1,4,2,0,58,68,61,83,63,1,Placed
23,Male,7.58,IT,1,1,2,2,77,73,76,69,61,0,Placed
18,Female,5.94,IT,2,0,2,1,71,69,57,73,71,0,Placed
21,Male,8.39,CIVIL,2,1,2,8,84,79,71,84,67,2,Placed
22,Male,6.94,CIVIL,3,2,1,3,76,85,73,64,76,1,Not Placed
23,Male,7.04,IT,3,3,2,2,47,56,58,61,68,1,Placed
21,Female,8.52,MECH,3,3,3,2,85,88,77,81,64,1,Placed
19,Female,6.53,MECH,2,1,1,3,67,65,65,68,70,1,Placed
21,Male,7.36,CSE,2,0,1,1,49,60,58,54,46,1,Not Placed
19,Male,6.55,ECE,2,0,1,2,63,55,75,56,48,0,Not Placed
21,Female,6.48,EEE,3,0,0,3,49,63,62,51,61,0,Not Placed
21,Male,7.92,CSE,2,1,2,0,79,70,65,75,66,1,Not Placed
23,Male,7.66,MECH,2,0,3,4,61,73,78,56,50,2,Placed
19,Female,7.77,CSE,2,0,2,2,54,57,70,71,68,0,Placed
19,Male,7.39,IT,2,0,5,2,69,66,82,70,74,1,Placed
21,Female,8.07,IT,1,0,3,4,76,83,66,82,72,0,Placed
18,Male,7.64,EEE,2,2,4,1,76,64,66,78,69,0,Placed
19,Male,7.41,CSE,2,1,3,4,73,72,61,78,71,1,Not Placed
20,Female,8.08,IT,2,0,6,1,60,68,80,74,79,0,Placed
21,Male,5.0,CSE,1,0,0,0,40,56,62,53,52,1,Placed
19,Male,7.63,CSE,2,1,1,3,62,67,61,65,54,1,Not Placed
21,Male,5.39,MECH,1,1,0,2,44,58,54,48,49,1,Not Placed
24,Male,7.29,CSE,1,1,0,6,60,62,75,76,71,0,Not Placed
21,Male,7.43,CSE,2,2,1,1,67,62,71,69,63,2,Not Placed
20,Male,8.36,CSE,1,4,4,4,85,91,87,79,90,0,Placed
18,Male,9.14,ECE,2,2,1,0,80,92,80,90,81,0,Placed
19,Male,7.13,CSE,2,2,3,3,80,62,66,81,72,0,Not Placed
21,Female,6.86,ECE,2,0,0,4,62,70,55,51,68,0,Placed
22,Male,7.83,EEE,1,1,1,2,83,61,76,55,70,1,Placed
18,Female,6.49,CSE,1,0,3,2,75,62,56,71,69,1,Not Placed
19,Male,7.58,CSE,2,1,1,2,71,80,74,77,71,1,Not Placed
20,Male,8.03,IT,1,3,4,4,79,72,75,73,75,0,Placed
20,Female,6.3,MECH,1,0,1,5,71,77,57,73,64,0,Not Placed
25,Female,8.49,CSE,3,0,1,2,84,60,79,71,73,0,Not Placed
19,Male,8.88,EEE,1,0,4,2,73,83,73,71,79,1,Placed
18,Male,6.66,CIVIL,2,1,2,2,56,65,63,70,52,1,Placed
20,Female,8.32,CSE,1,3,1,2,81,81,76,71,72,0,Placed
19,Male,8.07,IT,1,4,3,3,66,66,77,73,56,1,Placed
19,Male,7.33,EEE,3,0,0,1,72,58,66,69,76,0,Not Placed
20,Male,7.4,CIVIL,3,1,0,2,61,61,54,68,71,3,Not Placed
20,Female,6.77,CSE,1,0,0,1,52,90,52,54,54,2,Not Placed
18,Female,5.93,ECE,1,0,2,5,60,61,58,56,49,3,Not Placed
21,Male,8.59,EEE,2,2,0,3,77,66,71,70,77,1,Not Placed
21,Female,7.12,IT,2,0,1,1,57,60,68,57,62,1,Placed
18,Male,8.19,ECE,2,2,2,2,74,73,72,74,77,0,Placed
23,Female,5.0,ECE,2,0,0,1,61,58,55,50,64,2,Not Placed
20,Male,7.31,CIVIL,3,1,3,0,77,69,61,66,56,1,Not Placed
26,Female,8.05,ECE,3,2,1,3,67,72,56,66,73,1,Placed
25,Male,9.89,ECE,2,4,2,3,92,93,95,90,88,0,Placed
20,Male,6.36,ECE,3,0,0,0,55,60,51,62,67,2,Not Placed
19,Male,9.27,CSE,2,1,3,2,95,82,80,91,70,0,Placed
23,Female,7.7,ECE,2,2,3,2,77,57,69,70,80,1,Not Placed
20,Male,8.47,CSE,2,2,1,3,66,69,70,82,71,1,Placed
19,Male,7.69,ECE,1,1,3,4,59,66,90,59,72,0,Placed
21,Male,7.94,ECE,1,0,1,1,81,67,71,75,54,0,Not Placed
21,Female,7.81,MECH,3,1,2,2,68,72,64,77,61,1,Not Placed
23,Female,8.61,EEE,3,2,3,1,93,75,87,80,89,1,Placed
22,Male,6.54,IT,2,0,0,2,74,58,64,72,60,0,Placed
24,Male,8.52,ECE,2,2,1,0,76,90,70,78,85,2,Not Placed
22,Female,7.22,IT,1,0,6,5,61,63,67,65,51,0,Not Placed
22,Male,7.91,IT,1,0,1,0,73,76,64,66,71,0,Not Placed
21,Male,7.0,CSE,2,2,2,5,52,58,58,48,51,1,Not Placed
27,Male,7.88,CSE,2,1,0,5,73,66,81,73,87,1,Placed
25,Male,8.71,MECH,2,0,3,1,81,68,88,85,94,0,Placed
23,Female,7.13,CIVIL,2,0,3,2,64,84,62,62,76,0,Not Placed
22,Female,7.45,IT,3,1,1,0,71,75,70,65,79,0,Placed
21,Male,5.68,CSE,1,1,1,0,56,56,58,55,64,0,Placed
19,Female,7.31,CSE,2,0,3,2,60,87,61,71,92,1,Placed
24,Male,7.49,CSE,1,0,2,1,59,43,47,60,54,1,Placed
18,Female,5.93,MECH,3,0,5,0,67,65,54,58,63,1,Not Placed
19,Male,7.78,IT,2,0,0,2,77,60,79,65,71,0,Not Placed
20,Female,8.88,MECH,2,1,2,2,77,69,58,88,72,0,Placed
21,Female,10.0,IT,3,3,3,6,95,64,87,92,76,0,Placed
21,Female,6.49,ECE,2,1,2,2,63,65,70,72,60,0,Not Placed
19,Male,9.05,ECE,2,3,2,6,83,84,73,74,78,1,Placed
18,Female,7.45,CSE,1,0,2,3,74,80,73,73,76,0,Placed
19,Female,6.65,EEE,2,1,3,0,71,73,64,61,67,1,Placed
20,Male,8.37,EEE,2,0,2,1,83,74,66,67,94,0,Placed
18,Male,7.89,CSE,3,0,1,2,72,81,59,75,54,1,Not Placed
22,Female,7.12,CSE,1,0,0,4,72,81,66,60,69,2,Not Placed
19,Female,6.86,ECE,2,1,0,0,67,61,65,67,61,2,Not Placed
20,Female,5.95,CIVIL,1,1,0,1,66,67,51,62,67,1,Not Placed
20,Male,5.29,CIVIL,3,2,5,2,43,66,58,55,69,2,Not Placed
21,Female,8.47,CSE,2,0,4,0,82,65,85,73,68,2,Not Placed
23,Male,7.65,EEE,1,0,0,1,69,70,78,71,73,2,Not Placed
19,Male,6.8,EEE,2,1,4,2,63,53,60,49,64,2,Placed
20,Female,7.49,MECH,3,1,0,1,71,67,62,78,70,0,Placed
22,Female,8.27,CSE,1,1,2,6,86,81,74,78,75,0,Placed
18,Female,7.78,CIVIL,2,4,4,1,74,79,73,71,72,3,Placed
23,Male,6.24,MECH,1,0,0,4,66,58,62,60,54,3,Not Placed
26,Male,8.85,ECE,3,0,0,3,80,80,84,81,80,0,Placed
21,Female,8.33,CSE,2,0,1,4,90,90,84,94,78,0,Placed
25,Male,8.29,CSE,3,1,4,3,80,72,70,79,74,0,Placed
20,Female,7.84,IT,1,1,2,3,64,74,69,68,81,0,Placed
20,Female,7.97,MECH,2,0,4,2,83,91,95,72,87,0,Placed
18,Female,8.5,EEE,2,1,2,3,95,84,81,79,89,0,Placed
18,Female,8.03,CIVIL,2,0,4,1,86,77,79,66,71,0,Placed
19,Male,8.09,IT,2,2,2,4,82,59,57,67,66,1,Placed
21,Male,7.52,MECH,2,2,3,3,74,76,71,74,69,1,Not Placed
21,Female,6.61,MECH,1,1,1,2,66,60,45,59,71,2,Not Placed
19,Male,8.28,CSE,2,1,1,2,78,67,71,76,73,1,Placed
21,Female,6.86,CSE,2,0,0,1,43,61,50,59,49,2,Placed
19,Male,6.88,EEE,2,0,1,2,60,76,53,56,62,1,Not Placed
20,Female,8.37,ECE,2,3,1,3,71,95,87,75,73,0,Placed
19,Male,7.58,CSE,3,1,2,3,77,83,82,71,69,0,Placed
22,Female,8.07,EEE,2,1,2,4,95,71,76,94,73,0,Placed
21,Male,7.42,IT,2,0,4,1,61,65,78,60,70,0,Not Placed
22,Female,6.86,ECE,1,0,1,3,63,58,47,52,57,0,Not Placed
18,Female,6.84,CIVIL,3,1,3,3,56,61,77,48,74,1,Placed
20,Male,7.72,CSE,1,4,3,1,71,77,75,69,56,1,Not Placed
26,Male,7.48,CSE,1,2,2,2,58,67,71,64,68,0,Placed
18,Male,8.88,ECE,2,2,1,2,70,66,81,85,71,0,Placed
20,Female,7.61,EEE,3,0,3,2,69,69,83,63,81,2,Not Placed
18,Female,6.68,IT,1,0,2,5,71,88,65,69,86,1,Placed
19,Female,7.13,IT,2,0,3,2,58,67,64,59,43,2,Not Placed
21,Male,8.03,ECE,1,2,1,1,73,68,59,65,91,0,Placed
19,Male,7.24,MECH,1,0,1,3,53,85,79,61,63,1,Placed
21,Female,6.57,EEE,2,0,3,1,58,64,56,66,60,2,Placed
24,Female,7.3,CSE,1,2,1,2,66,70,89,61,51,1,Placed
19,Male,7.08,CSE,3,2,2,2,69,71,71,61,71,3,Not Placed
18,Male,6.79,IT,1,2,0,2,47,84,67,69,49,1,Not Placed
23,Male,8.74,CSE,2,2,3,1,93,82,90,93,82,0,Placed
21,Female,6.89,CSE,1,1,4,1,60,65,78,66,69,2,Placed
24,Female,7.95,MECH,1,0,0,1,69,78,68,72,68,1,Not Placed
20,Female,5.64,MECH,2,0,2,1,48,70,58,40,64,2,Not Placed
21,Female,7.82,CSE,2,0,2,2,66,63,58,61,59,1,Placed
24,Female,7.45,MECH,1,2,1,3,76,65,64,81,68,1,Placed
19,Male,7.18,ECE,1,2,3,4,62,69,54,62,55,1,Placed
23,Male,8.21,EEE,2,2,3,4,84,59,75,82,79,0,Placed
21,Male,7.24,MECH,3,1,1,1,50,65,72,57,78,1,Not Placed
23,Female,8.7,IT,3,2,4,1,76,68,76,73,86,0,Not Placed
19,Female,7.24,ECE,1,0,2,7,62,57,77,69,82,1,Placed
20,Male,7.3,IT,1,0,1,2,68,58,78,58,77,1,Not Placed
19,Female,7.63,MECH,2,1,2,2,67,69,59,68,64,1,Not Placed
26,Male,7.72,CSE,2,2,3,3,67,63,76,73,82,0,Placed
18,Male,8.38,ECE,2,2,4,3,87,70,90,76,85,0,Placed
18,Female,5.55,CSE,1,1,2,0,60,54,52,44,53,0,Not Placed
24,Female,5.98,IT,2,2,0,1,54,54,57,46,44,1,Not Placed
20,Male,6.72,IT,2,0,1,2,67,70,64,56,79,1,Not Placed
21,Male,7.17,EEE,2,1,0,1,68,74,70,67,56,1,Placed
20,Female,8.34,CSE,2,2,1,1,75,72,86,72,51,0,Placed
22,Female,6.64,IT,1,1,4,3,76,79,71,92,65,0,Placed
19,Female,7.16,CSE,2,3,1,3,64,62,56,53,71,2,Not Placed
20,Male,9.23,IT,2,0,4,4,91,74,92,71,77,0,Placed
21,Male,7.13,CSE,2,2,3,2,73,78,81,65,65,0,Placed
20,Male,8.08,ECE,1,0,2,0,75,78,81,70,64,0,Placed
19,Male,8.64,IT,2,1,2,2,73,74,81,76,82,0,Placed
19,Female,7.03,CIVIL,1,1,4,3,74,59,73,72,56,0,Not Placed
22,Female,7.25,ECE,3,1,2,1,66,76,69,61,56,2,Not Placed
19,Female,8.63,CSE,2,0,3,3,78,68,94,83,86,0,Placed
20,Male,7.01,MECH,3,0,2,1,68,76,63,71,62,1,Placed
20,Male,7.15,CSE,3,0,0,2,60,62,58,78,76,1,Not Placed
20,Female,8.84,MECH,2,1,4,1,80,61,81,90,66,0,Placed
22,Male,5.78,IT,3,0,0,2,47,49,57,42,48,0,Not Placed
20,Male,5.95,CSE,1,1,1,1,40,67,51,45,59,2,Not Placed
24,Male,6.41,CIVIL,1,0,3,1,59,51,51,62,46,1,Not Placed
22,Male,6.84,IT,2,0,2,4,63,65,58,63,67,2,Not Placed
23,Male,7.28,MECH,2,2,1,2,57,75,77,69,65,0,Not Placed
22,Male,6.67,IT,3,1,1,0,54,63,61,53,55,2,Not Placed
19,Female,6.67,IT,2,2,1,3,69,94,56,64,68,1,Not Placed
26,Male,6.55,IT,1,0,0,1,67,70,67,50,58,0,Not Placed
23,Female,9.7,IT,1,3,5,2,87,89,88,95,77,0,Placed
21,Female,8.72,EEE,2,1,6,4,95,80,76,85,95,1,Placed
19,Male,6.63,CSE,2,0,2,2,68,62,77,63,77,2,Not Placed
19,Male,7.77,IT,2,0,3,1,70,68,59,73,64,1,Placed
21,Male,7.28,CSE,3,0,2,1,57,67,46,49,65,2,Not Placed
20,Male,5.0,ECE,2,0,1,3,47,42,47,40,50,0,Not Placed
22,Male,7.69,CSE,2,2,1,3,56,65,71,62,65,0,Not Placed
20,Female,7.03,IT,1,1,3,2,69,52,68,60,59,0,Placed
21,Male,6.82,ECE,2,0,1,3,70,60,71,71,70,1,Placed
19,Male,5.82,EEE,3,0,2,0,51,70,62,62,53,1,Not Placed
19,Female,6.53,CIVIL,2,1,6,1,68,67,68,70,72,5,Not Placed
18,Female,8.58,CSE,2,0,3,3,71,81,70,72,62,0,Placed
23,Female,8.66,IT,1,0,3,0,63,82,62,76,73,0,Placed
21,Male,7.42,IT,3,1,5,6,72,67,74,63,76,1,Placed
25,Female,5.58,ECE,2,0,2,2,51,58,55,60,59,0,Not Placed
22,Female,8.66,IT,3,1,2,1,74,86,85,80,78,1,Placed
22,Female,7.05,CSE,1,1,1,2,71,55,54,66,50,0,Not Placed
21,Female,8.69,ECE,2,1,1,1,78,76,82,62,72,0,Placed
23,Male,6.96,CSE,2,0,2,0,73,64,56,67,74,2,Placed
25,Female,6.62,CSE,2,1,0,1,63,54,69,61,45,2,Not Placed
22,Female,6.85,MECH,2,0,4,0,70,69,69,50,60,2,Placed
18,Female,8.14,MECH,2,3,2,1,77,72,67,70,80,0,Not Placed
22,Male,8.03,ECE,2,1,6,4,79,69,77,69,63,2,Placed
19,Female,8.32,CSE,2,0,3,1,68,71,78,69,68,0,Placed
18,Male,9.1,IT,1,1,3,3,85,92,89,81,83,0,Placed
22,Female,8.25,IT,2,3,2,3,73,59,77,73,69,0,Not Placed
23,Male,7.34,EEE,3,1,2,3,63,60,77,60,72,2,Placed
19,Female,8.12,MECH,2,1,3,3,78,67,81,76,95,0,Placed
18,Female,8.66,IT,3,4,3,2,89,92,91,78,83,0,Placed
24,Male,10.0,IT,3,2,2,3,83,87,82,84,90,0,Placed
19,Female,7.19,CSE,2,1,2,2,55,60,59,52,60,0,Placed
18,Female,6.58,EEE,3,1,2,2,56,50,75,60,58,3,Not Placed
22,Male,9.19,IT,2,4,2,1,91,95,78,73,78,1,Placed
23,Male,7.57,EEE,2,0,0,1,57,53,54,57,42,0,Not Placed
21,Male,6.93,EEE,1,1,2,2,52,50,50,55,68,0,Not Placed
21,Female,6.91,CSE,2,0,0,0,56,41,69,71,68,2,Not Placed
20,Male,7.83,MECH,1,3,2,2,64,66,71,76,84,0,Placed
19,Male,6.55,MECH,3,1,1,4,57,65,55,80,71,0,Placed
22,Male,7.3,ECE,3,0,1,1,66,62,68,63,62,1,Placed
23,Male,7.51,CSE,2,0,2,0,53,70,64,66,66,3,Not Placed
20,Male,7.48,CSE,2,1,1,4,54,67,72,54,48,2,Placed
19,Female,7.06,CSE,3,1,1,2,44,68,59,71,73,3,Not Placed
19,Male,9.73,IT,2,2,3,2,86,76,88,95,88,0,Placed
18,Female,7.27,CSE,1,2,1,5,59,80,81,71,66,2,Placed
20,Female,8.46,MECH,3,1,0,0,66,77,85,82,78,1,Placed
18,Female,6.74,IT,2,0,1,2,68,64,70,62,65,2,Not Placed
23,Male,7.6,IT,1,1,3,2,66,58,71,61,61,1,Placed
19,Female,6.48,CIVIL,1,0,2,2,57,67,71,61,63,1,Not Placed
22,Female,5.37,ECE,3,0,0,4,48,58,61,50,50,1,Not Placed
21,Male,6.92,IT,1,0,0,3,52,67,47,58,63,2,Placed
23,Male,6.06,CIVIL,3,1,1,0,41,54,59,53,51,0,Not Placed
26,Male,5.64,IT,3,1,1,0,51,61,54,60,42,0,Not Placed
20,Female,6.88,ECE,1,0,2,2,61,43,70,60,62,2,Placed
18,Male,9.58,IT,2,1,2,3,75,77,95,94,77,0,Placed
22,Female,7.41,ECE,2,1,0,2,63,82,62,73,59,1,Not Placed
18,Female,8.92,EEE,1,0,3,2,77,80,75,84,81,0,Not Placed
19,Female,8.63,ECE,2,0,5,2,83,65,70,77,76,0,Placed
18,Female,8.54,CSE,3,3,2,1,72,59,82,71,62,0,Placed
24,Female,5.69,CIVIL,2,1,2,3,56,57,61,56,49,1,Not Placed
18,Male,7.61,ECE,2,0,3,1,68,71,76,72,82,1,Placed
21,Male,8.53,MECH,3,2,1,0,70,79,75,89,76,1,Placed
20,Female,6.78,CSE,3,0,1,1,65,70,70,65,40,2,Not Placed
22,Male,8.72,ECE,3,2,4,2,83,79,87,70,72,1,Not Placed
20,Female,8.94,CIVIL,1,0,1,3,68,76,67,80,85,2,Not Placed
24,Male,6.71,EEE,1,0,4,1,45,71,66,65,65,1,Not Placed
22,Male,5.97,CSE,2,0,1,3,57,72,67,58,52,2,Not Placed
20,Female,6.25,EEE,1,1,0,1,40,66,57,52,71,3,Not Placed
20,Female,7.37,CSE,2,0,1,1,67,73,60,60,91,1,Placed
23,Female,8.56,IT,3,0,0,2,71,72,84,76,69,1,Not Placed
22,Male,6.27,CSE,3,0,3,0,50,67,64,57,49,0,Not Placed
20,Male,7.9,CSE,2,2,4,0,69,70,78,58,75,0,Placed
20,Female,8.71,CSE,3,1,4,0,72,71,87,81,62,2,Not Placed
18,Female,8.47,ECE,2,1,2,1,61,95,63,69,75,0,Placed
18,Male,9.11,EEE,2,3,1,3,77,75,83,83,84,0,Not Placed
18,Female,8.57,CSE,1,2,4,2,80,77,82,76,76,0,Placed
18,Male,7.52,ECE,1,0,1,1,64,55,62,71,65,0,Not Placed
19,Female,8.89,IT,3,2,3,1,80,95,86,80,68,0,Placed
23,Male,7.5,CIVIL,2,1,2,0,60,70,75,72,70,1,Placed
23,Other,8.36,MECH,3,1,2,1,71,89,71,88,62,0,Placed
23,Male,6.64,CIVIL,1,1,3,2,70,89,73,70,63,0,Placed
21,Female,6.99,MECH,1,0,0,2,63,72,49,59,56,1,Not Placed
21,Female,5.79,ECE,1,0,0,0,53,64,48,40,42,2,Not Placed
19,Male,7.27,CSE,2,1,1,2,61,82,77,68,73,0,Not Placed
22,Male,5.77,MECH,2,1,2,2,46,57,56,65,70,2,Not Placed
20,Female,8.68,EEE,2,0,2,7,75,74,68,72,91,0,Placed
21,Female,9.23,CSE,1,1,1,1,82,83,73,90,86,0,Placed
25,Female,6.63,CSE,1,1,1,3,62,62,62,58,50,1,Placed
24,Female,7.61,ECE,2,1,6,2,75,67,80,77,80,1,Placed
19,Male,6.32,CSE,1,0,2,2,63,63,53,70,63,2,Placed
22,Female,7.06,CIVIL,3,0,0,4,59,69,72,62,86,1,Placed
18,Male,8.89,CSE,1,0,4,0,83,78,77,80,72,1,Not Placed
18,Female,8.15,CSE,2,3,1,2,69,63,54,68,60,0,Placed
18,Female,8.77,CSE,3,2,4,2,95,78,84,79,82,0,Placed
19,Female,8.06,ECE,3,1,1,2,67,63,66,51,64,1,Not Placed
22,Male,8.22,EEE,2,0,3,2,64,66,75,66,69,1,Not Placed
20,Male,7.08,ECE,2,1,3,3,58,72,75,61,53,0,Placed
18,Female,7.54,CSE,2,2,3,2,87,68,81,87,93,0,Placed
27,Male,6.56,CIVIL,1,0,1,2,68,82,65,66,57,0,Placed
21,Female,7.62,IT,1,0,2,2,68,72,63,69,52,1,Placed
20,Male,7.27,CSE,2,1,0,3,81,72,72,67,67,2,Not Placed
21,Male,6.43,CSE,3,0,0,3,44,70,59,54,45,3,Not Placed
21,Male,7.67,IT,2,3,3,0,68,65,77,74,71,0,Not Placed
21,Female,7.54,ECE,2,2,2,5,76,77,82,66,73,0,Not Placed
21,Female,7.59,ECE,2,1,4,3,72,71,75,77,62,0,Not Placed
24,Male,9.39,CSE,2,3,3,1,90,85,86,71,73,0,Placed
20,Male,9.71,MECH,2,3,2,4,95,79,90,79,83,0,Placed
21,Male,8.1,IT,3,1,1,3,70,63,74,70,54,0,Not Placed
18,Female,8.18,CSE,1,1,1,2,58,61,71,76,60,0,Placed
23,Female,6.69,EEE,1,1,2,2,73,47,57,63,69,1,Not Placed
20,Female,7.19,ECE,1,2,4,2,68,80,65,68,58,3,Not Placed
19,Female,7.34,CIVIL,2,0,2,1,57,63,72,72,52,2,Placed
28,Male,8.83,IT,3,0,1,3,71,83,89,84,85,0,Placed
21,Female,8.03,CSE,1,1,2,5,72,73,82,66,68,2,Not Placed
19,Male,8.27,CIVIL,1,0,3,1,54,46,70,69,69,0,Placed
19,Female,8.68,IT,3,2,4,2,74,71,83,78,77,0,Placed
20,Male,6.69,ECE,2,0,0,2,40,60,46,47,51,2,Not Placed
27,Female,5.12,CSE,3,0,0,3,45,65,41,52,46,0,Not Placed
20,Female,8.44,IT,2,2,5,1,73,75,61,69,72,1,Placed
19,Male,7.71,CIVIL,3,1,0,0,60,61,66,60,77,0,Placed
21,Female,7.23,CIVIL,2,2,0,0,69,79,65,66,67,0,Placed
20,Female,6.71,CIVIL,1,0,0,2,58,73,52,42,45,1,Placed
18,Female,8.24,MECH,2,2,2,4,67,72,87,79,55,1,Placed
23,Male,10.0,ECE,2,1,3,2,95,81,82,95,78,0,Placed
18,Female,8.45,ECE,2,0,4,3,73,66,66,77,93,0,Placed
24,Female,6.7,CSE,2,1,3,1,69,71,66,63,71,0,Placed
23,Female,7.34,EEE,1,0,1,2,72,73,72,69,53,1,Placed
18,Male,7.52,EEE,2,0,1,4,58,61,75,68,61,0,Placed
22,Female,5.47,EEE,2,1,1,0,51,58,40,61,40,1,Not Placed
22,Female,7.84,IT,3,0,1,3,63,66,66,61,63,0,Placed
21,Female,8.02,CSE,1,2,2,0,72,73,71,67,66,0,Placed
21,Other,6.02,MECH,2,0,0,0,54,76,62,44,49,2,Not Placed
18,Male,7.41,CIVIL,2,1,1,0,56,53,56,60,63,3,Not Placed
18,Female,7.15,IT,1,1,0,1,53,65,52,50,63,2,Not Placed
22,Male,6.0,CSE,2,1,0,5,44,64,57,62,74,2,Not Placed
18,Male,7.29,MECH,2,0,1,1,80,70,72,83,69,0,Placed
19,Male,5.0,EEE,3,0,0,1,52,59,40,59,46,1,Not Placed
21,Male,8.97,ECE,1,1,4,1,77,78,66,63,53,0,Placed
19,Male,8.61,CIVIL,3,2,3,2,71,76,78,78,64,1,Placed
23,Male,6.27,ECE,1,0,2,3,52,64,58,68,69,1,Placed
23,Male,5.24,ECE,2,0,0,3,46,58,68,52,44,2,Not Placed
23,Female,6.46,EEE,2,0,4,1,60,56,53,59,51,1,Not Placed
18,Male,8.23,IT,1,2,2,3,67,78,84,76,82,0,Placed
20,Male,5.52,CSE,1,1,1,1,40,54,49,41,45,1,Placed
23,Male,7.69,CSE,2,2,5,1,64,59,65,50,54,2,Placed
20,Male,6.57,EEE,2,0,0,2,58,63,53,55,71,2,Placed
22,Male,7.9,CSE,2,3,4,3,75,65,83,74,73,1,Placed
21,Female,6.58,CIVIL,3,0,1,4,42,68,68,67,56,0,Not Placed
20,Female,7.89,IT,1,1,6,1,73,71,75,73,73,0,Placed
19,Male,7.78,ECE,3,0,4,0,72,81,73,70,78,0,Not Placed
22,Male,9.15,CSE,3,2,5,0,76,81,91,92,85,0,Placed
19,Male,7.6,IT,1,0,0,2,66,63,68,68,79,0,Not Placed
23,Female,7.07,IT,3,1,2,2,67,67,81,62,63,0,Placed
21,Female,5.78,EEE,3,0,0,0,40,61,68,50,51,4,Not Placed
18,Male,8.55,CSE,1,2,6,1,80,74,89,74,89,0,Not Placed
22,Male,7.6,IT,2,1,1,0,67,67,61,62,54,2,Not Placed
20,Female,7.42,MECH,3,0,2,1,70,80,76,56,56,1,Not Placed
19,Male,7.48,ECE,2,2,1,2,73,60,75,74,53,0,Not Placed
26,Male,6.29,EEE,3,0,1,2,50,58,50,56,47,4,Not Placed
22,Female,7.66,EEE,2,3,1,1,65,74,65,68,58,3,Placed
21,Female,8.91,ECE,1,0,3,2,69,68,80,76,66,0,Placed
23,Male,7.98,IT,2,1,1,4,55,77,78,67,71,1,Not Placed
21,Female,6.71,IT,2,0,0,1,53,42,45,55,45,2,Not Placed
20,Male,6.71,CSE,2,1,1,1,68,73,85,65,61,0,Placed
19,Male,7.76,CSE,2,3,3,5,72,59,68,83,63,0,Not Placed
19,Female,5.95,ECE,2,0,2,1,57,55,51,41,47,1,Not Placed
20,Female,6.78,MECH,3,0,0,1,64,57,57,55,64,0,Not Placed
20,Female,9.49,ECE,2,1,5,2,80,69,74,77,79,0,Placed
22,Female,6.84,IT,2,1,4,1,65,69,74,56,62,0,Not Placed
20,Female,7.85,MECH,3,0,4,2,85,72,71,78,80,1,Placed
21,Female,9.13,IT,2,4,5,1,95,84,92,87,95,0,Placed
23,Female,8.04,CSE,2,0,3,1,63,77,70,78,79,0,Placed
28,Male,8.96,CSE,2,4,6,3,76,64,78,55,59,0,Placed
20,Female,10.0,MECH,2,3,2,2,95,95,93,95,81,0,Placed
24,Male,6.51,ECE,3,2,0,1,58,60,67,77,74,1,Not Placed
23,Female,7.55,ECE,3,0,2,2,65,75,66,65,68,0,Not Placed
18,Male,8.64,EEE,2,2,0,2,80,93,69,80,68,1,Placed
20,Male,8.03,ECE,3,0,1,2,67,86,70,73,90,1,Placed
19,Female,6.22,IT,2,0,3,0,60,65,72,66,71,1,Not Placed
22,Female,6.5,ECE,2,0,1,0,61,70,58,61,48,2,Not Placed
21,Male,9.81,CSE,3,1,4,3,95,91,87,95,95,0,Placed
21,Male,8.29,CSE,2,1,2,2,75,64,75,71,66,1,Not Placed
22,Female,5.96,ECE,2,2,3,3,57,48,62,59,67,0,Not Placed
20,Other,7.94,CSE,3,1,3,1,74,81,74,73,79,1,Placed
20,Male,7.95,MECH,2,1,3,3,69,74,69,77,59,1,Placed
23,Male,8.02,CSE,2,1,0,2,66,67,75,63,72,1,Not Placed
26,Male,8.22,IT,2,2,0,4,74,79,70,78,77,1,Placed
22,Male,6.91,IT,2,0,0,1,46,62,56,53,55,3,Not Placed
19,Male,8.05,EEE,3,1,0,3,73,84,74,81,80,0,Placed
18,Female,9.7,CSE,2,1,6,1,91,59,90,91,89,0,Placed
19,Male,7.99,MECH,1,0,4,1,68,95,74,76,91,0,Not Placed
20,Male,7.4,IT,3,1,1,3,68,62,66,77,76,1,Not Placed
19,Male,6.43,CSE,1,0,3,0,70,60,66,55,60,1,Not Placed
24,Male,7.49,CSE,2,3,2,2,69,82,61,79,67,1,Placed
22,Male,6.65,CIVIL,3,1,3,5,75,60,68,76,64,2,Placed
20,Male,7.52,IT,3,0,4,1,56,77,63,73,76,1,Placed
19,Male,8.11,IT,2,2,3,0,81,91,80,78,87,2,Placed
20,Female,6.13,CSE,3,0,1,0,62,65,61,61,40,0,Not Placed
21,Male,7.8,ECE,2,4,1,4,86,87,70,78,74,1,Not Placed
22,Female,6.91,IT,1,0,1,1,49,75,69,68,75,2,Not Placed
18,Female,8.02,CSE,2,2,1,1,68,78,75,90,76,1,Placed
23,Male,6.86,EEE,2,0,1,1,58,51,57,54,53,2,Not Placed
19,Male,9.24,MECH,3,2,2,4,66,83,83,74,77,1,Placed
19,Female,8.05,IT,2,1,4,3,83,73,86,80,79,1,Placed
28,Male,7.61,CSE,1,0,2,3,66,82,81,70,81,0,Placed
19,Male,5.65,IT,1,0,0,0,50,57,45,49,58,2,Placed
18,Female,7.71,CIVIL,2,0,2,0,72,90,60,77,82,0,Placed
21,Female,8.65,ECE,3,0,0,5,68,65,66,74,73,0,Placed
20,Female,6.73,CSE,2,0,2,0,50,62,66,66,62,1,Placed
18,Male,6.98,ECE,1,0,3,3,53,70,78,63,74,0,Placed
18,Male,8.68,IT,1,1,4,1,75,86,74,74,60,0,Placed
18,Male,8.64,CSE,2,2,2,4,75,74,65,62,75,1,Not Placed
21,Male,6.84,CIVIL,2,1,2,1,73,64,76,75,79,0,Placed
19,Male,7.25,CSE,3,1,3,3,79,62,65,74,51,1,Not Placed
22,Male,8.0,IT,3,4,4,3,90,76,73,75,68,0,Placed
23,Male,8.56,ECE,2,1,6,2,80,70,80,82,80,1,Placed
19,Male,5.0,ECE,2,0,0,2,42,56,44,40,50,4,Not Placed
20,Male,7.22,CSE,1,0,0,2,72,63,69,44,61,0,Not Placed
19,Male,6.34,ECE,2,3,1,2,59,57,68,54,74,0,Not Placed
20,Female,5.21,EEE,2,0,2,2,53,58,55,40,62,2,Not Placed
19,Male,7.71,MECH,2,0,3,0,61,54,67,71,63,0,Not Placed
23,Female,8.93,CSE,2,1,2,0,72,90,81,76,73,0,Placed
20,Male,5.51,CSE,3,0,4,0,52,58,63,59,54,1,Not Placed
21,Male,7.16,CIVIL,2,2,5,5,71,87,79,73,69,1,Placed
22,Female,7.19,EEE,2,1,1,1,62,72,62,59,55,3,Not Placed
23,Female,6.28,IT,2,1,1,0,55,64,60,61,67,3,Not Placed
20,Male,8.82,EEE,2,2,3,1,92,89,85,88,88,0,Placed
19,Male,6.35,CSE,1,0,1,3,64,52,72,54,63,0,Not Placed
26,Female,8.33,CIVIL,3,3,2,5,70,71,80,73,63,0,Placed
20,Male,5.0,ECE,1,0,0,2,46,56,47,55,52,3,Not Placed
22,Male,9.02,MECH,1,2,3,2,83,79,93,88,54,0,Placed
22,Male,8.51,ECE,2,4,5,0,66,65,74,66,73,0,Placed
21,Male,7.64,MECH,2,0,0,3,58,70,65,59,56,0,Not Placed
19,Female,7.79,IT,2,3,4,2,71,81,71,63,63,0,Placed
19,Female,5.88,CSE,3,0,1,2,52,61,49,48,57,0,Not Placed
21,Male,8.45,IT,2,2,2,5,84,79,85,82,81,0,Placed
21,Male,6.56,MECH,1,2,2,2,79,63,71,69,60,1,Placed
22,Male,7.27,EEE,1,0,2,0,68,69,64,63,72,1,Not Placed
22,Female,7.02,IT,1,2,0,1,56,55,62,61,73,0,Placed
24,Female,6.77,CSE,3,1,3,0,59,60,70,54,61,0,Placed
26,Male,8.63,ECE,2,0,1,1,88,61,71,82,68,1,Not Placed
22,Female,7.2,ECE,2,1,0,2,85,71,83,49,70,0,Placed
18,Male,7.23,ECE,2,3,4,5,75,84,81,83,60,0,Placed
20,Female,7.23,EEE,3,2,6,1,79,65,72,78,58,1,Not Placed
21,Male,8.02,CSE,3,1,3,2,81,66,71,69,70,1,Placed
21,Male,7.07,ECE,2,0,1,3,67,65,54,68,60,0,Placed
19,Male,9.43,IT,2,1,4,0,92,85,95,94,84,0,Placed
21,Female,5.53,CSE,2,0,2,1,60,56,62,54,59,3,Not Placed
20,Male,8.14,IT,3,1,3,3,88,72,91,78,57,1,Not Placed
20,Male,8.49,MECH,3,3,3,0,73,65,77,85,72,0,Placed
23,Female,6.45,CSE,2,1,1,2,54,64,51,54,58,1,Not Placed
20,Female,10.0,CSE,2,1,1,4,91,95,94,86,73,0,Not Placed
21,Male,8.53,ECE,2,0,2,4,75,74,92,83,84,0,Placed
21,Male,8.11,IT,2,0,1,6,69,70,80,80,95,2,Placed
21,Female,8.07,MECH,2,0,2,3,56,69,73,68,70,0,Placed
19,Male,7.53,EEE,2,2,1,1,62,62,63,71,54,3,Not Placed
21,Male,6.63,ECE,3,0,4,2,60,72,61,62,78,1,Placed
20,Male,6.23,CSE,2,1,2,3,78,66,76,71,76,1,Not Placed
22,Male,8.1,CSE,2,2,2,3,89,95,76,92,74,0,Placed
19,Female,7.96,IT,2,0,1,3,69,73,62,87,52,1,Not Placed
28,Female,7.13,ECE,2,1,2,0,63,52,72,58,48,0,Not Placed
22,Male,7.41,CSE,1,1,3,3,73,79,73,83,75,0,Placed
20,Female,8.66,MECH,2,2,0,2,91,66,75,71,66,0,Not Placed
20,Female,8.4,CIVIL,1,1,3,4,78,71,60,74,64,0,Placed
20,Female,8.87,EEE,2,1,1,3,82,64,77,73,79,1,Not Placed
22,Male,7.73,IT,1,0,0,1,66,53,60,62,68,3,Not Placed
22,Male,7.34,EEE,2,0,1,2,65,77,68,67,68,0,Not Placed
22,Female,6.96,CSE,3,0,1,1,68,57,60,60,71,0,Not Placed
24,Female,6.26,CIVIL,1,0,1,1,42,52,55,57,54,5,Not Placed
20,Male,7.54,IT,2,2,2,3,75,62,59,84,73,0,Not Placed
22,Male,7.84,EEE,2,0,4,2,68,66,69,64,68,1,Not Placed
20,Male,6.44,CSE,2,0,1,4,55,69,72,70,53,1,Not Placed
21,Male,5.0,ECE,3,0,0,0,40,40,50,40,46,1,Not Placed
21,Male,6.65,CSE,2,1,0,2,50,55,70,56,60,2,Not Placed
22,Male,9.21,CSE,3,0,2,2,85,75,83,87,82,0,Placed
18,Male,6.66,IT,1,1,0,1,56,48,66,61,72,3,Placed
19,Female,8.31,CSE,2,3,1,3,78,79,79,71,69,1,Placed
20,Female,6.15,CSE,3,0,1,1,50,68,51,58,52,3,Not Placed
25,Male,9.29,MECH,1,1,3,5,76,78,85,76,73,0,Placed
21,Male,6.97,CSE,2,0,5,0,59,75,70,62,77,0,Placed
20,Male,8.12,ECE,2,1,2,0,81,82,79,79,72,0,Placed
20,Male,9.55,CSE,3,0,3,2,93,72,93,95,78,0,Placed
20,Female,8.27,EEE,2,0,1,1,81,50,77,91,71,0,Placed
23,Male,7.15,CIVIL,3,1,2,1,74,71,65,61,67,0,Placed
26,Female,7.63,IT,2,1,1,1,76,61,53,66,59,0,Not Placed
23,Male,6.7,CIVIL,2,1,0,2,60,60,65,77,59,0,Placed
23,Female,7.22,ECE,1,1,1,2,83,82,70,81,65,0,Not Placed
19,Female,7.6,ECE,2,1,2,3,66,80,73,62,59,0,Not Placed
19,Female,6.31,CSE,1,1,1,1,66,79,86,67,74,2,Placed
21,Female,9.6,CIVIL,2,2,3,2,79,79,87,71,76,0,Placed
22,Male,8.17,MECH,2,0,1,5,70,81,64,71,73,0,Placed
19,Male,10.0,CSE,2,2,0,4,95,79,95,95,92,0,Placed
22,Male,7.58,CSE,2,0,4,3,74,62,59,72,52,0,Placed
19,Female,9.94,IT,3,2,4,2,80,81,83,81,81,0,Placed
19,Female,8.49,CSE,1,1,2,2,82,71,74,68,65,1,Placed
20,Male,8.1,IT,3,0,2,1,93,84,81,85,78,2,Placed
23,Female,7.57,CIVIL,2,1,1,0,66,69,70,57,65,0,Placed
22,Male,6.28,MECH,3,0,0,3,68,54,71,65,66,2,Not Placed
21,Male,7.82,IT,2,2,2,4,62,70,68,86,70,0,Placed
23,Female,7.49,CSE,1,3,4,0,72,78,70,81,74,1,Placed
23,Male,7.61,ECE,3,2,1,1,79,73,71,65,71,1,Not Placed
20,Male,6.19,CIVIL,3,0,2,0,64,54,45,62,73,0,Placed
23,Female,6.05,EEE,3,0,0,2,56,67,59,42,51,2,Not Placed
19,Male,6.13,MECH,3,0,0,4,51,61,43,56,61,1,Not Placed
21,Male,5.62,EEE,1,0,3,0,51,44,54,46,62,1,Placed
18,Male,7.62,ECE,3,0,5,5,73,69,69,68,62,0,Placed
20,Male,9.15,CSE,3,1,2,2,87,80,82,63,85,0,Placed
21,Female,6.96,MECH,3,1,1,3,67,73,72,76,59,1,Not Placed
18,Female,5.9,ECE,2,0,2,1,40,65,52,40,61,4,Not Placed
21,Male,7.44,EEE,3,4,3,1,68,75,74,67,49,1,Not Placed
22,Female,7.54,EEE,2,1,2,2,57,84,79,70,69,0,Not Placed
21,Female,9.37,CSE,2,3,6,2,95,94,93,92,95,0,Placed
18,Female,5.83,CSE,3,0,1,3,59,55,46,48,47,0,Not Placed
18,Female,7.37,MECH,1,1,0,0,74,61,78,63,71,0,Not Placed
20,Male,9.29,IT,3,1,4,2,92,83,88,83,95,0,Placed
23,Female,7.5,CSE,2,3,4,2,77,84,72,72,53,0,Placed
23,Male,7.34,ECE,2,1,2,0,67,58,63,74,74,0,Placed
20,Male,7.65,CSE,2,2,2,2,66,79,51,77,59,0,Placed
22,Male,8.17,ECE,2,0,3,4,66,77,74,67,67,0,Placed
21,Male,8.7,ECE,1,0,4,7,73,72,79,70,63,1,Placed
27,Male,7.37,ECE,3,0,1,3,60,67,65,70,71,0,Not Placed
18,Female,8.48,CIVIL,2,2,5,1,72,70,81,88,80,0,Placed
21,Male,6.13,CSE,2,0,1,1,46,66,63,68,57,1,Not Placed
21,Male,7.79,CIVIL,1,0,1,3,59,68,72,70,70,0,Not Placed
20,Female,7.04,EEE,1,1,1,3,62,72,62,69,68,1,Placed
18,Male,6.6,MECH,1,0,3,2,65,60,54,58,71,0,Not Placed
18,Male,7.45,MECH,1,0,4,0,68,80,68,64,82,0,Not Placed
20,Female,6.81,CSE,3,1,2,5,66,66,63,60,71,0,Not Placed
22,Female,6.58,ECE,2,1,2,3,55,57,54,62,72,0,Placed
22,Female,6.49,CSE,3,0,5,3,62,56,61,63,56,3,Placed
19,Male,5.93,ECE,2,1,3,1,60,64,69,52,58,1,Not Placed
23,Male,8.18,CSE,1,1,6,3,73,57,77,61,63,0,Not Placed
20,Female,6.05,CSE,3,0,2,3,59,65,61,69,67,2,Not Placed
26,Female,7.8,MECH,3,1,3,3,75,62,79,74,88,0,Placed
18,Male,6.48,MECH,1,2,1,0,59,59,58,58,55,2,Placed
23,Female,6.52,ECE,2,3,2,1,53,68,66,48,58,0,Not Placed
24,Female,7.49,IT,2,0,1,0,64,45,60,54,59,3,Not Placed
23,Male,8.06,MECH,2,0,6,4,77,90,90,84,60,0,Placed
23,Male,7.8,CIVIL,2,1,2,1,72,69,68,61,74,0,Placed
20,Male,6.94,CSE,2,2,2,4,61,73,71,61,64,0,Not Placed
22,Female,8.03,CSE,2,3,1,2,62,69,88,72,78,0,Placed
21,Male,5.35,MECH,2,0,0,1,40,66,66,40,40,5,Not Placed
20,Female,7.45,CSE,2,2,2,2,72,77,77,73,71,0,Placed
28,Male,9.91,EEE,2,4,2,1,85,76,95,86,86,0,Placed
20,Female,7.28,ECE,1,1,3,1,69,75,69,66,51,1,Placed
20,Male,7.21,ECE,1,2,4,2,70,76,78,69,57,1,Placed
24,Female,7.84,CSE,2,1,1,2,66,66,73,70,64,1,Not Placed
20,Male,9.04,EEE,2,3,2,2,64,82,92,85,79,0,Placed
19,Female,5.66,ECE,2,0,1,0,48,53,58,56,56,1,Not Placed
20,Female,6.6,CIVIL,2,0,0,3,48,76,58,71,66,0,Placed
22,Male,7.6,IT,2,1,2,1,74,63,86,70,59,0,Not Placed
23,Female,7.45,MECH,2,0,4,1,58,70,44,77,71,0,Not Placed
18,Male,8.88,CSE,2,4,2,0,61,82,86,74,75,1,Placed
21,Female,7.49,CSE,2,0,4,2,70,69,66,74,70,0,Not Placed
21,Male,5.04,CIVIL,2,0,1,1,53,59,49,51,67,1,Not Placed
22,Female,5.57,CSE,2,0,1,3,50,65,55,58,44,0,Not Placed
22,Female,5.56,CSE,2,0,0,0,40,74,40,44,53,1,Not Placed
25,Female,7.82,CSE,3,0,1,0,61,75,68,72,62,2,Placed
20,Male,8.54,EEE,2,1,3,0,65,79,62,67,84,2,Placed
20,Male,6.38,EEE,3,0,1,1,68,51,69,50,75,0,Not Placed
21,Female,8.71,MECH,3,1,3,2,78,84,74,76,95,0,Placed
20,Male,8.07,CSE,2,0,5,1,83,71,88,78,62,0,Not Placed
21,Female,6.98,IT,3,2,1,2,57,67,58,68,54,1,Not Placed
18,Male,5.33,IT,2,0,0,0,40,60,61,55,40,2,Not Placed
19,Male,8.25,CIVIL,3,1,3,4,81,86,76,73,75,0,Placed
25,Female,7.67,ECE,3,0,3,0,74,95,68,69,92,0,Placed
18,Male,7.8,IT,2,1,0,1,70,64,79,78,63,0,Placed
21,Male,8.8,CSE,2,2,2,3,90,73,76,80,68,0,Placed
22,Male,7.02,IT,2,0,2,1,67,78,61,58,57,1,Not Placed
18,Female,9.65,EEE,2,1,1,3,90,84,87,85,77,0,Placed
19,Female,6.86,ECE,2,0,1,1,54,54,48,57,57,3,Placed
20,Other,8.1,ECE,2,3,4,3,76,63,83,70,83,0,Placed
21,Male,5.7,IT,2,1,0,0,46,64,53,45,59,2,Placed
20,Male,6.93,CSE,2,0,3,0,59,68,61,64,75,0,Not Placed
22,Male,8.34,EEE,3,2,5,3,85,84,85,86,73,0,Placed
19,Male,7.32,EEE,2,1,1,1,75,46,59,62,72,2,Placed
18,Male,7.72,CSE,2,1,3,4,75,65,69,69,75,0,Placed
18,Male,7.69,ECE,3,1,2,2,71,87,73,66,62,0,Placed
20,Male,6.88,MECH,3,0,2,2,67,75,70,70,70,0,Not Placed
20,Female,8.53,ECE,2,1,2,3,88,79,81,88,80,0,Placed
25,Male,6.95,ECE,2,0,1,3,53,69,64,57,72,4,Not Placed
18,Male,5.5,EEE,2,0,1,2,60,66,41,57,57,2,Not Placed
21,Male,6.73,IT,2,1,0,3,64,83,68,71,62,0,Placed
21,Male,6.78,CSE,1,0,2,3,67,58,77,78,75,1,Placed
22,Female,6.95,IT,3,3,3,4,65,80,73,66,63,2,Placed
21,Female,6.49,CSE,1,0,1,0,43,59,62,46,50,2,Not Placed
18,Female,6.92,EEE,2,0,2,2,66,66,58,60,52,0,Not Placed
21,Male,6.61,EEE,2,0,3,1,70,65,68,73,50,2,Not Placed
20,Male,7.66,CSE,2,0,1,3,67,69,74,70,58,1,Placed
22,Female,5.94,CIVIL,2,0,0,1,61,66,57,54,55,2,Not Placed
19,Female,6.64,CIVIL,3,2,2,0,67,65,64,71,49,4,Not Placed
22,Male,6.45,CSE,3,0,0,0,51,65,66,58,71,3,Not Placed
21,Male,9.15,IT,1,0,2,1,67,83,84,72,73,0,Placed
22,Female,8.35,CSE,3,0,2,3,78,78,78,74,87,0,Placed
19,Other,7.47,CIVIL,2,0,1,1,56,68,80,58,67,4,Placed
22,Male,7.38,ECE,2,0,2,2,57,69,66,59,66,3,Not Placed
22,Male,6.7,EEE,3,0,1,0,79,82,61,59,53,0,Not Placed
21,Female,6.47,CIVIL,3,0,1,2,65,57,65,55,53,0,Placed
20,Female,6.7,ECE,2,1,3,3,40,69,63,80,58,0,Not Placed
19,Male,6.65,MECH,2,1,2,2,50,67,66,65,59,1,Placed
20,Male,8.03,CSE,2,0,0,3,58,71,63,60,52,0,Placed
22,Female,6.19,CSE,2,0,1,1,47,70,51,55,66,0,Placed
20,Female,8.12,IT,2,1,4,0,75,63,62,63,68,2,Placed
22,Female,8.56,MECH,2,1,3,3,63,79,72,83,66,0,Not Placed
22,Male,6.14,CSE,3,0,1,1,52,74,41,49,47,2,Not Placed
22,Male,7.68,IT,2,0,2,3,67,74,77,69,68,0,Placed
22,Female,7.16,MECH,2,0,2,1,76,72,66,64,63,2,Placed
21,Male,6.82,CSE,2,1,3,6,65,73,83,72,66,0,Placed
21,Male,7.66,ECE,2,3,3,1,55,62,79,59,60,3,Not Placed
19,Male,6.41,CSE,3,0,0,1,53,50,58,57,55,2,Not Placed
23,Male,6.66,CSE,3,0,2,1,47,57,72,48,67,5,Not Placed
26,Female,7.56,IT,1,0,3,4,73,78,71,68,65,1,Placed
21,Male,8.91,MECH,3,1,1,0,72,95,85,87,73,0,Placed
25,Female,5.07,CSE,3,0,2,0,50,47,57,53,40,3,Not Placed
28,Female,8.55,IT,1,2,2,4,73,50,72,72,48,1,Not Placed
21,Male,8.08,EEE,2,2,3,0,82,74,77,66,79,0,Placed
22,Female,7.31,IT,2,0,0,1,51,93,65,78,72,2,Not Placed
22,Male,8.34,IT,2,1,2,2,80,91,90,81,62,2,Placed
19,Female,6.61,ECE,3,0,2,0,62,58,64,60,65,1,Not Placed
18,Male,7.77,MECH,3,2,2,0,71,64,73,71,68,3,Not Placed
20,Other,5.87,MECH,1,0,0,3,48,60,43,64,69,0,Not Placed
23,Male,5.45,CSE,1,0,2,0,42,60,53,50,47,0,Not Placed
20,Female,8.26,EEE,1,1,2,2,74,80,84,80,81,0,Placed
23,Male,6.33,ECE,3,0,2,3,57,75,61,61,48,2,Not Placed
22,Male,8.22,IT,1,1,5,0,56,73,58,62,59,0,Placed
22,Male,5.83,IT,2,0,1,2,51,76,55,51,49,1,Not Placed
20,Male,5.09,MECH,2,0,2,2,54,63,54,56,57,1,Not Placed
21,Male,6.94,EEE,1,0,2,1,60,79,58,65,67,0,Not Placed
19,Male,6.91,ECE,1,1,1,2,61,62,62,73,57,1,Not Placed
19,Female,7.65,CSE,3,0,0,2,92,72,74,70,84,0,Placed
18,Male,8.42,ECE,2,3,3,3,72,75,65,87,58,1,Placed
19,Male,8.28,IT,2,2,2,2,79,74,76,64,69,2,Placed
19,Female,7.56,IT,2,3,0,1,87,59,74,84,74,0,Placed
21,Female,8.08,CIVIL,1,0,0,2,94,67,93,89,87,0,Not Placed
20,Male,5.9,CIVIL,2,0,4,4,67,69,51,46,59,0,Not Placed
19,Male,7.43,CIVIL,2,2,0,1,71,95,71,63,74,0,Placed
23,Male,7.74,EEE,2,0,2,4,75,88,82,74,75,0,Placed
21,Female,8.45,ECE,1,1,1,1,88,87,80,72,78,0,Placed
24,Female,6.93,IT,2,0,1,2,49,64,63,61,59,1,Not Placed
21,Female,7.39,CIVIL,2,1,1,4,81,68,59,67,62,1,Placed
18,Female,8.75,IT,1,2,1,4,87,77,95,83,80,0,Placed
24,Female,7.44,CSE,3,2,4,0,61,75,70,53,63,1,Placed
23,Female,7.77,CSE,2,1,1,1,71,71,78,63,64,1,Placed
21,Female,7.17,MECH,3,2,1,1,70,61,70,65,61,2,Placed
21,Female,7.27,IT,3,1,3,1,59,81,59,83,57,4,Placed
20,Female,8.12,EEE,2,0,4,3,74,75,81,70,70,0,Not Placed
21,Female,7.72,ECE,2,1,2,1,60,62,65,65,66,1,Not Placed
22,Male,7.53,CSE,3,0,2,1,72,70,71,69,60,0,Placed
21,Male,7.83,MECH,2,2,2,1,61,63,62,80,67,1,Not Placed
19,Male,6.63,MECH,1,1,0,0,66,74,62,68,50,2,Not Placed
18,Male,8.55,CSE,1,1,6,2,72,81,76,80,60,0,Placed
19,Female,9.68,CSE,3,3,4,4,94,86,88,95,95,0,Placed
19,Female,5.8,ECE,1,0,2,0,40,52,52,46,46,2,Not Placed
20,Male,8.41,CSE,3,1,3,2,71,62,68,83,67,1,Placed
24,Male,6.57,IT,2,0,0,3,54,68,59,46,70,2,Not Placed
19,Male,7.35,CIVIL,2,0,3,2,69,77,80,79,74,1,Placed
20,Female,7.34,CSE,2,1,1,1,59,74,68,56,62,0,Not Placed
19,Female,8.88,IT,2,1,1,2,77,64,79,87,75,2,Not Placed
21,Male,7.42,CSE,2,1,0,2,82,73,80,77,84,0,Not Placed
21,Male,7.72,IT,2,0,3,0,73,77,71,63,57,1,Placed
21,Female,8.2,IT,2,1,2,3,74,84,79,82,72,0,Not Placed
25,Female,5.31,CSE,2,0,1,1,43,51,57,40,46,2,Not Placed
28,Female,8.76,EEE,2,4,2,0,82,72,91,83,95,0,Placed
23,Male,8.32,MECH,2,1,6,1,76,74,81,74,62,1,Not Placed
23,Male,8.5,ECE,2,0,2,1,74,87,81,77,80,0,Placed
20,Female,6.91,MECH,3,0,1,2,48,63,50,61,69,1,Placed
21,Male,7.39,CSE,1,1,1,0,60,61,63,64,64,2,Not Placed
20,Female,7.65,ECE,3,2,3,3,62,67,78,71,69,0,Placed
23,Female,7.3,MECH,2,1,3,0,62,63,70,79,81,2,Not Placed
19,Male,7.94,ECE,2,0,0,2,81,57,76,64,60,1,Not Placed
19,Male,8.76,CIVIL,2,1,3,3,71,79,83,76,72,1,Placed
18,Female,5.33,ECE,2,0,0,2,49,50,51,57,46,0,Not Placed
21,Female,8.49,CIVIL,1,3,4,2,78,90,80,69,71,1,Placed
22,Male,7.38,CSE,2,1,2,2,64,73,65,50,68,0,Not Placed
18,Female,7.11,CSE,2,0,1,1,69,76,77,68,69,1,Placed
21,Male,5.83,IT,2,1,0,3,48,60,54,63,67,3,Not Placed
20,Female,7.64,MECH,1,1,1,5,73,75,71,76,60,0,Not Placed
23,Female,5.96,CSE,3,1,0,4,41,59,61,45,52,3,Not Placed
18,Male,7.9,CSE,3,0,4,2,83,68,58,70,73,0,Placed
18,Female,6.73,CIVIL,2,0,1,1,60,59,45,50,45,1,Not Placed
21,Female,7.61,ECE,1,1,3,1,64,82,62,77,53,2,Placed
21,Female,6.83,IT,2,0,4,3,68,78,71,84,83,1,Placed
23,Male,8.65,CSE,3,1,3,2,75,65,77,84,84,0,Placed
21,Female,6.75,EEE,3,0,3,1,60,54,68,63,70,1,Not Placed
25,Female,7.18,CIVIL,3,1,3,5,66,56,62,65,59,2,Not Placed
20,Male,6.94,EEE,2,0,0,1,68,53,67,64,68,1,Placed
20,Male,9.07,CSE,2,1,4,6,75,82,77,78,82,0,Placed
26,Female,8.7,ECE,1,2,0,6,78,75,76,69,70,1,Not Placed
18,Female,6.29,IT,2,0,2,2,54,67,64,58,84,1,Not Placed
23,Male,7.06,MECH,3,1,2,3,72,72,70,63,70,1,Placed
18,Female,5.48,EEE,1,0,0,3,57,63,60,45,42,4,Not Placed
21,Male,8.93,MECH,1,0,0,4,69,77,70,77,77,1,Placed
19,Female,5.7,IT,3,0,1,0,49,65,56,60,45,2,Not Placed
21,Male,7.52,CSE,3,1,2,4,76,85,82,72,68,0,Placed
23,Male,8.74,EEE,1,0,2,5,66,76,68,76,83,0,Placed
18,Female,9.29,ECE,2,4,2,2,95,77,95,95,80,1,Placed
19,Female,5.7,CSE,1,0,1,1,67,74,65,68,52,0,Placed
20,Male,6.83,EEE,1,1,2,2,67,83,71,68,70,2,Not Placed
19,Female,9.19,CSE,2,3,2,2,89,82,88,86,70,0,Placed
20,Female,8.6,EEE,2,0,1,1,80,71,87,65,69,0,Placed
25,Female,6.46,EEE,2,1,1,1,63,62,60,66,70,2,Not Placed
18,Male,7.46,CSE,3,0,3,2,68,67,72,63,76,0,Placed
20,Male,7.53,EEE,1,0,4,1,60,88,72,61,58,1,Not Placed
20,Female,8.42,IT,1,3,3,3,86,62,66,79,73,0,Placed
20,Female,7.04,ECE,2,0,1,1,77,75,67,69,60,0,Not Placed
19,Male,7.14,CIVIL,2,1,1,2,78,85,66,75,72,2,Not Placed
22,Male,5.95,MECH,3,2,0,1,63,71,47,62,48,1,Not Placed
21,Male,8.01,IT,2,0,2,0,65,73,62,74,65,1,Placed
23,Male,8.75,EEE,2,1,3,0,55,69,63,59,68,0,Placed
20,Female,6.74,ECE,1,1,2,1,62,49,62,55,75,0,Placed
21,Male,6.6,MECH,1,0,2,0,44,61,41,59,57,4,Not Placed
24,Female,8.23,IT,1,3,0,2,80,76,76,74,79,1,Placed
23,Female,7.02,IT,1,3,1,1,66,69,67,75,78,1,Not Placed
24,Male,5.94,CSE,3,1,5,0,65,64,54,63,62,1,Not Placed
19,Female,7.91,CIVIL,2,0,5,2,75,73,75,60,65,2,Placed
27,Male,6.88,MECH,3,1,0,0,40,40,51,46,60,1,Not Placed
23,Male,6.29,CSE,3,1,2,2,50,70,74,52,56,1,Placed
23,Male,6.91,ECE,3,1,3,2,54,65,53,68,79,2,Not Placed
22,Male,7.71,IT,2,3,4,1,62,82,89,71,76,1,Not Placed
27,Male,7.31,CSE,1,2,0,2,66,57,64,47,64,4,Not Placed
20,Female,8.06,CSE,1,0,3,3,66,77,81,78,65,1,Not Placed
22,Male,6.24,MECH,1,1,3,0,65,83,56,68,58,0,Placed
22,Male,7.83,CSE,1,1,3,0,62,82,70,72,67,0,Placed
22,Female,6.68,ECE,1,3,0,2,60,59,79,57,67,1,Not Placed
22,Female,8.56,MECH,2,0,0,1,75,75,88,90,59,0,Placed
19,Male,6.48,CSE,2,1,3,2,62,71,69,59,73,1,Not Placed
20,Male,6.25,ECE,2,0,1,1,50,70,51,55,58,2,Not Placed
20,Male,5.93,CIVIL,2,0,3,3,54,57,52,53,55,1,Not Placed
22,Male,5.84,MECH,2,0,1,1,68,77,66,62,53,0,Not Placed
22,Male,6.87,CSE,1,0,2,1,59,54,51,62,44,0,Placed
23,Female,8.39,CSE,2,0,2,3,71,72,66,76,82,2,Not Placed
23,Male,6.82,EEE,3,0,2,3,62,79,66,53,58,0,Not Placed
21,Male,9.77,CSE,2,2,2,2,92,84,87,90,92,0,Placed
19,Female,6.16,ECE,3,0,1,1,51,48,59,44,56,2,Not Placed
21,Male,7.92,CSE,2,1,0,3,65,75,76,55,67,1,Placed
24,Male,7.35,MECH,3,0,1,1,65,62,50,41,53,2,Not Placed
22,Female,7.26,IT,2,2,5,4,64,52,59,66,68,2,Not Placed
24,Male,7.45,IT,3,1,2,0,70,78,67,69,57,0,Not Placed
28,Male,5.62,EEE,2,0,0,0,40,56,40,51,55,0,Not Placed
20,Male,7.5,CSE,3,1,3,0,63,59,65,73,82,0,Placed
22,Female,8.68,ECE,2,1,6,3,78,92,80,87,70,0,Placed
21,Female,7.7,CIVIL,2,0,0,1,64,69,61,58,67,0,Not Placed
20,Male,8.0,ECE,2,1,1,1,72,84,73,74,59,1,Not Placed
19,Male,7.49,CSE,2,3,1,0,74,80,61,69,79,0,Placed
19,Male,7.01,MECH,3,2,0,2,60,66,69,63,68,2,Placed
19,Male,7.36,CSE,3,2,0,2,62,66,68,63,63,0,Not Placed
21,Female,5.0,IT,2,0,2,1,53,54,57,56,40,1,Not Placed
19,Female,7.7,CSE,1,0,1,1,71,77,81,79,88,0,Placed
20,Male,8.73,EEE,2,2,2,2,68,71,58,70,70,1,Placed
21,Male,6.42,CSE,2,2,2,0,57,54,56,71,47,3,Placed
20,Female,8.16,CSE,2,0,1,0,65,71,65,84,59,0,Not Placed
23,Male,7.72,IT,1,0,1,3,60,74,69,65,63,0,Not Placed
20,Male,6.57,CSE,2,2,2,1,72,69,68,71,83,1,Placed
18,Female,8.18,EEE,2,0,2,2,71,61,68,74,82,0,Not Placed
28,Male,7.32,ECE,2,0,0,0,58,71,52,57,62,2,Not Placed
23,Male,8.67,ECE,1,1,3,1,78,73,78,75,73,0,Placed
22,Male,7.42,CSE,1,0,1,2,58,41,55,51,57,2,Not Placed
22,Female,6.59,MECH,3,1,1,1,53,77,57,69,51,2,Not Placed
19,Female,10.0,IT,2,1,3,1,90,69,86,94,74,0,Placed
22,Male,8.52,IT,2,2,1,5,83,71,80,79,80,0,Placed
19,Female,7.42,CSE,1,1,4,0,65,63,79,68,65,0,Not Placed
21,Male,6.97,CIVIL,3,1,1,2,51,52,73,57,48,2,Not Placed
19,Female,6.97,ECE,1,1,1,1,79,49,54,63,61,1,Placed
22,Male,7.52,CSE,2,0,2,3,75,70,74,65,64,1,Placed
19,Male,7.78,CSE,2,0,1,3,74,76,79,71,67,0,Placed
19,Female,6.51,IT,1,1,3,1,76,84,56,61,70,1,Not Placed
18,Male,7.07,CSE,3,3,4,0,78,74,64,69,79,2,Placed
22,Female,7.67,ECE,3,0,2,3,62,67,54,69,62,1,Placed
20,Male,6.7,IT,2,0,2,1,59,63,59,62,60,0,Placed
21,Male,7.21,IT,2,0,2,2,57,78,64,53,76,3,Placed
20,Male,8.46,EEE,2,2,0,5,73,71,86,77,82,0,Placed
22,Male,6.47,ECE,2,1,0,1,55,57,57,43,59,4,Not Placed
19,Male,7.81,CSE,2,0,0,0,58,88,66,62,71,0,Placed
25,Male,6.05,IT,3,3,3,2,73,65,71,67,68,0,Not Placed
20,Male,7.35,MECH,2,4,3,2,67,77,78,70,76,1,Not Placed
18,Female,7.11,MECH,2,0,0,4,62,50,72,59,40,4,Not Placed
19,Female,8.93,EEE,1,3,4,3,88,69,83,82,67,1,Placed
18,Male,6.9,MECH,2,1,2,2,71,89,70,72,68,0,Placed
21,Male,5.69,CSE,2,2,3,1,52,65,69,63,65,3,Not Placed
19,Male,8.1,CSE,3,1,3,4,71,52,72,77,72,0,Placed
24,Male,7.31,CSE,2,1,2,1,65,61,67,61,60,4,Not Placed
21,Male,6.77,CSE,2,0,2,1,56,71,53,70,66,3,Not Placed
19,Male,7.45,MECH,2,1,3,3,66,60,72,63,71,1,Not Placed
20,Female,7.32,CSE,2,0,4,3,61,59,65,60,74,2,Not Placed
19,Female,8.14,IT,2,1,5,3,76,72,70,62,80,1,Placed
19,Male,7.24,CSE,3,2,3,1,61,64,64,79,72,1,Placed
20,Male,6.83,MECH,2,0,2,2,57,62,66,55,44,2,Placed
18,Male,6.35,MECH,1,0,1,2,57,72,66,60,70,1,Not Placed
19,Male,7.7,EEE,3,0,0,0,68,81,58,50,57,2,Not Placed
25,Male,9.11,IT,2,1,1,2,82,79,81,83,75,1,Not Placed
22,Male,7.59,CIVIL,2,0,5,0,80,73,83,68,55,0,Placed
24,Male,9.24,MECH,3,1,4,3,83,76,72,85,72,0,Placed
19,Male,9.38,ECE,2,0,1,0,95,83,94,86,84,0,Placed
23,Female,6.88,ECE,3,0,0,0,52,66,61,61,64,1,Not Placed
20,Male,7.13,IT,3,2,2,1,68,69,65,65,76,0,Placed
19,Female,6.88,EEE,1,0,1,0,62,65,53,71,54,2,Not Placed
23,Male,7.4,CIVIL,2,1,2,4,61,69,80,60,78,0,Not Placed
18,Male,6.46,IT,2,1,1,2,68,73,64,67,57,1,Not Placed
20,Male,6.58,CSE,2,1,3,3,56,71,65,55,40,2,Not Placed
23,Male,7.16,CSE,3,0,2,2,57,77,60,56,73,1,Placed
21,Male,6.87,CIVIL,3,0,0,1,74,57,69,64,59,0,Placed
21,Male,6.07,ECE,2,0,1,3,41,58,65,64,60,1,Not Placed
20,Male,8.59,CIVIL,1,0,2,3,84,78,86,72,87,1,Placed
18,Male,6.59,ECE,1,0,3,1,61,57,68,48,68,0,Placed
28,Male,9.24,CSE,1,1,3,2,95,81,80,95,95,0,Not Placed
19,Female,6.93,ECE,2,3,2,2,51,76,70,62,59,4,Not Placed
19,Female,8.44,CSE,2,0,2,3,63,78,62,64,75,2,Not Placed
19,Female,7.37,IT,1,1,2,6,61,63,51,43,54,1,Not Placed
24,Female,8.72,IT,2,2,3,3,87,82,94,89,85,0,Placed
22,Male,8.05,ECE,2,2,2,3,75,86,80,86,76,0,Placed
20,Female,7.54,IT,3,3,1,2,74,81,62,55,63,1,Placed
25,Male,7.19,IT,3,0,1,1,51,54,59,53,66,0,Placed
18,Male,8.11,MECH,1,1,2,3,67,72,77,72,68,0,Placed
24,Female,7.22,CSE,2,0,2,1,76,65,67,58,53,3,Not Placed
18,Male,9.32,CIVIL,3,1,4,7,79,77,75,81,73,0,Placed
20,Male,7.57,ECE,2,2,4,2,56,67,69,74,75,1,Placed
18,Male,7.11,ECE,3,0,3,1,64,56,89,71,76,0,Placed
28,Male,5.0,CSE,1,1,1,0,40,57,40,54,42,1,Not Placed
24,Male,6.35,CSE,2,1,3,1,52,57,70,57,40,2,Placed
21,Female,7.78,EEE,2,1,2,1,72,75,72,66,67,0,Placed
19,Male,8.31,MECH,2,2,3,4,71,80,74,78,61,0,Placed
19,Male,8.82,ECE,3,4,4,1,91,82,77,76,64,0,Not Placed
20,Male,6.14,CSE,3,1,2,1,50,58,54,59,62,1,Not Placed
20,Female,8.38,EEE,2,1,4,1,74,73,68,77,69,0,Placed
18,Female,8.54,MECH,2,4,0,2,71,67,76,67,69,0,Not Placed
22,Female,5.67,ECE,2,0,0,2,48,51,54,43,55,1,Not Placed
21,Male,7.59,CSE,3,1,3,7,67,74,67,63,55,0,Placed
24,Male,6.99,IT,1,0,2,1,65,67,80,75,59,1,Placed
21,Male,6.07,CIVIL,2,0,1,2,69,63,65,75,76,0,Placed
20,Female,6.15,CSE,2,0,1,1,45,71,52,43,40,1,Not Placed
21,Male,7.72,CSE,2,0,4,0,61,72,56,62,59,2,Not Placed
19,Female,7.24,EEE,3,0,1,2,73,69,83,55,59,1,Not Placed
21,Male,7.17,ECE,3,0,2,0,76,71,65,63,44,0,Not Placed
22,Female,6.32,CSE,3,0,4,2,73,70,68,70,73,1,Placed
19,Male,7.68,ECE,2,1,3,3,74,75,58,56,82,0,Placed
20,Male,7.71,CIVIL,3,0,3,3,64,80,60,63,65,1,Placed
23,Male,8.04,MECH,1,1,3,3,75,86,62,67,74,0,Placed
21,Female,7.22,CSE,1,0,2,3,62,65,62,64,66,1,Placed
21,Female,6.9,MECH,2,0,1,3,69,70,69,56,80,2,Not Placed
22,Male,7.03,ECE,2,0,1,2,81,75,74,70,67,2,Placed
21,Female,5.9,CSE,3,0,1,1,54,80,58,52,48,1,Not Placed
18,Male,7.66,CSE,3,1,6,5,83,82,76,67,60,0,Not Placed
23,Male,7.29,CIVIL,2,0,0,3,62,77,69,69,61,0,Not Placed
24,Male,8.39,CSE,1,3,3,1,66,67,73,58,81,3,Not Placed
18,Male,8.34,CSE,2,1,3,3,84,68,80,65,70,1,Placed
19,Female,5.0,ECE,2,0,0,2,51,65,40,58,57,2,Not Placed
22,Male,5.46,EEE,2,0,1,0,40,68,51,44,40,1,Not Placed
21,Male,7.25,CSE,3,0,1,3,82,76,79,77,62,1,Placed
20,Male,7.42,EEE,1,3,3,3,66,60,73,68,63,0,Placed
21,Female,6.94,EEE,3,0,1,2,63,76,59,73,82,0,Not Placed
22,Female,7.3,MECH,2,1,1,0,58,73,64,75,60,0,Not Placed
21,Female,7.95,EEE,2,1,1,2,76,65,84,64,85,1,Placed
19,Male,8.1,CSE,1,0,1,3,75,86,78,76,75,0,Placed
18,Male,8.01,MECH,1,1,2,1,80,75,72,69,69,0,Not Placed
20,Male,7.23,ECE,2,1,4,0,70,81,68,63,57,1,Not Placed
24,Female,5.54,IT,3,0,0,1,44,40,47,49,48,2,Not Placed
21,Male,8.08,CSE,2,2,2,2,72,70,76,68,57,0,Not Placed
20,Female,8.59,ECE,3,1,3,1,95,82,79,73,75,0,Placed
24,Female,8.25,CSE,2,0,1,2,76,94,71,72,68,0,Placed
20,Female,6.82,ECE,2,2,3,2,69,75,55,52,61,3,Placed
21,Female,8.67,CSE,1,1,1,0,80,65,72,73,65,1,Placed
18,Male,8.0,EEE,3,4,6,1,83,67,83,81,82,0,Not Placed
22,Male,9.02,CSE,2,1,5,1,77,85,78,76,83,0,Not Placed
22,Male,7.93,ECE,3,1,0,2,57,59,78,62,61,2,Not Placed
23,Male,7.28,ECE,2,1,0,1,70,54,70,66,52,0,Not Placed
20,Female,8.17,IT,2,0,3,5,66,74,79,72,73,2,Placed
20,Male,6.92,MECH,2,1,2,2,66,75,66,82,86,3,Not Placed
19,Female,6.14,ECE,2,2,3,1,56,59,72,61,59,1,Not Placed
26,Female,7.82,EEE,2,0,5,2,67,73,70,66,83,0,Placed
18,Male,8.29,IT,1,2,3,3,64,74,78,75,77,0,Placed
22,Male,7.9,EEE,1,3,4,1,76,71,65,71,61,0,Placed
22,Male,7.86,MECH,2,1,1,3,71,70,70,72,70,0,Placed
19,Male,7.67,IT,2,0,1,1,81,58,64,71,61,2,Not Placed
20,Female,8.33,CIVIL,1,0,2,2,87,84,83,83,94,0,Placed
18,Female,6.93,CSE,2,0,2,3,61,55,54,53,60,0,Not Placed
21,Female,6.98,MECH,2,1,4,2,61,63,64,67,60,0,Placed
28,Male,7.57,ECE,2,1,1,1,65,69,81,80,41,2,Placed
20,Female,8.11,CSE,1,1,6,1,87,66,80,85,79,1,Placed
28,Female,5.68,ECE,3,0,0,2,57,61,55,40,51,2,Not Placed
19,Other,5.71,CSE,1,1,0,3,56,54,61,52,53,3,Not Placed
20,Female,5.83,MECH,2,0,1,4,52,49,55,51,44,1,Not Placed
24,Female,7.78,MECH,1,2,1,1,72,67,69,61,79,3,Placed
24,Male,6.43,ECE,2,0,1,1,56,83,58,57,63,0,Not Placed
20,Female,7.15,CSE,2,3,0,2,63,70,71,76,60,0,Placed
22,Male,7.74,CIVIL,1,4,4,4,70,89,79,85,69,0,Placed
24,Male,7.17,MECH,1,0,5,1,64,58,75,59,64,3,Not Placed
22,Male,7.74,EEE,1,0,3,2,71,78,64,59,68,0,Not Placed
21,Male,7.05,IT,1,1,2,1,46,62,63,60,48,0,Not Placed
19,Male,8.54,IT,2,3,2,1,69,76,68,77,93,0,Placed
18,Male,8.25,IT,1,1,2,3,83,64,76,82,63,0,Placed
21,Female,6.11,MECH,2,0,1,2,55,68,52,72,46,2,Not Placed
21,Female,7.37,IT,3,0,1,4,73,74,65,69,76,0,Placed
19,Female,7.96,CSE,2,3,0,2,73,81,89,76,75,0,Placed
20,Female,7.92,CSE,1,2,3,1,80,74,81,71,77,2,Placed
20,Male,5.0,IT,2,0,1,1,54,56,50,73,53,1,Not Placed
21,Female,8.19,ECE,1,1,3,5,76,56,83,62,95,0,Placed
20,Female,6.88,MECH,1,0,1,2,65,46,60,63,55,0,Placed
20,Male,8.72,CIVIL,2,0,2,2,77,72,86,76,80,0,Placed
18,Female,7.84,CSE,2,2,3,3,85,80,84,71,78,0,Placed
23,Female,8.74,CSE,1,4,1,4,69,63,70,76,95,1,Placed
21,Male,8.22,IT,2,0,3,0,78,59,64,76,58,0,Placed
19,Female,7.05,MECH,2,0,1,3,57,77,59,69,58,0,Not Placed
20,Male,7.98,MECH,2,1,2,4,80,66,87,73,89,0,Placed
20,Female,6.18,CSE,1,1,3,3,63,63,65,69,58,0,Placed
21,Female,7.95,CSE,3,1,2,1,68,74,75,64,62,1,Placed
21,Male,7.6,MECH,2,0,5,2,81,68,74,79,87,0,Placed
22,Female,7.33,ECE,2,0,0,0,53,62,62,56,68,1,Not Placed
22,Male,7.46,IT,2,2,3,1,61,66,59,59,59,2,Placed
18,Male,6.39,CSE,2,2,2,2,65,64,52,53,52,1,Not Placed
20,Female,6.01,CSE,2,0,2,1,58,73,58,54,40,1,Not Placed
18,Female,6.48,CSE,2,0,1,2,49,43,43,52,59,2,Not Placed
20,Male,8.16,ECE,3,0,2,3,86,55,75,76,63,0,Placed
20,Female,9.17,EEE,3,1,6,2,84,84,83,80,69,0,Placed
22,Male,8.32,IT,2,1,2,2,87,90,76,70,68,0,Placed
19,Male,6.13,ECE,2,0,0,2,54,56,42,49,42,2,Not Placed
21,Female,8.05,CSE,1,2,2,3,86,73,70,74,66,1,Placed
20,Male,8.12,CSE,2,1,3,5,88,75,91,81,81,0,Placed
20,Male,7.76,CSE,3,0,1,3,66,73,75,60,59,0,Placed
22,Female,8.47,CSE,2,1,2,4,58,67,62,70,75,2,Placed
18,Female,6.2,CIVIL,2,1,1,1,48,52,57,59,52,1,Not Placed
20,Female,8.17,CSE,2,1,2,2,83,71,75,80,95,1,Placed
20,Female,7.43,CSE,2,1,2,1,70,52,66,49,52,2,Placed
22,Female,7.16,EEE,2,1,2,6,67,73,70,68,70,0,Not Placed
19,Female,5.57,IT,2,1,2,0,54,40,49,55,41,1,Not Placed
25,Male,7.78,CSE,2,0,0,0,63,79,74,63,59,0,Not Placed
28,Male,8.57,CSE,2,0,2,5,83,80,75,89,81,1,Placed
23,Male,6.65,CSE,2,1,3,3,53,69,83,63,68,3,Not Placed
20,Male,5.97,CSE,2,0,1,1,56,54,54,55,40,1,Not Placed
22,Male,5.56,EEE,2,0,0,2,53,63,59,58,50,3,Not Placed
18,Female,7.21,IT,3,2,2,6,63,68,72,71,72,1,Placed
24,Female,7.4,CSE,2,1,1,1,63,74,68,70,83,0,Placed
21,Female,6.13,EEE,2,0,0,2,61,60,66,50,49,2,Not Placed
19,Male,6.96,CSE,3,0,3,2,81,76,75,79,75,0,Placed
20,Male,7.29,IT,3,0,3,1,60,63,59,58,71,0,Not Placed
23,Male,7.32,CSE,2,0,1,0,50,50,59,61,51,1,Placed
24,Male,7.02,CSE,3,1,0,1,61,62,66,69,65,0,Not Placed
21,Male,8.96,ECE,3,2,1,2,74,80,84,84,72,0,Placed
21,Female,7.79,CSE,1,1,6,2,64,71,79,71,66,0,Not Placed
22,Male,7.67,CSE,2,1,2,2,74,61,60,55,67,2,Placed
23,Female,7.68,IT,2,2,3,5,65,72,77,70,68,0,Placed
22,Male,6.33,MECH,2,0,1,3,57,56,56,67,71,2,Not Placed
20,Male,7.41,IT,3,2,0,1,69,70,82,64,69,0,Not Placed
22,Female,7.87,CSE,2,3,3,2,62,83,78,72,75,1,Placed
23,Female,6.67,IT,3,2,1,6,63,82,70,61,73,1,Not Placed
19,Male,7.16,IT,3,1,2,1,78,69,64,75,64,1,Placed
20,Female,7.03,CSE,2,1,2,1,62,65,65,63,49,1,Not Placed
18,Male,8.18,IT,2,0,2,1,68,53,73,75,82,0,Not Placed
20,Female,8.05,ECE,2,2,3,5,80,73,82,64,65,0,Placed
22,Male,5.34,CIVIL,2,0,0,1,40,41,40,40,40,2,Not Placed
19,Male,8.47,MECH,1,1,3,0,85,79,78,73,66,1,Placed
21,Female,5.0,CSE,2,0,0,0,40,40,40,40,43,3,Not Placed
18,Female,6.77,EEE,1,0,2,3,64,60,63,61,74,1,Placed
24,Female,8.29,IT,2,2,4,2,76,62,83,67,80,0,Placed
23,Male,7.38,MECH,3,0,3,2,62,63,71,81,52,0,Placed
21,Female,7.31,ECE,1,0,4,2,51,78,57,44,69,2,Not Placed
22,Male,6.89,ECE,2,0,1,0,53,51,67,62,56,0,Not Placed
18,Male,8.7,IT,1,1,5,2,93,65,80,85,80,0,Placed
23,Male,6.16,EEE,2,0,1,1,50,53,43,47,55,3,Not Placed
22,Male,7.34,ECE,1,2,0,5,75,68,78,71,82,0,Placed
18,Male,7.61,ECE,2,2,3,1,71,78,68,63,82,2,Not Placed
27,Female,6.88,ECE,3,0,3,1,66,51,55,70,64,2,Placed
18,Male,7.02,CSE,2,0,1,2,57,51,48,63,59,2,Placed
21,Female,6.56,IT,1,1,0,2,63,65,58,57,64,1,Not Placed
19,Male,7.81,CSE,1,2,4,2,78,85,65,74,78,0,Placed
22,Female,7.94,CSE,3,0,1,0,62,74,81,64,77,0,Placed
18,Male,5.54,IT,2,0,0,3,42,50,57,62,58,0,Not Placed
18,Male,7.64,IT,3,0,3,1,59,69,65,61,63,1,Placed
21,Female,7.47,CSE,2,0,2,1,55,67,54,58,59,0,Not Placed
28,Female,9.63,CSE,2,1,4,1,75,88,75,78,81,0,Not Placed
19,Other,5.86,IT,2,0,2,1,53,63,58,51,72,2,Not Placed
21,Male,8.61,CIVIL,3,1,5,2,90,61,79,75,74,0,Placed
21,Female,7.1,IT,3,2,1,1,62,67,59,55,74,0,Placed
23,Female,5.94,EEE,1,0,2,0,64,55,44,59,40,0,Not Placed
20,Female,6.39,IT,2,1,6,2,69,61,61,59,57,1,Not Placed
21,Male,6.52,CSE,2,1,2,3,59,40,52,54,57,0,Not Placed
25,Male,6.79,CSE,3,1,1,1,55,54,62,64,44,2,Placed
20,Male,7.23,IT,2,0,1,3,75,57,63,76,62,0,Placed
20,Female,6.92,MECH,2,0,0,2,50,65,66,40,69,0,Not Placed
24,Male,6.22,IT,2,0,0,2,40,52,67,46,41,2,Not Placed
20,Male,7.3,IT,2,1,1,0,52,69,58,58,79,1,Placed
20,Female,6.49,EEE,3,0,1,2,50,64,41,55,59,0,Placed
20,Female,6.14,EEE,2,0,1,3,54,58,53,59,56,3,Not Placed
23,Female,6.4,ECE,1,0,1,1,40,63,62,69,67,2,Not Placed
25,Female,6.81,IT,2,2,0,1,70,68,49,48,64,2,Not Placed
21,Male,9.41,CIVIL,1,4,4,3,95,95,86,82,95,0,Placed
21,Female,8.27,IT,2,2,1,0,65,85,60,56,59,0,Placed
20,Male,7.22,CSE,2,1,4,2,89,76,69,66,78,1,Not Placed
18,Male,5.63,MECH,3,0,0,1,51,50,51,44,61,0,Not Placed
19,Male,6.87,CIVIL,2,0,2,3,68,86,66,66,72,1,Placed
19,Male,7.43,CIVIL,1,1,4,2,74,82,72,72,69,0,Placed
18,Female,6.06,ECE,3,0,1,0,57,72,55,55,55,1,Placed
22,Female,8.08,MECH,3,0,1,2,70,88,66,66,84,0,Not Placed
19,Male,6.29,CSE,2,0,1,0,57,57,68,62,41,0,Not Placed
18,Male,7.97,MECH,2,1,4,1,55,56,63,66,76,2,Placed
20,Male,6.46,EEE,2,1,4,3,49,65,53,60,56,1,Not Placed
19,Male,8.06,IT,2,1,1,3,63,75,84,83,68,0,Not Placed
19,Female,7.56,CSE,1,0,0,3,65,65,73,74,65,2,Not Placed
19,Female,7.0,EEE,2,0,1,0,65,61,78,67,63,1,Not Placed
19,Male,7.42,IT,1,0,1,4,59,87,70,51,70,0,Not Placed
21,Male,7.13,CIVIL,3,0,3,3,65,74,68,58,67,1,Not Placed
22,Female,8.14,MECH,3,0,1,2,77,70,78,61,73,1,Not Placed
23,Female,7.76,EEE,1,1,1,3,63,95,78,80,65,0,Placed
22,Female,7.08,IT,2,1,4,0,63,54,61,77,61,1,Not Placed
21,Male,7.44,EEE,1,0,0,2,64,58,75,63,66,3,Not Placed
24,Male,8.03,EEE,1,2,5,0,75,84,81,80,54,1,Placed
21,Male,7.3,IT,1,0,4,1,57,75,66,72,86,0,Placed
21,Female,7.31,CSE,2,0,4,2,67,55,54,67,71,3,Not Placed
20,Male,8.02,EEE,3,3,4,3,68,75,70,73,61,0,Placed
20,Female,9.99,CSE,2,4,2,1,85,76,91,95,79,0,Placed
20,Male,5.92,CSE,3,0,2,0,42,50,68,55,53,1,Not Placed
19,Female,8.22,CSE,2,4,4,1,81,85,71,68,94,0,Placed
23,Male,5.05,IT,1,0,0,3,50,50,43,50,40,1,Not Placed
18,Female,8.44,ECE,2,1,2,4,78,75,66,68,59,0,Placed
22,Male,8.94,CSE,2,2,2,3,88,67,86,86,80,0,Not Placed
23,Female,7.79,ECE,2,0,1,1,81,51,75,87,74,1,Placed
21,Male,7.68,MECH,2,2,1,1,69,46,73,71,69,0,Placed
18,Female,7.05,ECE,1,3,3,2,53,72,66,73,68,3,Placed
20,Female,7.16,ECE,2,0,1,4,75,63,69,54,69,1,Not Placed
20,Male,7.87,CSE,2,1,3,0,63,62,68,71,63,0,Not Placed
27,Male,7.11,IT,3,0,0,1,63,59,63,59,69,2,Not Placed
22,Male,7.63,ECE,2,0,1,1,59,61,70,68,53,0,Not Placed
22,Male,7.34,MECH,1,0,2,2,73,71,68,79,77,0,Placed
21,Female,6.44,MECH,3,0,2,1,51,75,56,70,41,1,Placed
22,Male,6.72,IT,1,0,1,1,67,51,54,57,76,1,Not Placed
22,Male,6.68,CSE,1,0,2,0,55,54,49,63,50,0,Not Placed
18,Male,8.1,EEE,2,2,4,3,77,83,76,73,77,0,Placed
19,Male,7.6,CIVIL,2,1,2,3,67,63,78,71,60,0,Placed
18,Male,8.04,CIVIL,2,1,0,3,70,66,73,74,68,0,Placed
21,Female,7.88,CIVIL,2,1,4,1,82,77,87,68,64,0,Placed
24,Male,7.25,CSE,3,0,4,4,72,65,79,49,61,2,Placed
21,Female,7.93,MECH,2,2,1,1,74,58,85,77,61,2,Not Placed
21,Female,7.19,CSE,2,0,2,2,66,63,83,67,70,1,Not Placed
24,Male,6.94,CSE,3,3,1,2,67,69,65,79,83,0,Placed
19,Female,7.8,ECE,2,2,1,3,61,64,63,62,65,1,Placed
18,Female,10.0,CSE,2,1,5,3,79,85,82,76,81,0,Placed
24,Female,8.24,IT,3,1,2,2,59,73,56,62,71,1,Placed
24,Male,7.13,CSE,3,0,2,2,59,83,55,68,55,2,Not Placed
22,Female,8.21,CSE,2,1,5,2,68,78,80,66,55,1,Placed
19,Male,7.65,CSE,2,1,5,2,70,85,72,74,58,0,Not Placed
26,Male,6.06,ECE,2,1,1,1,56,57,56,51,64,1,Not Placed
22,Male,8.95,IT,1,2,5,4,79,70,74,83,80,0,Placed
22,Male,8.1,ECE,2,3,1,2,64,74,74,53,80,1,Placed
19,Female,6.89,ECE,2,0,1,2,63,56,43,70,62,1,Not Placed
21,Male,8.15,CSE,2,3,3,1,72,82,75,78,77,0,Not Placed
23,Male,8.26,MECH,2,3,2,2,69,82,76,69,69,1,Placed
23,Female,5.98,CSE,2,1,2,1,48,58,61,62,62,3,Not Placed
21,Male,8.94,MECH,3,1,3,4,89,80,81,84,76,0,Placed
21,Male,8.91,CIVIL,3,1,3,6,78,72,72,71,87,0,Not Placed
22,Male,6.89,MECH,2,0,2,2,71,65,62,65,54,0,Not Placed
21,Female,10.0,ECE,3,2,6,3,95,73,87,78,78,0,Placed
20,Female,7.92,EEE,1,3,3,5,65,68,72,74,68,0,Placed
18,Female,7.24,CSE,1,0,2,0,68,69,67,74,68,0,Placed
19,Female,6.94,CIVIL,3,0,1,0,65,46,62,64,55,2,Not Placed
22,Female,7.68,CSE,2,0,3,2,72,72,77,72,81,0,Placed
18,Female,7.66,ECE,3,2,1,0,77,72,67,87,67,1,Placed
18,Female,7.55,IT,2,3,3,0,74,53,72,63,58,1,Placed
24,Female,6.62,EEE,1,1,0,2,65,71,69,63,47,0,Placed
22,Female,7.15,EEE,2,0,2,1,80,80,70,61,63,1,Not Placed
18,Male,7.33,IT,1,0,6,0,79,77,73,63,59,1,Placed
20,Male,5.64,CSE,2,0,0,0,58,49,56,42,58,1,Not Placed
22,Male,5.54,EEE,2,0,2,1,49,76,66,62,54,2,Placed
20,Male,7.37,CIVIL,2,0,1,3,95,70,74,60,75,1,Not Placed
21,Female,5.99,CSE,2,0,0,0,40,49,55,40,56,3,Not Placed
20,Female,7.89,EEE,2,1,3,3,69,66,69,72,76,1,Placed
19,Female,7.37,ECE,3,2,2,2,69,62,61,74,58,0,Not Placed
22,Female,8.68,IT,1,2,1,1,83,89,88,88,64,0,Placed
18,Female,7.31,CSE,1,1,2,1,65,70,73,69,64,2,Placed
21,Female,8.68,EEE,1,3,2,1,78,72,81,64,76,1,Not Placed
19,Male,7.35,CSE,2,2,2,2,70,68,75,69,66,0,Not Placed
18,Male,8.42,MECH,2,0,0,1,61,46,57,66,66,0,Not Placed
19,Male,8.14,CSE,2,0,1,5,81,73,72,59,92,1,Placed
23,Male,7.38,ECE,1,0,1,1,65,56,62,62,68,0,Not Placed
19,Male,8.75,CSE,1,0,5,1,83,69,72,82,85,0,Placed
19,Male,6.14,EEE,2,1,2,2,58,68,61,54,44,3,Not Placed
19,Male,7.79,CSE,3,1,3,2,64,76,70,78,73,1,Not Placed
22,Male,7.41,IT,2,0,3,2,82,69,76,79,79,0,Placed
20,Female,8.03,ECE,1,2,0,3,65,80,72,68,79,2,Not Placed
25,Male,9.09,ECE,2,3,1,2,91,85,88,82,85,0,Placed
22,Female,6.64,ECE,3,1,4,1,78,70,57,52,61,0,Placed
21,Male,6.06,CSE,2,1,2,2,50,59,57,58,53,0,Placed
22,Female,6.86,CSE,3,0,2,2,52,52,67,66,70,1,Not Placed
18,Female,7.65,CSE,2,0,1,3,76,66,79,69,79,0,Placed
25,Female,8.88,CSE,1,1,2,1,71,72,76,78,79,2,Placed
25,Male,7.88,CSE,2,1,0,4,71,66,83,72,57,0,Placed
19,Female,6.09,CSE,2,0,1,1,52,59,46,56,64,0,Not Placed
21,Male,8.51,ECE,3,1,2,3,68,81,77,62,81,0,Placed
19,Male,6.9,CSE,1,0,1,1,40,40,48,40,64,1,Not Placed
21,Female,8.73,IT,3,2,3,5,71,82,81,80,76,0,Placed
22,Male,9.57,EEE,2,4,4,3,95,95,95,95,92,1,Placed
25,Male,8.95,EEE,2,2,2,2,78,71,73,74,61,0,Not Placed
20,Female,8.34,ECE,3,1,2,2,78,76,63,65,83,1,Placed
22,Male,6.43,CSE,2,1,2,3,68,73,75,65,80,0,Not Placed
22,Female,5.98,ECE,3,0,0,1,55,57,42,51,58,3,Placed
19,Male,6.85,CSE,2,3,4,1,57,67,58,71,57,4,Not Placed
21,Male,6.52,ECE,1,3,1,0,43,58,67,52,54,1,Not Placed
22,Male,5.6,MECH,1,0,0,0,52,48,58,41,48,1,Not Placed
22,Male,9.08,ECE,3,1,0,3,74,67,69,94,90,0,Placed
28,Female,7.33,CIVIL,3,0,2,3,72,80,72,76,62,1,Not Placed
18,Female,7.67,CSE,3,1,0,2,71,67,75,71,76,0,Not Placed
19,Male,7.42,CSE,2,3,2,1,79,63,73,62,67,1,Placed
19,Male,7.11,CSE,2,0,1,1,75,55,75,54,76,2,Not Placed
19,Female,8.22,CSE,1,4,4,2,81,77,82,75,88,0,Placed
20,Male,7.88,CSE,2,1,1,3,64,78,70,79,71,0,Placed
24,Male,7.53,CIVIL,2,0,3,2,63,60,70,70,61,0,Placed
20,Male,7.0,IT,2,1,1,3,80,71,72,66,72,1,Placed
22,Female,6.56,CIVIL,2,1,1,3,64,68,66,71,51,2,Not Placed
20,Male,5.82,MECH,1,1,4,2,56,50,64,42,53,1,Not Placed
20,Male,5.78,EEE,2,0,2,1,43,53,57,55,63,2,Not Placed
23,Female,7.58,MECH,3,1,3,3,77,65,55,67,68,0,Placed
22,Female,7.15,CSE,3,1,1,4,62,68,88,78,56,0,Placed
20,Female,6.65,MECH,2,1,0,1,52,70,58,53,60,2,Not Placed
24,Female,7.52,ECE,2,0,0,1,70,79,73,75,77,1,Placed
21,Female,6.86,ECE,2,1,4,3,75,68,58,59,67,0,Not Placed
19,Female,5.65,ECE,1,0,1,1,44,60,50,45,63,2,Not Placed
21,Female,7.27,MECH,1,1,1,1,59,57,56,67,62,4,Not Placed
22,Male,6.92,CIVIL,3,2,2,1,67,60,80,73,74,0,Placed
20,Male,8.85,CSE,1,1,2,2,71,70,69,74,80,1,Placed
23,Female,6.16,CSE,2,0,3,2,60,62,58,59,50,1,Not Placed
21,Female,6.82,CSE,2,2,2,2,80,74,55,73,68,2,Placed
21,Male,8.49,MECH,3,1,3,1,79,72,76,87,83,1,Placed
23,Female,8.61,CSE,2,1,4,5,67,87,94,79,59,1,Placed
21,Female,7.27,ECE,3,2,1,1,79,71,73,70,75,0,Placed
20,Male,7.23,IT,2,0,2,0,68,68,62,55,69,1,Placed
18,Female,7.99,MECH,2,3,1,3,65,57,70,54,66,2,Not Placed
20,Male,8.02,MECH,2,2,1,2,85,81,69,71,83,1,Placed
20,Female,9.17,ECE,1,0,3,1,81,66,72,64,66,1,Placed
19,Other,8.7,IT,2,3,1,1,67,87,80,71,62,2,Not Placed
21,Female,7.64,MECH,1,1,2,5,68,65,76,71,83,1,Placed
19,Female,8.38,CSE,3,1,1,3,66,81,95,74,63,0,Placed
19,Female,7.43,ECE,1,1,1,2,69,91,59,69,79,0,Not Placed
21,Male,8.33,CIVIL,1,3,2,4,78,87,77,83,74,0,Placed
19,Female,8.56,ECE,2,1,4,3,64,85,83,66,81,0,Placed
21,Male,6.57,CIVIL,2,0,1,3,59,73,68,68,50,0,Not Placed
22,Female,5.18,IT,1,0,4,0,47,50,60,49,46,1,Not Placed
20,Male,9.55,ECE,3,3,3,1,91,81,77,86,86,0,Placed
18,Male,8.22,CIVIL,2,0,1,2,82,73,67,80,73,1,Placed
21,Male,5.25,EEE,2,0,1,1,59,67,61,53,46,3,Not Placed
18,Male,6.94,MECH,2,0,2,1,59,78,72,65,61,2,Not Placed
21,Male,8.71,MECH,1,0,3,4,82,79,68,81,62,1,Placed
22,Male,7.71,CSE,2,1,4,1,62,70,53,72,58,1,Placed
21,Male,6.69,CSE,2,0,6,1,57,61,69,80,57,1,Placed
20,Male,9.25,EEE,3,1,3,2,76,79,84,78,64,0,Placed
25,Female,6.56,MECH,2,2,1,1,65,74,57,59,57,2,Not Placed
18,Male,6.98,MECH,2,1,1,1,72,63,70,69,57,1,Placed
24,Female,7.23,IT,1,1,2,2,69,61,76,67,80,0,Not Placed
23,Male,5.72,ECE,2,2,1,0,77,76,84,71,59,1,Placed
20,Female,7.56,ECE,2,1,2,1,69,75,72,74,72,2,Placed
19,Female,8.59,IT,2,0,3,4,83,80,84,75,76,0,Placed
19,Female,7.58,ECE,2,3,1,2,59,68,69,63,55,1,Not Placed
24,Female,8.27,CIVIL,3,0,3,2,81,65,89,74,45,0,Placed
19,Female,7.82,ECE,3,0,3,3,74,68,76,84,58,1,Placed
24,Male,7.39,CSE,2,1,0,1,64,73,57,72,80,0,Not Placed
21,Male,7.38,ECE,3,2,5,2,79,84,66,76,73,1,Placed
21,Male,6.6,CSE,2,2,0,5,49,76,70,67,66,0,Not Placed
21,Female,7.42,EEE,1,0,2,6,74,80,72,69,69,0,Placed
19,Female,7.33,MECH,2,0,2,3,80,75,73,72,76,0,Placed
20,Male,7.82,ECE,2,3,0,0,68,63,68,60,67,0,Placed
25,Female,6.61,MECH,3,1,1,1,48,62,46,68,74,1,Not Placed
19,Male,7.29,EEE,3,1,1,1,70,69,69,80,68,1,Not Placed
24,Female,7.15,IT,2,4,2,0,62,83,70,95,68,2,Placed
28,Female,7.28,ECE,2,1,3,1,79,61,61,61,65,2,Not Placed
18,Male,9.95,ECE,2,1,4,1,78,87,89,89,74,0,Placed
21,Female,7.08,IT,2,2,4,2,63,58,68,71,70,1,Not Placed
19,Male,8.38,CSE,2,1,2,2,62,79,71,62,69,2,Not Placed
21,Female,7.36,EEE,2,1,3,2,79,72,83,78,80,0,Placed
27,Female,7.85,CSE,1,0,3,1,61,78,74,56,66,1,Not Placed
24,Male,9.36,CSE,2,4,2,5,90,94,75,79,77,0,Placed
24,Male,7.02,IT,1,1,3,3,60,65,61,59,64,0,Not Placed
19,Male,8.47,CIVIL,2,1,4,1,67,71,78,71,72,2,Not Placed
21,Female,6.59,IT,1,1,2,0,61,63,59,70,49,1,Not Placed
19,Female,7.43,EEE,3,1,1,2,70,64,76,76,65,1,Placed
24,Male,7.22,IT,3,0,1,4,71,65,60,60,62,1,Placed
19,Male,8.28,CSE,2,1,2,2,75,81,68,76,51,0,Placed
19,Male,6.99,CSE,1,3,4,1,80,86,82,66,70,0,Not Placed
18,Male,8.6,CSE,2,4,6,4,75,84,86,75,76,1,Placed
19,Male,7.61,IT,1,0,2,1,71,75,65,78,64,0,Placed
19,Female,7.75,IT,1,1,3,1,62,68,62,69,63,1,Not Placed
18,Male,9.52,ECE,2,4,3,3,95,91,95,95,92,0,Placed
23,Female,7.59,CSE,2,2,4,1,66,69,71,81,87,0,Placed
22,Male,6.53,CSE,3,0,1,1,54,73,51,59,56,1,Not Placed
19,Female,6.75,CSE,3,0,0,4,60,66,74,60,46,0,Placed
23,Male,6.17,MECH,3,0,1,1,57,70,47,77,57,0,Not Placed
20,Male,7.26,IT,1,1,2,3,79,92,72,85,64,0,Placed
22,Male,6.65,ECE,2,1,2,1,64,71,55,59,62,0,Not Placed
20,Female,7.59,EEE,1,0,1,1,69,74,83,76,52,1,Not Placed
21,Female,7.37,CSE,2,3,3,0,77,63,67,67,79,3,Placed
20,Male,8.43,CSE,2,0,6,2,85,81,64,89,67,0,Placed
19,Male,7.16,ECE,2,2,2,1,60,59,68,58,59,2,Not Placed
21,Female,6.31,MECH,1,1,1,1,57,67,65,58,50,1,Not Placed
22,Male,6.91,MECH,1,0,3,2,71,79,63,82,57,0,Placed
22,Female,8.24,IT,2,0,1,3,77,82,87,70,76,1,Placed
20,Male,7.79,CSE,1,0,1,2,60,80,59,59,56,2,Not Placed
21,Female,6.64,IT,1,2,0,2,70,62,65,80,68,1,Placed
22,Female,8.72,CSE,3,2,0,5,81,66,86,91,85,1,Placed
18,Male,7.06,CIVIL,1,1,1,1,58,74,76,58,76,0,Placed
18,Female,7.09,CSE,1,0,0,2,58,72,71,67,61,1,Not Placed
20,Male,6.73,CSE,3,0,2,3,50,54,55,72,56,3,Not Placed
19,Female,9.1,CSE,3,4,2,2,85,94,84,83,70,0,Placed
20,Female,7.73,MECH,2,2,1,1,87,79,68,64,75,0,Placed
18,Female,7.6,IT,3,1,1,0,56,78,83,66,62,0,Placed
21,Male,8.51,CSE,1,0,3,0,80,67,86,89,91,0,Placed
22,Male,9.44,IT,2,3,6,5,84,79,95,89,84,1,Placed
23,Male,5.94,CSE,3,0,0,1,48,68,55,54,56,1,Not Placed
22,Female,6.88,CSE,2,0,3,1,58,70,60,61,65,1,Placed
20,Female,6.91,CIVIL,1,0,1,0,72,80,74,63,50,2,Not Placed
25,Male,6.55,EEE,2,0,1,1,61,77,56,75,42,3,Not Placed
22,Female,7.36,ECE,2,0,1,1,63,49,64,61,66,2,Not Placed
21,Female,7.7,IT,3,0,3,1,61,61,67,66,74,5,Not Placed
19,Female,6.36,IT,2,0,0,1,58,52,66,58,77,2,Placed
22,Male,7.85,EEE,2,3,0,1,73,57,73,71,70,0,Not Placed
21,Male,8.23,CSE,2,2,4,5,82,74,73,74,56,0,Placed
22,Male,7.64,ECE,1,0,4,4,72,57,64,57,74,0,Not Placed
23,Female,7.47,ECE,1,1,2,3,75,76,69,75,79,2,Not Placed
24,Female,8.16,IT,1,0,6,1,82,87,72,71,87,0,Not Placed
25,Female,7.37,CSE,2,0,2,1,59,65,71,71,70,1,Not Placed
21,Male,9.65,MECH,2,1,2,1,78,95,86,90,76,0,Placed
26,Female,8.12,CIVIL,2,1,1,1,67,80,69,67,58,0,Placed
24,Female,5.46,CSE,1,0,3,1,54,53,63,49,45,1,Not Placed
18,Male,5.89,CSE,2,4,2,2,56,71,64,60,58,0,Not Placed
21,Male,5.64,ECE,2,0,2,4,52,70,51,48,62,3,Not Placed
19,Male,7.81,EEE,2,1,3,3,64,95,73,71,59,1,Placed
20,Female,6.93,IT,3,0,2,0,66,71,62,69,53,4,Not Placed
20,Male,6.11,CIVIL,3,1,3,3,55,70,72,68,73,0,Placed
21,Male,9.38,MECH,1,2,4,4,93,95,89,79,83,0,Placed
18,Male,7.71,CSE,3,0,2,3,78,74,80,79,70,1,Placed
19,Female,7.29,CSE,3,1,3,1,86,84,67,65,71,0,Not Placed
18,Female,6.7,CSE,2,1,2,3,51,65,59,68,58,3,Placed
22,Female,6.41,MECH,3,0,1,1,72,69,49,56,58,3,Placed
24,Female,8.37,ECE,2,1,0,1,65,56,61,74,66,1,Placed
28,Female,7.7,CIVIL,3,2,2,1,55,80,61,68,73,0,Not Placed
20,Female,6.12,EEE,2,0,1,1,57,53,63,55,45,2,Not Placed
19,Male,7.33,EEE,3,0,0,4,74,84,78,71,60,2,Placed
23,Female,7.21,CSE,1,2,3,1,65,60,63,67,80,0,Placed
18,Female,7.06,CSE,2,1,2,0,58,80,72,84,63,0,Not Placed
26,Female,7.31,CIVIL,1,1,1,2,41,72,60,57,63,0,Placed
22,Male,7.39,IT,3,0,0,2,53,74,73,61,68,2,Not Placed
21,Male,6.6,CIVIL,1,0,3,0,60,77,81,72,63,1,Not Placed
18,Male,6.96,IT,2,1,3,0,74,59,62,63,65,0,Placed
18,Male,7.45,ECE,3,3,1,4,76,81,70,70,76,0,Placed
21,Male,9.0,ECE,2,2,3,2,80,83,68,81,84,0,Placed
20,Male,6.37,CSE,2,0,0,1,62,70,74,78,70,0,Placed
23,Male,7.48,ECE,2,0,0,1,63,60,66,59,67,1,Placed
22,Female,8.09,CIVIL,2,2,1,2,77,64,65,73,66,1,Not Placed
20,Female,8.12,IT,3,3,1,2,78,68,84,82,63,0,Placed
19,Female,6.87,IT,3,4,2,1,66,60,58,62,57,2,Not Placed
21,Male,8.81,EEE,2,2,3,2,83,81,70,64,74,0,Placed
19,Male,8.44,EEE,2,3,2,2,69,77,81,77,84,0,Placed
22,Male,7.94,MECH,2,4,2,1,73,79,69,83,84,0,Placed
21,Female,8.49,IT,3,0,3,1,91,95,80,86,86,0,Placed
23,Male,5.9,IT,2,1,0,1,56,67,67,54,59,2,Not Placed
20,Female,8.11,IT,2,0,1,2,66,75,58,85,62,0,Not Placed
19,Male,8.22,CIVIL,2,0,2,3,63,78,72,70,68,0,Placed
23,Male,7.95,CIVIL,1,1,0,5,63,80,80,66,84,1,Placed
22,Male,6.84,ECE,3,1,2,1,57,77,66,61,48,1,Placed
22,Male,5.45,CSE,2,1,1,1,64,64,58,53,58,1,Not Placed
21,Male,7.06,MECH,1,2,1,1,70,77,74,70,72,1,Not Placed
24,Female,6.31,CSE,2,1,1,1,63,71,60,50,72,2,Not Placed
19,Male,7.55,CSE,2,4,2,4,58,77,71,68,67,0,Placed
20,Male,7.48,IT,2,3,1,2,54,41,67,61,48,1,Not Placed
23,Male,7.2,EEE,2,0,2,0,51,57,60,52,52,0,Placed
19,Other,7.47,CSE,2,0,3,0,73,85,78,74,67,1,Placed
23,Female,6.52,IT,1,0,1,3,64,75,73,79,70,1,Placed
20,Female,7.44,EEE,2,2,3,1,77,86,66,77,82,2,Placed
19,Male,10.0,ECE,3,4,6,2,78,86,84,78,95,0,Placed
18,Female,7.87,CSE,3,1,1,0,63,75,67,66,64,0,Not Placed
23,Male,7.76,CSE,2,2,1,2,62,68,70,77,68,1,Placed
22,Female,6.32,EEE,2,0,1,1,57,66,59,59,49,0,Not Placed
20,Female,5.97,CSE,2,0,1,2,47,69,44,50,59,2,Not Placed
18,Male,8.32,CSE,3,0,3,6,82,68,91,78,77,0,Placed
19,Male,7.7,CIVIL,2,0,0,1,48,51,64,64,55,3,Not Placed
19,Male,7.42,ECE,1,0,0,1,46,67,59,65,60,0,Placed
22,Male,7.05,IT,1,2,2,2,62,82,72,64,79,1,Not Placed
19,Male,6.54,ECE,2,1,1,2,78,65,66,62,52,0,Placed
19,Male,6.77,ECE,2,0,2,5,48,58,64,65,58,1,Not Placed
18,Male,7.15,IT,3,0,3,1,63,60,70,71,70,0,Not Placed
21,Female,8.92,ECE,1,2,3,6,83,81,79,72,92,0,Placed
22,Male,7.2,EEE,3,0,2,1,61,62,60,41,72,1,Not Placed
22,Female,5.66,CSE,3,0,1,4,48,72,62,51,74,2,Not Placed
21,Male,8.99,IT,2,0,4,3,70,73,84,77,82,0,Placed
26,Male,7.77,IT,1,2,2,2,73,64,77,62,78,0,Placed
21,Male,7.25,EEE,1,0,2,2,69,57,66,63,70,2,Not Placed
23,Female,5.95,EEE,2,0,0,0,49,61,65,59,45,3,Not Placed
22,Male,7.29,MECH,1,1,2,3,63,66,65,75,51,1,Not Placed
18,Female,6.27,IT,3,1,1,2,67,68,60,62,57,0,Placed
23,Female,8.92,ECE,3,1,0,1,90,74,76,74,86,0,Placed
21,Female,6.15,EEE,3,0,2,3,50,62,65,64,62,1,Not Placed
22,Male,7.46,IT,2,3,1,2,74,87,64,69,66,1,Not Placed
19,Male,8.73,CIVIL,1,3,3,1,67,57,85,73,74,0,Placed
20,Female,5.0,IT,2,0,0,3,42,48,55,45,58,3,Not Placed
24,Female,7.95,ECE,2,1,2,2,86,70,72,61,71,1,Placed
19,Female,6.25,MECH,1,0,1,2,62,55,49,44,71,2,Not Placed
18,Female,7.58,EEE,2,1,3,2,62,76,74,77,63,3,Not Placed
19,Male,7.2,ECE,2,0,1,1,70,67,58,67,68,2,Not Placed
21,Female,8.53,IT,2,2,3,0,86,67,77,69,73,0,Placed
23,Female,8.07,ECE,1,2,3,1,77,67,85,61,67,0,Placed
22,Female,5.59,IT,2,1,1,2,40,55,40,41,47,3,Not Placed
24,Female,6.38,ECE,3,1,0,4,58,67,50,64,56,1,Placed
20,Male,7.15,EEE,2,2,0,4,72,74,71,74,75,1,Not Placed
20,Female,7.27,CSE,1,0,1,4,64,61,62,53,60,2,Placed
19,Female,7.81,EEE,2,2,5,1,64,68,69,67,67,2,Placed
19,Male,8.1,CSE,2,3,0,2,77,77,86,80,61,0,Placed
22,Male,7.69,EEE,3,0,2,3,88,81,74,79,86,1,Not Placed
18,Male,7.47,CSE,2,0,3,5,66,69,70,64,51,2,Placed
19,Male,5.37,IT,1,0,1,2,40,40,61,44,46,1,Placed
24,Female,7.03,CSE,1,2,0,2,54,85,59,64,75,0,Not Placed
21,Male,7.72,IT,1,2,3,1,79,75,69,63,69,0,Placed
18,Female,6.5,ECE,2,0,0,3,60,59,69,58,63,0,Not Placed
22,Male,8.66,IT,2,4,2,1,77,66,75,82,65,2,Not Placed
21,Female,7.66,IT,3,1,4,1,81,95,86,83,62,0,Placed
23,Female,6.42,CIVIL,2,1,3,1,81,75,66,61,67,0,Placed
22,Female,5.0,CSE,2,0,0,1,42,61,40,40,53,2,Not Placed
18,Male,5.77,IT,1,0,2,2,53,57,66,67,44,1,Not Placed
19,Female,7.69,ECE,1,0,4,3,85,80,95,91,80,0,Placed
19,Male,7.88,MECH,2,0,3,3,65,56,55,53,57,0,Placed
22,Female,5.99,CSE,2,0,0,2,40,67,64,53,54,3,Not Placed
21,Male,8.95,IT,2,0,2,1,95,95,80,76,77,0,Placed
22,Male,7.37,MECH,2,0,3,1,66,53,77,63,66,2,Not Placed
21,Female,8.7,ECE,3,0,3,3,72,74,78,88,69,1,Placed
20,Male,7.54,MECH,2,1,4,1,70,88,75,82,80,3,Placed
18,Male,8.32,CSE,1,0,1,5,68,67,85,61,81,0,Placed
19,Male,7.92,CSE,2,0,5,3,86,67,88,78,64,2,Not Placed
20,Male,8.11,ECE,3,1,5,0,75,78,78,90,76,0,Placed
21,Female,9.57,CSE,1,3,3,2,93,95,85,94,82,0,Placed
25,Female,9.11,IT,1,0,4,2,83,81,78,65,75,0,Placed
19,Male,6.16,CSE,3,0,0,3,48,60,40,56,60,1,Placed
22,Female,7.39,ECE,1,3,2,1,72,93,86,70,71,0,Not Placed
19,Female,8.7,CIVIL,2,2,0,5,81,75,84,67,61,0,Placed
22,Female,8.83,CIVIL,1,2,0,3,84,69,78,79,83,0,Placed
18,Female,7.04,IT,2,0,3,1,56,67,64,57,68,1,Not Placed
22,Male,8.52,CSE,1,3,6,4,74,75,73,80,53,0,Placed
19,Male,7.8,MECH,3,1,2,3,57,73,85,79,83,1,Placed
19,Female,9.86,ECE,1,2,2,2,89,89,91,83,92,0,Placed
21,Female,6.22,ECE,2,1,1,0,62,70,66,65,63,2,Placed
20,Female,6.92,MECH,3,2,2,1,70,61,61,59,58,1,Not Placed
21,Male,6.89,IT,2,0,5,0,70,62,63,62,60,0,Placed
20,Female,7.55,IT,2,2,1,3,57,45,68,73,57,0,Placed
25,Male,7.47,MECH,2,0,2,5,56,58,65,45,51,0,Not Placed
20,Female,5.0,IT,2,1,1,1,46,60,46,44,40,1,Not Placed
21,Male,7.11,EEE,3,0,3,0,61,67,61,56,52,0,Not Placed
23,Female,7.68,MECH,2,1,2,0,70,71,62,66,73,0,Placed
22,Female,7.29,IT,2,1,5,1,72,69,66,67,59,0,Placed
20,Male,9.29,MECH,2,2,2,2,93,80,83,87,86,0,Placed
21,Female,7.32,IT,2,0,2,3,61,90,64,61,68,2,Not Placed
18,Female,8.71,CIVIL,3,1,1,1,77,72,95,70,84,0,Placed
21,Male,7.63,IT,1,0,6,4,82,80,70,69,71,0,Placed
20,Male,9.04,CSE,2,2,1,2,79,87,66,86,77,0,Placed
22,Female,7.35,EEE,1,0,4,1,80,69,70,65,67,1,Placed
23,Male,8.86,CIVIL,2,0,1,3,74,89,78,85,70,0,Not Placed
19,Male,7.81,EEE,3,3,2,0,72,63,68,66,72,1,Placed
18,Female,8.17,EEE,2,3,2,3,77,67,78,69,64,0,Not Placed
20,Female,7.68,CIVIL,3,1,3,0,80,78,61,72,80,1,Placed
21,Female,7.92,ECE,3,0,2,2,74,65,71,63,42,0,Not Placed
20,Female,6.82,MECH,3,2,2,1,69,86,77,73,65,2,Not Placed
21,Male,8.96,CSE,2,0,5,1,93,95,84,78,76,0,Placed
21,Female,7.59,CSE,1,0,1,2,64,62,58,57,55,1,Placed
25,Male,7.44,CSE,2,0,0,3,77,66,79,74,83,0,Placed
20,Male,8.16,CIVIL,3,4,3,3,70,66,80,82,85,0,Placed
18,Female,8.29,CSE,2,0,0,2,66,90,81,74,86,0,Placed
20,Female,7.12,IT,2,0,1,2,70,69,70,71,75,1,Not Placed
21,Male,5.67,CSE,2,0,0,1,44,63,59,53,52,1,Not Placed
19,Female,8.42,CSE,1,0,2,3,75,87,66,61,80,0,Placed
19,Female,5.55,ECE,2,0,1,0,44,62,56,50,40,1,Not Placed
20,Male,9.35,CSE,2,1,3,2,90,63,82,77,79,0,Placed
22,Male,6.96,MECH,3,4,2,1,73,84,59,66,72,1,Not Placed
25,Male,8.44,MECH,2,0,0,2,75,78,76,91,54,0,Placed
20,Female,7.36,ECE,1,0,2,3,58,58,68,58,67,1,Not Placed
19,Male,6.59,IT,2,0,0,3,40,57,61,60,53,1,Not Placed
20,Male,8.45,MECH,2,4,1,0,87,62,68,70,58,2,Not Placed
20,Male,7.17,IT,2,2,3,2,66,67,70,63,87,1,Placed
28,Female,7.52,CSE,3,0,1,1,67,53,69,56,67,0,Placed
21,Male,7.36,IT,2,0,1,2,71,74,66,71,67,0,Not Placed
22,Male,10.0,IT,2,1,5,4,95,95,95,91,95,0,Placed
24,Male,8.91,ECE,2,1,4,1,78,91,87,87,73,2,Not Placed
21,Male,8.05,IT,2,3,0,3,63,65,74,76,66,0,Not Placed
19,Male,7.33,MECH,3,0,1,1,81,60,74,69,63,1,Placed
21,Female,9.76,ECE,1,3,4,3,79,66,87,86,79,1,Not Placed
20,Female,7.57,CSE,1,0,2,2,71,65,73,66,75,1,Not Placed
20,Male,5.6,IT,1,0,1,1,52,50,55,50,51,2,Not Placed
26,Female,7.25,EEE,3,4,1,2,65,61,73,68,59,0,Not Placed
19,Male,7.18,CSE,3,4,1,1,85,86,75,62,59,0,Placed
21,Female,6.73,CSE,3,0,3,0,72,66,63,72,53,4,Not Placed
19,Male,7.08,EEE,1,2,3,1,60,66,53,73,71,2,Placed
19,Female,6.9,IT,3,0,4,0,57,70,64,61,74,0,Not Placed
21,Female,8.87,CSE,3,3,1,0,70,68,93,87,76,0,Placed
22,Female,6.49,IT,1,1,2,3,75,68,73,70,72,3,Placed
21,Male,8.33,ECE,2,1,2,3,77,66,78,79,72,0,Not Placed
20,Male,8.15,CSE,3,4,2,1,68,73,71,74,69,0,Placed
18,Female,7.63,EEE,2,4,2,4,66,81,77,59,74,1,Placed
21,Male,7.59,IT,3,1,2,1,84,74,83,65,58,2,Not Placed
21,Male,6.46,CSE,2,1,0,3,58,67,57,54,66,0,Not Placed
22,Male,5.62,MECH,2,0,1,1,45,59,44,41,53,3,Not Placed
22,Male,7.77,ECE,1,0,1,4,72,64,68,80,71,0,Placed
24,Male,8.03,CIVIL,1,1,2,2,74,60,76,80,70,5,Placed
23,Male,8.73,CSE,2,4,6,2,66,88,72,72,83,1,Placed
20,Female,9.84,IT,2,2,4,1,83,79,77,75,77,0,Placed
21,Male,8.55,ECE,2,1,3,5,81,92,74,78,79,0,Placed
22,Male,6.41,MECH,3,0,1,1,67,69,58,57,63,0,Not Placed
25,Male,8.03,EEE,1,0,0,4,62,67,74,49,68,1,Not Placed
20,Female,7.85,ECE,2,1,2,2,85,95,80,70,73,2,Placed
22,Female,10.0,EEE,3,3,3,3,95,86,91,95,78,0,Placed
20,Female,8.9,CSE,3,1,6,6,92,66,83,82,86,0,Placed
22,Female,8.39,EEE,3,3,2,3,74,74,83,68,73,0,Placed
24,Female,7.64,ECE,2,2,2,3,65,65,61,53,64,1,Placed
24,Male,6.96,CSE,1,0,1,2,73,56,58,72,73,0,Placed
19,Female,7.44,CSE,3,2,4,0,65,77,60,81,74,1,Not Placed
19,Male,6.6,CSE,3,0,0,1,61,54,55,61,77,3,Not Placed
22,Female,6.79,CSE,2,1,1,1,74,87,75,78,68,0,Not Placed
21,Male,8.03,CSE,2,0,2,2,66,68,63,68,72,2,Placed
24,Female,9.81,CSE,2,2,4,3,86,76,83,92,91,0,Placed
20,Male,8.12,ECE,2,1,2,1,74,75,71,76,56,0,Placed
23,Male,5.48,ECE,3,0,1,1,55,56,49,49,46,1,Not Placed
22,Female,7.72,CSE,1,3,3,3,62,62,75,77,62,0,Placed
19,Male,7.03,EEE,2,2,0,0,69,70,47,62,75,0,Placed
19,Male,7.07,CSE,2,1,3,3,60,57,85,66,62,0,Not Placed
22,Female,8.59,IT,3,1,3,0,72,71,80,64,74,1,Not Placed
19,Female,7.85,CIVIL,3,2,3,4,54,56,62,64,72,2,Placed
23,Female,8.36,EEE,2,0,1,1,65,84,70,73,59,0,Not Placed
21,Male,6.62,ECE,2,1,1,1,69,67,53,53,56,3,Placed
21,Male,6.79,ECE,2,0,2,0,69,68,66,62,67,1,Placed
19,Male,7.56,CSE,1,1,1,0,60,72,87,73,72,0,Placed
27,Female,5.84,IT,3,0,1,2,54,64,66,71,45,1,Not Placed
22,Female,6.09,IT,2,0,3,1,46,46,58,40,53,4,Not Placed
22,Male,8.0,IT,3,1,1,3,72,79,79,70,79,0,Placed
22,Male,8.77,CIVIL,2,3,2,5,73,80,76,84,75,0,Placed
21,Male,7.47,EEE,3,0,4,4,57,59,78,76,66,0,Not Placed
25,Male,5.97,ECE,1,2,1,0,44,62,58,49,68,0,Not Placed
21,Male,8.54,EEE,2,2,2,3,74,86,86,69,79,0,Placed
21,Male,5.28,EEE,2,0,0,3,45,56,53,40,54,0,Not Placed
19,Male,8.21,IT,1,2,1,2,77,64,71,58,58,0,Placed
20,Male,6.5,MECH,2,2,0,1,51,60,52,60,60,2,Not Placed
22,Male,6.71,ECE,3,0,2,4,60,57,68,66,51,0,Not Placed
20,Male,7.61,EEE,2,0,4,3,66,66,70,57,64,2,Not Placed
22,Female,7.85,CSE,3,3,1,2,62,66,73,68,64,1,Not Placed
25,Male,6.98,ECE,2,0,1,1,57,62,61,63,72,0,Placed
20,Male,8.12,IT,2,1,0,1,81,73,72,74,73,0,Placed
18,Male,7.54,CSE,1,1,2,2,58,71,60,70,74,0,Placed
22,Male,7.63,ECE,3,2,2,1,85,76,84,80,75,1,Placed
18,Male,7.28,CIVIL,1,1,0,3,71,66,69,89,72,2,Not Placed
23,Male,6.73,EEE,1,0,0,4,70,66,59,51,67,1,Not Placed
21,Male,6.05,CSE,1,0,1,0,48,64,59,60,62,1,Not Placed
21,Female,5.88,CSE,2,0,2,2,50,67,61,48,58,2,Not Placed
21,Female,7.6,IT,2,3,3,3,66,67,64,76,71,1,Not Placed
21,Male,7.22,CSE,2,0,2,2,76,66,64,63,58,2,Placed
20,Male,5.34,CSE,3,0,2,0,46,63,42,43,64,1,Not Placed
20,Female,7.55,CSE,2,0,1,2,59,68,66,66,69,2,Not Placed
20,Male,6.98,IT,1,0,1,2,51,51,49,64,56,0,Not Placed
24,Other,8.88,CSE,2,4,1,1,77,95,83,84,85,0,Placed
19,Female,5.8,CSE,1,0,1,3,54,57,48,55,52,5,Not Placed
20,Male,6.18,MECH,1,1,1,0,58,65,61,46,43,1,Not Placed
19,Male,8.48,CIVIL,3,0,1,1,91,83,80,76,71,0,Placed
20,Male,9.98,MECH,1,3,5,1,82,87,72,63,73,1,Placed
19,Female,6.1,CSE,3,1,1,0,46,72,65,62,59,0,Not Placed
22,Male,6.47,CSE,2,1,2,1,64,76,54,56,45,0,Placed
18,Female,7.52,ECE,3,2,4,2,78,66,76,63,70,1,Not Placed
22,Male,5.54,EEE,2,0,0,0,42,59,42,45,40,3,Not Placed
19,Female,5.94,ECE,2,0,1,2,54,48,54,44,49,0,Not Placed
21,Female,6.96,MECH,2,0,1,1,66,58,64,64,72,0,Not Placed
19,Male,9.34,IT,3,1,2,3,88,74,74,86,94,0,Placed
22,Male,7.29,CIVIL,2,3,0,2,54,63,75,67,62,3,Not Placed
25,Male,8.06,EEE,2,0,0,4,72,72,73,73,66,1,Not Placed
19,Female,9.12,CSE,2,1,0,5,69,70,79,83,78,0,Placed
25,Female,8.33,IT,1,2,3,0,82,89,85,87,95,0,Placed
20,Male,7.32,ECE,1,0,1,2,63,63,64,63,74,1,Placed
21,Female,6.84,CSE,3,2,2,5,64,73,67,71,55,1,Not Placed
22,Male,9.26,IT,2,0,1,1,82,63,93,89,77,0,Placed
19,Male,6.09,ECE,2,1,1,2,53,49,79,53,57,2,Placed
20,Female,8.41,ECE,2,2,3,1,78,79,80,86,75,1,Placed
18,Male,5.98,MECH,1,1,4,2,47,63,57,62,43,0,Not Placed
22,Female,8.11,CSE,1,0,5,2,67,89,69,60,75,0,Placed
20,Male,6.64,CIVIL,2,2,2,6,72,88,75,56,71,1,Placed
24,Female,7.01,IT,2,2,2,2,60,45,60,55,64,2,Not Placed
19,Male,5.9,CIVIL,2,0,1,0,73,52,57,56,60,2,Not Placed
24,Male,7.74,CSE,2,2,3,3,74,63,71,72,50,1,Placed
19,Male,9.3,ECE,2,0,4,0,89,64,85,89,60,0,Placed
21,Female,8.56,CIVIL,2,1,0,1,57,66,58,51,55,1,Placed
20,Male,6.75,CSE,2,2,3,1,68,79,73,65,67,0,Placed
19,Male,7.66,MECH,2,3,4,3,66,78,80,85,58,0,Placed
18,Male,6.36,ECE,1,1,2,3,53,69,59,45,63,0,Not Placed
22,Male,9.29,IT,1,0,0,4,87,65,74,82,69,0,Placed
19,Female,8.2,ECE,3,3,3,4,64,70,70,77,74,1,Placed
21,Female,10.0,CSE,2,1,6,1,95,86,88,86,95,0,Placed
26,Female,7.31,ECE,3,1,0,2,68,65,71,75,53,2,Not Placed
20,Male,6.49,CSE,2,0,4,0,68,53,61,62,65,0,Not Placed
18,Male,7.26,EEE,2,0,3,3,73,61,69,80,87,0,Placed
19,Male,7.93,ECE,3,2,2,1,86,71,78,74,71,1,Placed
18,Male,8.18,CSE,1,0,0,2,64,62,60,60,50,2,Not Placed
21,Female,7.27,CSE,1,1,0,4,68,64,65,57,62,0,Placed
22,Male,8.51,ECE,2,2,0,3,59,71,70,67,80,0,Placed
20,Female,6.05,CSE,2,0,3,2,52,59,62,65,55,0,Not Placed
19,Male,6.97,ECE,2,0,3,1,61,71,68,66,70,1,Not Placed
22,Female,7.97,CIVIL,2,2,1,2,73,61,70,68,52,1,Not Placed
20,Female,7.85,CSE,3,1,2,0,69,86,89,74,63,0,Placed
21,Female,6.92,IT,3,0,2,2,50,61,73,63,65,1,Not Placed
25,Female,5.4,CIVIL,3,0,0,1,50,56,44,54,50,2,Not Placed
20,Male,6.19,CIVIL,1,1,0,0,42,53,49,47,63,2,Not Placed
21,Female,6.57,CSE,3,1,3,4,57,59,52,59,66,2,Not Placed
23,Male,6.66,MECH,3,0,1,1,52,61,71,60,44,1,Not Placed
22,Male,7.8,CSE,2,1,0,0,70,76,66,65,59,1,Placed
22,Male,6.32,EEE,1,1,3,0,45,60,55,57,67,1,Not Placed
22,Male,7.37,IT,1,0,1,2,56,64,72,67,53,1,Not Placed
21,Female,6.51,CSE,3,1,0,0,57,70,59,55,56,1,Not Placed
21,Male,7.42,IT,2,1,1,0,70,59,84,70,54,1,Placed
22,Male,7.7,CSE,1,0,1,1,77,71,86,88,66,0,Not Placed
22,Male,7.72,IT,1,2,2,3,74,79,81,65,67,1,Placed
22,Female,8.67,IT,3,2,1,1,60,78,54,78,65,2,Placed
20,Female,7.39,CIVIL,2,1,4,3,67,72,57,67,71,0,Placed
23,Female,7.42,ECE,3,0,0,1,68,67,74,61,69,0,Not Placed
19,Female,7.38,EEE,1,1,2,1,70,66,71,71,67,0,Placed
19,Male,7.48,CSE,3,2,1,3,69,85,75,84,83,0,Placed
20,Male,6.55,CIVIL,1,0,2,0,54,56,63,68,62,0,Placed
19,Male,7.5,IT,2,2,3,1,66,74,71,61,61,1,Placed
22,Female,6.63,CSE,3,1,0,0,51,46,55,44,45,2,Not Placed
19,Female,8.2,ECE,2,0,1,0,67,89,76,63,60,1,Not Placed
22,Male,8.24,IT,2,1,1,4,83,68,75,92,60,0,Placed
21,Male,7.28,CSE,2,1,1,1,64,69,61,84,71,0,Placed
19,Female,9.51,IT,2,1,6,0,78,67,89,80,63,0,Placed
19,Female,6.05,IT,2,0,1,2,71,84,59,68,76,2,Not Placed
21,Female,6.74,CSE,2,1,0,0,65,83,70,73,76,1,Placed
22,Male,7.84,EEE,1,2,0,3,61,76,72,72,79,2,Placed
20,Male,7.45,CSE,3,1,1,1,64,63,75,77,48,1,Placed
19,Male,6.74,CSE,3,1,3,2,75,76,73,68,65,1,Not Placed
20,Male,6.55,CSE,3,1,2,1,75,62,81,58,71,1,Not Placed
18,Female,8.71,IT,3,1,1,3,80,83,77,74,78,0,Placed
18,Male,8.48,CSE,2,0,3,2,84,64,77,85,71,1,Placed
26,Male,7.7,CSE,1,0,0,0,70,64,73,68,70,0,Placed
18,Female,8.1,CSE,1,2,1,1,78,64,75,81,66,3,Placed
19,Male,6.85,CIVIL,3,0,2,3,64,66,58,63,58,0,Not Placed
24,Male,7.89,CSE,2,1,2,4,73,58,80,65,78,0,Not Placed
22,Female,6.78,CSE,2,0,3,1,54,71,52,63,60,1,Placed
20,Male,8.77,ECE,1,1,3,5,84,83,79,80,82,2,Placed
22,Female,9.35,IT,3,1,2,1,83,84,85,89,71,0,Placed
25,Male,7.22,CSE,1,1,2,3,66,72,62,63,66,0,Placed
18,Female,5.83,MECH,2,0,1,1,41,62,51,40,46,2,Not Placed
19,Male,7.34,ECE,2,2,2,1,57,61,61,72,67,0,Placed
23,Male,8.04,IT,2,1,3,1,84,76,77,86,88,0,Not Placed
23,Female,7.98,ECE,1,2,2,2,75,71,68,72,90,0,Placed
28,Female,7.46,EEE,2,2,2,2,79,66,66,61,73,0,Not Placed
20,Male,8.41,CSE,2,1,0,0,75,78,77,83,87,0,Not Placed
25,Male,8.65,CIVIL,1,0,3,1,76,84,78,68,77,0,Not Placed
20,Male,8.78,CSE,2,3,3,2,74,79,85,70,72,0,Placed
22,Male,9.41,IT,3,0,2,2,79,74,65,83,72,0,Placed
24,Male,8.98,CSE,3,2,1,3,75,92,74,79,87,0,Placed
19,Male,7.74,ECE,1,3,0,4,66,77,73,82,77,0,Placed
19,Female,8.3,MECH,1,3,2,1,80,71,75,80,79,1,Placed
21,Female,7.29,ECE,2,0,2,0,53,77,74,58,68,0,Placed
23,Female,7.12,CSE,1,1,1,2,70,59,68,59,68,2,Not Placed
18,Male,8.54,EEE,1,2,3,1,86,78,76,82,83,0,Placed
23,Male,7.58,CIVIL,2,2,0,1,67,60,49,81,52,0,Not Placed
20,Female,7.86,CSE,1,1,2,2,78,88,77,72,80,0,Placed
20,Male,8.13,CSE,2,0,0,3,73,77,69,79,56,1,Placed
20,Male,6.01,ECE,1,0,1,1,75,75,61,63,71,0,Not Placed
24,Female,7.59,EEE,1,0,4,1,58,72,62,66,59,1,Not Placed
19,Female,8.03,CSE,1,2,2,3,78,61,84,59,72,0,Placed
21,Male,8.22,CSE,2,0,1,4,82,85,78,72,64,0,Placed
19,Male,5.76,ECE,2,0,0,0,49,64,55,47,57,0,Placed
24,Male,6.4,EEE,1,2,0,0,68,65,63,75,57,1,Not Placed
23,Female,9.58,CSE,2,2,1,6,72,84,83,95,89,0,Placed
19,Male,6.05,ECE,1,1,1,1,69,67,59,74,43,1,Not Placed
20,Female,5.86,MECH,3,1,1,6,49,60,45,58,47,3,Not Placed
20,Male,9.55,CSE,2,3,6,3,87,87,94,88,89,0,Placed
20,Male,8.8,IT,2,4,4,2,76,81,77,74,71,0,Placed
23,Female,6.63,IT,2,2,2,1,59,85,69,72,76,1,Placed
21,Female,6.91,EEE,2,0,2,1,58,62,63,58,64,1,Not Placed
20,Female,9.02,ECE,2,1,3,5,88,83,84,76,89,0,Placed
22,Male,7.59,MECH,2,0,0,1,60,54,77,60,70,1,Placed
20,Male,9.17,ECE,2,0,0,5,93,70,76,71,70,2,Placed
19,Female,9.27,CSE,2,0,0,2,81,60,77,77,77,0,Not Placed
18,Female,7.47,IT,1,0,5,2,71,77,62,75,50,3,Not Placed
20,Female,7.82,IT,2,1,6,0,69,63,74,65,60,1,Not Placed
21,Male,7.17,ECE,2,1,1,0,65,70,72,63,70,3,Not Placed
19,Female,7.45,CIVIL,1,0,1,4,76,84,74,82,80,0,Placed
21,Male,6.68,IT,3,3,1,2,57,65,62,57,55,1,Not Placed
19,Male,5.04,ECE,1,1,1,1,68,54,56,50,52,0,Not Placed
22,Male,7.79,CSE,1,2,2,2,73,61,84,77,76,0,Placed
18,Male,7.33,ECE,2,1,2,4,82,66,78,81,69,0,Placed
21,Male,8.15,EEE,3,0,1,3,70,79,80,80,61,0,Placed
18,Male,7.48,EEE,2,3,5,0,61,82,76,69,76,1,Not Placed
20,Female,6.32,CIVIL,2,1,0,3,60,62,64,66,59,0,Placed
18,Female,8.64,CIVIL,2,1,0,2,75,86,62,72,82,1,Placed
21,Male,7.16,ECE,3,0,2,2,66,90,78,66,75,2,Placed
22,Female,6.85,MECH,2,1,2,3,65,80,65,74,72,0,Not Placed
18,Male,6.73,EEE,1,0,1,2,63,65,63,66,60,1,Placed
22,Male,9.89,ECE,2,1,1,3,76,90,95,82,73,0,Placed
21,Female,6.07,CSE,1,0,0,0,55,56,65,47,54,4,Not Placed
21,Male,7.64,CIVIL,2,4,1,2,71,83,77,73,71,0,Placed
21,Male,5.03,CIVIL,2,0,3,2,49,49,59,55,52,0,Not Placed
20,Female,8.66,ECE,2,2,1,3,68,80,50,62,63,1,Placed
22,Male,8.1,IT,3,0,1,0,69,47,73,61,65,0,Placed
22,Male,6.35,CSE,2,0,1,1,52,65,41,53,50,4,Not Placed
22,Female,7.5,CSE,2,2,2,2,72,66,70,65,72,0,Not Placed
19,Female,6.91,MECH,2,1,0,2,71,61,57,57,57,2,Placed
22,Male,5.81,IT,1,0,0,4,51,51,47,54,40,1,Not Placed
19,Female,7.81,ECE,2,1,2,4,70,59,83,69,78,0,Placed
21,Male,8.3,IT,3,1,5,2,78,83,95,75,83,0,Placed
18,Male,9.57,ECE,2,1,4,2,81,72,73,86,82,0,Placed
19,Male,7.8,EEE,2,1,4,4,84,72,78,83,74,0,Placed
21,Male,6.98,MECH,2,3,0,2,69,76,71,50,83,1,Placed
24,Female,9.17,IT,3,1,2,3,73,74,88,87,81,0,Placed
18,Female,8.73,IT,1,1,2,2,91,74,79,85,81,0,Placed
21,Male,7.53,CSE,1,2,4,3,75,75,84,74,69,0,Placed
21,Male,6.09,MECH,2,1,4,4,74,54,56,50,64,1,Not Placed
25,Male,7.42,MECH,1,0,2,0,72,67,80,65,69,2,Not Placed
22,Female,8.01,IT,3,0,1,3,59,65,76,71,61,0,Not Placed
18,Male,5.96,CSE,2,0,1,2,48,62,67,58,51,0,Placed
19,Female,8.54,ECE,1,1,1,3,71,80,66,65,79,1,Placed
21,Male,9.43,EEE,3,3,2,3,89,85,94,86,75,0,Placed
19,Male,7.84,EEE,1,1,2,0,80,72,69,73,71,0,Placed
24,Female,9.45,CSE,2,4,1,4,86,78,87,87,82,0,Placed
24,Female,8.15,CIVIL,2,0,2,4,78,71,75,56,63,0,Placed
25,Male,7.33,ECE,3,1,2,1,71,82,69,68,69,0,Placed
20,Male,7.99,ECE,2,4,2,2,75,54,73,73,74,2,Not Placed
22,Female,6.53,CSE,2,0,3,1,51,43,75,71,74,4,Not Placed
22,Female,6.05,CSE,3,1,1,2,60,58,63,60,47,2,Not Placed
18,Female,9.74,CSE,2,2,3,3,85,73,84,72,92,0,Not Placed
19,Female,8.46,IT,1,3,3,0,85,73,80,74,88,0,Placed
19,Female,6.76,CIVIL,2,3,1,1,61,76,67,51,88,3,Not Placed
20,Male,7.61,EEE,2,1,0,1,67,84,78,67,77,0,Placed
25,Male,7.79,CIVIL,2,0,2,1,69,81,78,60,73,2,Placed
23,Male,7.2,ECE,2,0,3,2,68,67,72,45,66,1,Not Placed
20,Female,8.75,CSE,2,0,0,0,76,59,74,77,76,0,Placed
21,Male,9.29,EEE,2,4,2,1,85,84,80,72,79,0,Placed
19,Male,7.86,ECE,2,2,6,2,74,72,60,73,57,0,Not Placed
19,Female,8.83,MECH,2,3,6,0,80,77,70,85,70,0,Placed
18,Male,7.68,ECE,1,1,2,3,65,73,77,69,72,1,Placed
22,Female,8.04,CSE,2,3,2,5,74,83,69,68,81,0,Placed
22,Male,6.95,EEE,3,1,1,1,59,76,60,67,66,1,Not Placed
23,Female,9.49,EEE,3,4,1,4,95,84,88,77,90,0,Placed
24,Female,8.41,ECE,1,3,3,3,79,79,74,69,73,1,Placed
19,Male,7.68,CSE,1,3,5,2,80,92,66,71,88,0,Placed
22,Male,6.82,IT,2,0,1,1,49,60,46,51,62,2,Not Placed
19,Male,6.55,MECH,2,0,0,0,66,57,60,53,54,1,Not Placed
20,Female,8.24,IT,2,1,3,3,83,74,79,75,80,0,Not Placed
21,Female,7.94,EEE,1,2,3,2,60,68,77,74,70,1,Placed
18,Male,5.99,CSE,2,0,0,1,41,53,51,57,40,1,Not Placed
19,Male,7.57,IT,1,1,5,1,70,89,83,75,75,0,Placed
19,Female,6.77,IT,1,0,0,1,58,68,61,62,55,1,Not Placed
19,Male,7.68,CSE,2,0,2,0,88,78,91,85,66,0,Placed
25,Female,7.08,IT,3,1,2,5,76,63,75,69,56,0,Placed
20,Male,7.37,EEE,3,1,1,6,68,63,72,79,69,2,Not Placed
21,Male,8.71,IT,1,1,5,5,79,75,69,82,76,2,Not Placed
28,Male,6.3,CSE,2,1,1,2,55,76,53,63,59,1,Not Placed
21,Male,6.33,EEE,1,1,1,3,59,74,63,60,61,3,Not Placed
20,Female,7.98,ECE,3,0,1,1,62,58,71,67,60,1,Not Placed
24,Female,9.28,IT,1,0,3,1,78,68,65,81,74,1,Placed
19,Female,5.84,EEE,3,1,0,2,63,73,60,58,52,0,Not Placed
19,Female,6.51,IT,2,1,2,2,50,46,58,59,58,1,Not Placed
21,Female,8.44,ECE,3,3,3,0,73,67,95,88,75,1,Placed
20,Female,6.09,CSE,1,0,1,3,62,66,64,59,76,1,Not Placed
23,Female,6.75,IT,2,1,1,1,61,63,71,62,68,4,Not Placed
18,Female,5.0,CSE,1,0,0,3,51,72,42,51,54,2,Not Placed
21,Female,7.05,MECH,2,3,0,1,67,60,61,64,71,1,Placed
22,Male,6.95,CSE,2,2,0,2,60,65,64,78,63,1,Placed
26,Male,8.4,EEE,3,3,1,5,68,79,84,87,86,0,Placed
19,Male,8.09,EEE,2,1,0,2,55,71,64,60,62,2,Not Placed
19,Male,9.79,IT,3,3,3,3,88,81,79,81,87,0,Placed
25,Male,6.5,CSE,2,0,1,1,65,69,57,69,51,1,Not Placed
21,Male,6.38,CSE,2,0,3,3,73,73,68,48,66,2,Not Placed
18,Male,9.53,CSE,1,3,1,1,88,74,93,78,76,0,Placed
18,Female,7.19,MECH,1,4,3,2,69,77,82,67,78,1,Placed
23,Female,7.5,CSE,1,0,1,1,55,56,60,49,69,0,Not Placed
21,Male,8.73,IT,1,0,0,1,67,68,68,77,64,0,Placed
21,Female,9.06,CSE,1,2,4,7,83,73,88,76,86,0,Placed
24,Female,9.41,EEE,2,4,3,1,82,77,75,89,81,0,Not Placed
19,Female,7.3,IT,2,1,2,3,58,79,69,60,62,1,Not Placed
19,Male,7.18,IT,2,0,3,0,70,79,63,68,70,1,Placed
21,Male,7.73,CSE,2,2,1,2,70,81,64,64,75,2,Placed
24,Male,6.13,MECH,3,0,2,2,69,51,54,52,48,2,Not Placed
19,Female,8.09,ECE,2,2,3,3,64,80,70,66,75,1,Placed
22,Female,6.96,CSE,1,1,2,4,71,68,68,69,63,1,Not Placed
19,Female,8.88,EEE,3,1,3,2,77,90,82,84,83,0,Placed
19,Female,9.15,EEE,3,1,2,0,78,77,81,75,66,0,Not Placed
24,Female,6.96,IT,2,0,3,4,65,60,70,69,52,0,Not Placed
18,Female,6.95,CIVIL,1,3,3,0,75,80,68,61,84,0,Placed
18,Female,8.01,CSE,3,2,3,1,81,74,69,66,84,0,Placed
22,Female,6.53,MECH,3,0,4,2,54,54,47,64,75,1,Not Placed
20,Male,8.11,MECH,3,0,4,4,76,63,70,85,74,0,Placed
20,Female,6.96,ECE,2,1,4,3,55,73,75,72,63,1,Placed
23,Male,6.21,ECE,1,0,0,3,56,57,58,53,54,4,Not Placed
19,Male,6.91,CSE,2,0,0,1,66,61,70,59,58,3,Not Placed
22,Other,9.11,CSE,2,2,2,5,79,95,83,84,71,0,Placed
20,Male,7.21,IT,1,2,1,2,63,61,73,62,59,2,Placed
18,Male,8.15,MECH,2,3,2,1,95,84,90,84,95,0,Placed
22,Female,7.62,CSE,3,1,1,3,66,48,63,51,68,2,Not Placed
20,Male,7.54,IT,1,0,4,2,78,56,77,53,57,0,Placed
23,Male,10.0,CSE,1,2,1,5,95,79,89,84,80,0,Placed
24,Male,6.48,CSE,2,0,3,2,57,61,61,60,60,5,Not Placed
23,Male,5.86,IT,3,0,1,3,56,52,61,61,57,0,Not Placed
20,Male,8.44,CIVIL,3,1,1,3,80,74,77,66,63,0,Placed
19,Male,6.88,CSE,2,0,1,1,59,80,52,64,60,1,Placed
24,Female,9.22,CSE,2,2,1,2,71,58,65,65,59,1,Not Placed
20,Male,6.8,CSE,3,1,6,1,69,69,56,62,60,0,Not Placed
22,Female,8.38,ECE,2,2,1,2,70,62,60,67,86,2,Placed
23,Male,6.69,ECE,1,0,1,2,63,59,72,50,63,2,Placed
19,Male,7.92,CSE,2,0,3,1,60,68,70,60,74,1,Not Placed
18,Female,6.94,CSE,2,2,1,2,75,64,70,68,62,0,Placed
21,Male,7.56,IT,2,0,2,1,45,80,63,55,66,3,Not Placed
21,Male,7.04,CSE,2,0,3,3,62,63,66,69,64,0,Not Placed
19,Male,7.05,MECH,1,0,2,1,54,66,62,63,74,2,Not Placed
21,Male,6.67,EEE,3,0,0,0,61,59,49,61,40,1,Placed
23,Male,7.19,IT,2,1,0,1,63,77,58,74,70,3,Not Placed
20,Male,7.03,ECE,1,2,3,4,68,61,60,57,56,1,Placed
19,Male,5.93,IT,2,1,2,4,66,66,54,60,40,2,Not Placed
22,Male,8.17,CSE,2,1,1,1,62,81,80,61,69,0,Placed
23,Male,7.37,ECE,2,0,4,3,65,62,64,65,59,1,Not Placed
25,Female,6.6,EEE,3,0,1,2,60,73,61,59,54,0,Not Placed
19,Male,7.85,IT,3,1,4,3,68,73,79,71,82,0,Not Placed
24,Female,9.52,CSE,2,3,2,5,70,91,79,91,88,0,Placed
22,Female,6.84,CSE,2,0,0,1,60,80,65,67,62,0,Placed
22,Male,8.26,IT,2,2,3,2,69,68,65,76,63,0,Placed
20,Male,7.12,IT,2,0,3,1,53,66,67,79,51,3,Not Placed
18,Male,7.2,EEE,2,1,2,3,74,57,74,56,64,1,Placed
21,Male,9.36,CSE,2,1,2,2,82,74,73,84,82,0,Placed
20,Male,8.51,EEE,3,0,4,5,78,69,71,66,68,1,Placed
20,Male,5.56,CIVIL,2,0,0,0,50,48,51,49,61,3,Not Placed
24,Female,7.89,CSE,1,1,2,3,70,75,76,71,78,0,Placed
19,Female,8.66,ECE,3,2,3,3,81,70,74,71,78,0,Placed
25,Male,7.52,IT,3,1,4,1,55,70,60,58,69,0,Placed
21,Female,9.38,ECE,2,2,2,3,75,64,91,78,67,0,Placed
23,Male,6.72,MECH,3,1,1,2,67,65,70,67,60,0,Not Placed
20,Male,6.0,MECH,2,0,2,0,68,68,68,46,65,0,Not Placed
21,Male,7.54,IT,1,2,1,3,64,67,77,58,74,1,Placed
21,Female,5.45,EEE,2,0,1,0,55,40,52,40,57,1,Not Placed
24,Male,6.42,ECE,1,1,3,4,63,72,75,68,72,2,Not Placed
19,Female,8.73,EEE,2,1,1,3,85,86,79,77,76,0,Placed
19,Female,6.04,MECH,3,0,1,2,51,56,50,54,43,4,Not Placed
25,Male,6.35,EEE,2,1,0,2,45,51,63,71,57,2,Not Placed
18,Male,6.54,CSE,2,0,1,1,58,72,62,48,56,1,Placed
21,Male,6.99,CSE,2,2,2,1,69,71,71,74,59,0,Not Placed
18,Female,7.3,EEE,2,1,2,1,64,72,74,70,82,0,Not Placed
18,Male,8.84,CSE,2,2,4,3,71,86,79,84,95,0,Placed
21,Male,8.6,ECE,3,3,1,1,77,76,72,76,90,0,Placed
21,Male,8.11,ECE,3,0,3,1,71,72,67,66,84,0,Placed
21,Female,7.83,MECH,2,1,2,0,69,61,71,65,86,0,Placed
21,Female,8.51,MECH,2,1,3,4,76,69,72,59,94,0,Placed
22,Male,7.01,CSE,2,1,2,3,55,60,67,55,51,2,Not Placed
28,Male,8.51,ECE,2,2,5,1,78,70,79,73,83,0,Placed
19,Male,5.63,EEE,1,0,2,0,58,66,61,53,57,2,Not Placed
20,Male,8.78,CSE,2,0,4,0,68,74,67,81,68,0,Placed
20,Male,8.42,IT,2,1,1,3,67,74,86,81,81,0,Not Placed
22,Female,7.73,ECE,2,1,2,2,69,75,68,76,51,0,Placed
20,Male,6.7,IT,1,0,3,2,65,70,73,69,79,0,Placed
22,Male,8.91,IT,2,0,1,1,68,87,74,57,66,1,Not Placed
20,Male,5.0,CSE,3,0,0,0,41,61,43,41,44,2,Not Placed
21,Male,8.52,EEE,3,0,1,2,73,63,75,68,74,1,Placed
23,Female,7.61,CSE,2,2,3,0,63,73,71,53,60,1,Not Placed
21,Female,6.5,IT,3,1,4,1,76,74,72,65,65,1,Not Placed
21,Male,9.15,ECE,3,2,6,5,70,85,70,70,68,1,Not Placed
19,Male,7.69,CSE,3,0,0,0,80,61,64,78,64,0,Placed
21,Female,5.29,IT,3,0,1,0,62,64,63,67,60,0,Not Placed
19,Female,7.16,CSE,2,0,1,0,67,66,78,61,71,3,Not Placed
23,Female,7.83,CSE,3,1,2,4,59,60,66,55,86,1,Placed
20,Female,8.46,IT,1,0,2,5,60,80,81,71,52,0,Placed
19,Female,7.44,IT,2,4,0,0,71,79,74,74,68,2,Placed
19,Female,7.11,IT,3,0,2,3,77,81,80,74,76,1,Not Placed
21,Female,7.25,CSE,1,1,2,2,52,61,65,61,53,1,Placed
24,Female,7.91,IT,1,0,2,2,73,72,71,62,63,0,Not Placed
20,Female,7.54,CSE,2,0,5,2,81,74,74,89,90,1,Placed
19,Female,6.11,CSE,2,0,1,1,43,50,56,45,44,3,Not Placed
20,Male,7.89,CSE,2,0,2,5,67,58,72,61,72,0,Not Placed
26,Male,6.81,CSE,2,4,5,3,60,68,58,56,67,0,Not Placed
23,Female,6.75,ECE,1,2,2,4,68,68,61,64,62,0,Not Placed
19,Male,6.38,CIVIL,3,3,2,1,59,68,69,49,40,0,Not Placed
21,Male,7.18,CSE,2,0,0,3,67,62,62,66,74,2,Placed
23,Male,9.33,EEE,3,3,2,3,94,63,90,83,70,0,Placed
22,Male,6.76,CSE,2,0,2,4,44,61,66,62,50,3,Not Placed
21,Male,5.37,IT,1,0,5,2,69,67,65,57,60,1,Not Placed
22,Male,6.46,IT,2,1,2,1,45,44,54,56,68,2,Not Placed
21,Male,9.3,CSE,2,2,2,4,76,68,81,74,75,0,Placed
19,Male,7.17,ECE,3,3,0,3,61,60,61,75,63,1,Not Placed
18,Male,7.27,CSE,2,0,2,2,63,60,76,55,60,1,Placed
20,Male,7.85,MECH,3,1,3,1,77,77,75,63,66,2,Placed
18,Male,7.32,ECE,2,1,1,3,52,75,65,64,62,2,Not Placed
20,Male,7.11,EEE,1,1,1,2,60,70,74,68,52,3,Not Placed
23,Female,9.67,CSE,2,2,1,4,92,91,91,92,95,0,Placed
23,Male,9.14,IT,2,1,1,4,93,82,87,86,85,0,Placed
18,Female,7.37,EEE,1,0,1,2,67,57,63,69,64,0,Not Placed
18,Female,7.68,IT,1,0,1,3,76,83,77,77,79,1,Not Placed
22,Male,6.23,ECE,2,0,0,3,51,72,65,63,62,0,Not Placed
21,Male,6.04,IT,2,0,1,1,40,63,40,53,55,1,Not Placed
19,Male,7.86,ECE,3,1,4,1,71,82,73,69,57,1,Placed
23,Male,7.57,ECE,2,1,5,2,66,68,82,86,75,1,Placed
19,Female,8.03,CSE,2,0,4,1,70,78,73,69,62,0,Placed
18,Female,7.29,MECH,2,0,1,1,50,67,69,67,72,3,Not Placed
22,Female,8.13,EEE,3,0,2,4,69,71,78,60,50,0,Placed
21,Female,7.82,CSE,1,2,0,1,67,73,83,75,65,2,Placed
20,Female,7.79,CSE,1,1,0,2,79,65,62,69,73,0,Placed
22,Female,7.22,EEE,1,1,0,1,65,52,62,58,65,0,Placed
24,Male,5.72,ECE,3,0,1,3,51,63,60,52,57,3,Not Placed
18,Male,7.24,CIVIL,1,1,3,1,74,56,69,65,65,1,Placed
21,Male,8.64,ECE,3,0,2,3,76,68,88,82,68,0,Placed
19,Male,5.82,CSE,2,1,2,0,57,67,53,59,50,0,Placed
21,Male,7.69,CSE,3,0,3,2,68,77,73,80,73,0,Placed
20,Male,7.7,ECE,2,0,0,2,78,75,72,59,63,0,Not Placed
20,Female,8.34,IT,2,1,3,0,85,83,80,66,77,0,Placed
19,Male,7.53,CIVIL,3,1,3,4,73,91,69,70,71,1,Placed
23,Female,6.81,EEE,1,0,2,2,70,71,71,67,80,1,Not Placed
20,Male,5.4,MECH,2,0,4,0,51,52,62,48,61,1,Not Placed
24,Male,6.68,EEE,3,0,0,3,68,72,67,62,71,5,Not Placed
20,Female,8.69,ECE,1,2,3,1,76,75,69,64,77,0,Placed
23,Male,6.98,ECE,3,0,1,1,61,57,82,63,61,0,Not Placed
21,Female,7.71,ECE,2,1,1,2,58,82,61,66,68,0,Placed
20,Female,5.82,ECE,1,0,0,1,54,64,41,67,52,4,Not Placed
22,Male,9.56,MECH,1,2,4,1,77,71,79,86,70,0,Placed
23,Male,8.64,CSE,2,1,1,1,78,81,62,85,62,0,Placed
21,Male,8.19,MECH,1,0,3,1,83,80,68,71,60,0,Placed
20,Male,7.71,ECE,2,0,1,4,70,74,76,69,92,0,Placed
21,Female,7.97,IT,2,1,5,2,79,67,89,78,73,0,Placed
21,Female,7.01,CSE,1,1,2,2,73,71,58,68,68,1,Placed
20,Male,7.07,CSE,1,0,2,0,60,51,77,75,62,1,Not Placed
22,Female,7.19,ECE,1,0,1,3,62,82,68,64,68,0,Placed
20,Female,9.15,CSE,1,4,2,0,89,62,87,95,84,0,Placed
20,Male,7.56,CSE,2,1,2,1,74,79,55,77,76,1,Placed
21,Male,6.58,CSE,2,1,0,1,56,61,63,64,40,1,Not Placed
27,Female,7.79,IT,3,2,4,4,79,66,68,72,77,2,Not Placed
19,Female,6.21,CIVIL,2,1,2,2,53,60,76,61,61,1,Not Placed
19,Male,8.5,ECE,3,3,3,4,75,80,76,70,69,0,Placed
19,Male,6.97,IT,3,0,4,2,64,77,65,69,65,1,Not Placed
22,Male,7.73,CIVIL,3,1,2,1,66,70,69,81,71,1,Placed
20,Female,8.46,IT,1,1,3,1,78,95,79,74,76,0,Placed
20,Female,7.29,CIVIL,1,1,2,4,79,76,78,76,79,0,Placed
19,Male,7.17,CIVIL,2,4,1,2,75,73,62,57,80,3,Not Placed
24,Female,8.53,EEE,2,1,1,2,75,68,72,64,83,2,Not Placed
20,Male,7.1,ECE,3,0,1,5,65,59,65,60,70,2,Not Placed
21,Female,5.93,MECH,2,0,1,2,62,61,61,51,66,1,Not Placed
18,Female,7.27,IT,3,1,0,3,67,75,66,59,62,0,Placed
18,Male,8.48,IT,2,4,2,1,81,80,92,88,79,0,Placed
18,Male,7.52,CSE,2,1,0,8,71,67,78,71,57,0,Placed
20,Male,6.75,CSE,2,0,1,0,51,70,54,63,64,0,Placed
21,Female,7.31,CSE,1,0,2,3,62,62,63,63,69,2,Not Placed
19,Female,8.44,MECH,3,3,2,3,87,58,85,71,65,0,Not Placed
20,Male,7.99,CSE,2,1,2,1,72,68,76,77,81,0,Placed
18,Female,8.58,IT,1,4,3,3,74,74,72,85,57,1,Placed
20,Female,6.16,IT,2,0,1,3,81,69,66,60,62,2,Placed
18,Male,7.35,IT,2,3,0,2,69,63,73,85,82,0,Not Placed
19,Male,6.51,MECH,2,0,1,1,61,74,61,59,51,0,Not Placed
18,Male,6.42,MECH,2,0,3,3,52,73,54,65,80,1,Not Placed
22,Male,8.13,ECE,2,2,2,4,80,83,71,74,77,0,Not Placed
25,Female,8.0,EEE,2,3,5,1,81,70,72,75,90,1,Not Placed
21,Female,7.1,MECH,2,0,1,2,62,75,52,62,61,0,Not Placed
18,Male,6.69,IT,1,0,2,0,71,69,72,50,62,3,Not Placed
27,Male,7.49,IT,2,0,4,1,73,66,74,65,67,0,Not Placed
26,Male,8.86,CSE,1,2,5,4,85,86,88,91,86,0,Placed
21,Male,5.25,CSE,2,0,0,1,54,64,51,44,48,0,Not Placed
18,Male,8.2,CIVIL,3,1,2,3,67,87,80,79,69,0,Placed
22,Female,6.87,EEE,3,0,0,1,59,60,52,49,64,1,Not Placed
26,Female,6.32,IT,2,0,0,0,82,73,73,59,52,1,Not Placed
22,Female,7.98,CSE,2,0,2,2,79,76,67,63,71,0,Placed
21,Male,6.79,EEE,3,0,2,1,75,67,65,67,66,2,Placed
21,Male,6.64,CIVIL,2,0,1,5,65,72,59,70,71,2,Not Placed
26,Female,7.74,CIVIL,2,1,1,3,62,80,78,71,74,1,Placed
18,Male,7.3,EEE,1,0,2,4,60,55,56,66,68,3,Not Placed
19,Male,6.15,ECE,1,1,4,3,69,67,65,48,50,0,Placed
23,Female,8.03,CSE,3,2,1,3,74,82,65,78,79,0,Placed
19,Female,8.76,CSE,2,2,4,3,84,72,69,95,73,0,Placed
20,Female,7.95,CSE,2,1,2,3,70,95,72,79,72,1,Not Placed
20,Male,6.08,ECE,2,0,0,0,56,53,50,62,69,2,Not Placed
19,Female,8.62,MECH,3,0,3,2,75,82,70,72,73,0,Not Placed
18,Male,7.44,MECH,1,1,0,3,70,90,74,77,76,0,Placed
21,Male,6.34,IT,2,0,2,1,49,62,55,51,78,1,Not Placed
20,Male,8.02,IT,2,2,4,2,64,84,69,68,65,1,Not Placed
21,Female,7.66,IT,2,0,2,2,73,64,66,58,74,2,Placed
20,Male,9.6,ECE,2,2,2,4,95,64,95,75,93,0,Placed
25,Female,8.57,MECH,3,0,1,3,83,75,95,83,60,0,Placed
21,Female,6.16,EEE,1,1,1,2,46,57,50,54,83,4,Placed
26,Female,9.6,MECH,1,1,0,5,86,94,89,95,74,0,Placed
20,Male,7.81,ECE,3,0,0,3,67,74,48,62,55,1,Placed
18,Female,8.79,ECE,3,1,2,3,74,75,70,76,78,1,Placed
23,Male,8.36,CIVIL,2,2,3,4,67,89,81,89,73,2,Placed
23,Male,6.75,ECE,1,2,3,3,56,51,65,64,56,2,Not Placed
18,Male,7.97,CSE,1,0,1,5,68,85,64,61,48,2,Placed
21,Female,7.75,IT,1,1,3,2,77,70,59,65,59,2,Not Placed
22,Female,7.57,CSE,2,1,4,2,79,74,65,73,68,0,Placed
19,Female,8.39,CSE,2,1,2,4,72,67,71,64,66,0,Placed
21,Male,7.91,IT,1,3,1,2,90,68,81,77,79,0,Placed
19,Male,7.67,EEE,1,0,2,3,70,58,70,65,77,0,Placed
18,Male,6.94,CSE,2,3,2,3,64,70,57,62,72,0,Placed
23,Female,8.51,IT,2,1,1,3,73,77,82,84,91,0,Placed
21,Female,8.52,IT,1,2,2,5,71,69,82,68,72,0,Placed
23,Female,7.3,MECH,2,0,3,2,65,67,68,78,57,0,Placed
22,Male,6.82,CSE,1,1,2,2,71,61,60,71,56,1,Not Placed
28,Male,5.84,CSE,2,0,1,2,53,82,58,60,59,0,Placed
20,Female,6.85,ECE,1,0,2,3,52,53,57,58,63,0,Placed
20,Male,6.22,ECE,1,0,3,3,69,51,60,52,68,1,Placed
20,Male,8.29,CSE,2,1,1,4,75,68,75,90,59,1,Placed
21,Male,8.17,EEE,2,0,1,2,65,80,89,83,64,0,Not Placed
21,Male,7.73,IT,1,1,3,2,57,64,82,65,76,0,Not Placed
22,Male,9.4,ECE,3,2,3,3,74,82,86,81,79,0,Not Placed
20,Female,8.74,ECE,3,1,6,3,70,83,74,69,73,0,Placed
19,Female,8.17,CSE,2,1,1,4,68,79,60,60,64,0,Placed
23,Female,7.45,CSE,2,1,2,1,66,67,60,58,56,2,Not Placed
23,Male,8.46,IT,1,1,1,2,85,81,87,80,80,0,Placed
20,Female,8.16,CSE,3,0,3,2,54,82,59,75,80,1,Not Placed
22,Male,7.6,CSE,1,0,2,1,65,59,80,64,76,0,Placed
21,Male,6.71,IT,2,0,1,1,67,53,73,64,55,2,Not Placed
22,Male,6.85,IT,2,0,1,3,58,61,62,52,51,2,Not Placed
20,Male,6.14,MECH,2,0,1,2,56,61,46,55,57,0,Not Placed
21,Female,7.37,ECE,1,0,2,4,75,77,77,77,77,0,Placed
18,Female,6.24,CIVIL,1,1,0,2,53,63,53,65,71,0,Not Placed
19,Male,10.0,IT,2,4,4,6,90,95,95,95,95,0,Placed
23,Female,6.66,IT,1,0,2,1,56,63,48,46,46,1,Not Placed
20,Male,7.11,IT,3,0,1,0,51,60,63,51,57,2,Not Placed
18,Male,7.75,CSE,2,1,5,1,74,78,72,73,64,0,Placed
19,Female,8.48,CSE,1,0,4,1,91,74,72,86,79,0,Placed
20,Female,6.72,CSE,3,0,0,1,76,69,77,76,58,1,Not Placed
22,Female,8.5,EEE,2,2,4,3,65,90,79,80,59,1,Not Placed
20,Male,6.05,IT,2,0,1,1,46,57,43,43,40,5,Not Placed
22,Male,6.69,CSE,1,2,3,1,54,79,66,64,68,0,Placed
23,Male,6.14,EEE,2,1,1,1,62,74,50,46,57,2,Not Placed
20,Male,6.36,CSE,3,1,1,1,51,66,53,50,57,1,Not Placed
23,Male,7.52,MECH,3,1,2,1,79,67,69,75,70,0,Placed
19,Male,5.4,MECH,2,1,2,4,42,50,42,50,51,2,Not Placed
20,Male,6.01,IT,2,0,2,3,52,62,62,61,47,4,Not Placed
18,Male,6.81,CSE,3,1,1,1,60,61,64,73,65,3,Placed
18,Female,7.03,CIVIL,1,0,1,3,63,69,50,74,48,2,Placed
18,Male,7.15,MECH,2,1,2,0,75,78,52,63,71,1,Not Placed
18,Male,7.82,CIVIL,2,4,3,0,63,82,68,79,81,2,Placed
23,Female,8.78,CSE,2,1,4,1,64,66,65,84,70,0,Not Placed
21,Female,8.13,ECE,1,1,2,3,74,63,84,72,87,2,Not Placed
25,Male,9.05,CSE,1,3,4,4,71,65,94,81,80,0,Not Placed
21,Male,8.17,IT,1,0,2,3,65,55,61,71,72,0,Placed
21,Male,8.22,CSE,3,0,1,2,74,87,57,66,54,1,Placed
19,Female,7.69,EEE,2,0,3,2,64,73,75,72,81,1,Not Placed
21,Male,7.61,ECE,3,0,1,1,62,79,67,71,62,1,Not Placed
20,Male,7.32,EEE,3,4,1,2,63,61,71,63,67,0,Placed
25,Female,6.97,CSE,2,0,1,2,82,71,65,69,63,1,Not Placed
25,Female,6.51,CIVIL,2,0,0,1,56,63,58,66,55,0,Not Placed
19,Male,7.6,IT,2,0,2,1,76,59,74,75,76,2,Not Placed
21,Male,8.69,CIVIL,3,0,2,0,57,86,53,64,58,1,Not Placed
21,Male,6.77,ECE,2,1,0,0,71,74,65,61,57,2,Not Placed
21,Male,7.44,CSE,3,1,2,2,60,50,53,57,56,0,Placed
19,Male,5.98,EEE,3,1,0,2,56,56,55,63,68,0,Not Placed
22,Female,9.23,ECE,1,2,2,0,73,88,79,81,95,0,Placed
23,Female,7.38,CSE,2,1,1,2,66,78,64,71,77,1,Placed
20,Female,6.75,CSE,1,0,0,1,71,61,62,48,63,2,Not Placed
21,Female,7.31,CIVIL,2,0,2,2,71,94,66,69,82,0,Placed
18,Male,7.55,CIVIL,1,2,3,3,60,69,59,62,74,2,Placed
25,Male,6.9,ECE,2,0,2,1,55,47,52,55,53,1,Not Placed
18,Female,7.83,CSE,3,1,4,5,78,85,89,64,74,1,Placed
19,Male,7.6,IT,2,0,2,2,61,57,68,61,70,1,Not Placed
20,Male,6.46,CSE,1,1,0,4,63,71,59,57,57,1,Not Placed
23,Male,7.85,ECE,2,0,1,1,76,74,67,77,71,1,Placed
22,Female,8.38,IT,1,2,4,5,84,66,75,80,77,1,Placed
18,Female,8.19,IT,1,0,1,1,65,68,70,64,49,1,Placed
19,Male,6.55,MECH,2,2,0,1,57,85,70,60,43,3,Not Placed
22,Male,8.46,CIVIL,2,0,2,4,79,61,59,76,75,1,Placed
20,Female,7.68,CSE,2,1,3,0,63,48,46,66,61,2,Not Placed
18,Male,9.05,IT,2,0,5,2,76,86,88,91,76,0,Placed
26,Male,7.48,ECE,2,0,2,1,77,78,75,72,73,0,Placed
19,Female,5.0,CSE,3,0,0,1,40,58,55,56,56,3,Not Placed
21,Female,7.67,IT,2,0,4,1,86,71,68,64,87,0,Placed
19,Male,10.0,CSE,2,4,4,3,86,81,87,84,74,0,Placed
22,Male,9.3,CSE,2,1,5,4,95,91,85,86,78,0,Placed
22,Female,8.63,EEE,1,1,6,2,83,85,91,80,95,0,Placed
20,Male,7.4,IT,1,1,3,4,63,62,64,66,57,0,Not Placed
22,Female,8.52,EEE,2,2,5,3,68,77,77,77,78,0,Placed
24,Female,7.27,CSE,1,1,0,3,62,66,75,63,73,1,Not Placed
23,Female,7.95,ECE,2,0,4,1,63,72,76,73,61,1,Placed
20,Male,6.56,ECE,2,0,0,2,58,59,49,40,60,0,Not Placed
20,Male,5.92,MECH,2,0,2,2,75,54,69,48,56,1,Not Placed
24,Male,7.44,CSE,2,1,1,0,67,60,64,64,72,0,Placed
18,Male,7.18,ECE,1,1,0,3,81,61,85,72,79,0,Not Placed
18,Male,8.73,MECH,2,1,3,1,76,72,73,67,68,0,Placed
19,Male,7.8,CSE,2,0,1,1,64,81,76,71,62,0,Not Placed
23,Male,6.7,CSE,2,2,1,0,70,70,62,47,47,1,Not Placed
19,Female,7.3,IT,3,0,2,2,53,61,75,78,43,0,Not Placed
20,Male,7.35,CIVIL,3,1,2,1,70,80,56,63,66,0,Placed
21,Male,8.29,CSE,2,1,2,1,80,84,86,63,75,0,Placed
19,Male,8.7,CSE,1,2,2,3,77,92,65,81,81,0,Placed
20,Female,8.65,CIVIL,1,0,3,1,84,66,68,71,83,0,Placed
21,Male,7.76,IT,1,1,2,2,62,59,60,61,74,0,Not Placed
19,Female,5.33,CSE,1,0,0,0,42,40,56,48,41,2,Not Placed
28,Male,5.25,ECE,1,0,1,2,47,69,54,62,50,1,Not Placed
19,Female,8.5,CSE,2,4,5,3,72,90,61,64,75,0,Placed
23,Female,7.44,IT,2,0,2,0,57,48,68,64,71,0,Not Placed
21,Male,7.45,CSE,1,0,0,3,65,68,59,72,57,1,Placed
19,Female,8.62,ECE,2,1,3,2,82,94,88,78,95,0,Placed
18,Female,9.76,ECE,3,0,1,2,83,70,86,74,79,0,Placed
21,Male,7.61,CSE,1,1,2,1,60,60,71,73,83,0,Placed
20,Male,7.45,ECE,1,0,3,3,58,71,66,52,69,0,Placed
19,Female,6.75,CIVIL,2,1,3,1,63,63,75,64,70,3,Not Placed
25,Female,8.26,IT,1,2,4,0,83,85,75,59,62,2,Placed
21,Female,8.72,CIVIL,1,3,1,4,80,72,86,84,72,0,Placed
24,Male,7.51,CIVIL,2,1,3,3,65,80,70,67,74,0,Placed
19,Male,7.99,CSE,2,1,1,1,85,75,73,78,70,0,Placed
19,Female,9.24,ECE,3,2,1,0,93,77,76,74,88,0,Placed
21,Female,6.68,MECH,1,0,0,1,46,67,58,63,72,2,Not Placed
19,Male,7.73,EEE,3,3,1,3,70,69,73,76,63,0,Not Placed
19,Male,6.97,EEE,1,0,1,1,80,57,68,76,70,2,Placed
18,Female,5.94,CSE,2,0,0,1,42,43,43,54,51,2,Not Placed
18,Female,5.47,MECH,1,1,0,1,51,49,53,52,55,1,Not Placed
22,Female,6.86,CSE,1,0,1,1,57,68,55,70,52,3,Placed
20,Male,8.38,ECE,3,1,2,3,77,65,72,60,78,1,Placed
26,Male,5.89,MECH,1,1,2,5,68,77,71,74,61,1,Not Placed
19,Male,8.3,IT,1,0,3,2,67,81,78,76,61,0,Placed
20,Male,8.83,ECE,2,0,6,3,82,84,80,95,74,0,Placed
20,Male,6.18,EEE,1,0,3,0,56,72,56,58,67,1,Not Placed
21,Male,8.24,CIVIL,2,0,2,2,68,71,79,67,77,0,Not Placed
24,Male,8.5,IT,3,4,4,0,77,80,74,68,50,0,Placed
23,Male,7.08,ECE,1,0,2,0,59,55,67,67,65,0,Not Placed
18,Female,7.89,CSE,1,0,0,2,62,78,56,71,68,0,Placed
20,Male,6.55,CSE,2,0,0,1,46,62,53,44,60,1,Not Placed
23,Male,9.48,CSE,3,0,2,2,80,89,74,79,74,0,Placed
18,Female,7.67,IT,3,1,1,1,50,70,58,66,46,0,Placed
21,Male,9.38,ECE,3,4,4,6,93,84,86,88,76,0,Placed
19,Male,7.1,CSE,2,0,0,3,71,58,70,75,74,1,Not Placed
20,Female,8.3,CSE,2,2,5,1,92,79,77,79,80,1,Placed
20,Female,7.52,CSE,3,2,1,2,57,71,67,70,53,2,Not Placed
20,Male,7.45,MECH,3,2,3,2,65,59,70,64,70,0,Placed
24,Female,6.47,CSE,1,0,0,0,57,58,63,70,65,1,Not Placed
21,Female,7.83,IT,2,2,4,3,77,62,75,69,72,1,Placed
24,Female,7.0,EEE,3,2,2,4,77,75,68,73,59,1,Not Placed
22,Male,6.84,MECH,3,1,1,2,61,59,71,69,63,2,Not Placed
20,Female,7.46,EEE,2,0,4,0,69,68,75,60,66,1,Not Placed
21,Male,7.01,CSE,2,1,3,3,70,72,57,71,61,0,Placed
20,Male,10.0,CSE,3,2,3,2,89,86,91,86,95,0,Placed
23,Male,7.78,CSE,1,1,2,2,71,71,75,58,52,0,Not Placed
19,Female,10.0,EEE,2,1,4,4,87,89,84,93,86,0,Placed
25,Male,7.07,CSE,3,1,4,2,60,74,75,59,54,1,Not Placed
21,Female,7.87,IT,2,1,2,0,65,73,75,79,71,3,Not Placed
21,Other,6.42,CSE,3,1,0,2,50,60,61,60,48,1,Not Placed
21,Male,7.18,IT,1,0,3,1,73,83,68,52,71,0,Placed
21,Male,7.06,IT,1,0,4,0,75,84,80,70,65,2,Placed
22,Female,8.34,IT,1,0,1,3,93,66,84,78,69,0,Placed
22,Male,7.7,CSE,1,0,2,3,65,65,82,73,74,0,Placed
19,Female,7.96,IT,2,0,1,3,93,84,88,80,84,0,Placed
21,Male,7.91,CSE,2,2,1,1,68,87,74,78,72,0,Placed
20,Male,8.64,ECE,1,0,4,1,73,73,70,93,75,0,Placed
21,Male,7.3,ECE,2,0,1,3,50,62,66,63,49,2,Not Placed
21,Male,10.0,ECE,2,1,6,2,90,85,82,90,95,0,Placed
19,Female,6.52,CSE,1,0,6,0,62,74,68,49,70,1,Placed
22,Male,7.25,ECE,2,0,1,0,55,64,53,54,63,1,Not Placed
20,Male,6.13,IT,2,0,2,2,41,61,57,56,40,1,Not Placed
21,Female,9.37,IT,1,2,3,0,95,85,81,81,81,0,Placed
22,Female,8.47,CSE,3,2,4,3,77,71,75,86,70,0,Placed
22,Male,7.06,CIVIL,2,2,0,3,69,63,67,76,48,2,Placed
22,Female,8.18,IT,2,4,3,2,90,63,71,78,58,0,Placed
19,Male,7.93,IT,2,1,0,3,62,59,71,79,68,0,Placed
18,Female,8.38,CSE,2,0,4,1,94,94,72,93,77,0,Placed
22,Female,6.3,ECE,1,1,2,2,55,59,55,58,61,3,Not Placed
19,Female,5.71,CSE,3,2,2,1,73,63,79,71,50,1,Placed
18,Female,7.53,EEE,1,0,5,3,72,60,68,64,64,0,Placed
19,Female,6.03,CSE,2,0,1,0,47,40,53,46,58,1,Not Placed
20,Male,9.26,CSE,2,3,3,5,95,79,90,80,74,0,Placed
28,Female,8.35,EEE,2,1,1,3,74,54,66,66,71,2,Placed
19,Female,8.63,IT,2,4,2,4,73,68,72,73,79,0,Placed
20,Male,9.31,CSE,1,1,1,4,86,82,84,94,85,0,Placed
24,Female,8.27,EEE,3,1,3,3,56,59,66,69,76,0,Placed
26,Female,6.52,CIVIL,2,2,1,5,60,76,62,58,68,0,Placed
19,Female,6.66,IT,2,0,3,3,71,76,65,61,67,0,Placed
24,Male,9.31,ECE,1,2,3,1,75,71,82,69,76,0,Placed
19,Female,7.29,IT,2,1,2,3,70,74,76,71,72,0,Not Placed
22,Male,5.99,ECE,2,0,3,2,71,65,61,62,80,1,Not Placed
18,Female,7.77,EEE,1,2,4,6,83,94,75,72,72,0,Placed
20,Male,8.12,ECE,1,1,4,5,70,67,73,76,68,1,Not Placed
19,Female,5.22,IT,2,0,1,0,57,54,54,54,56,3,Not Placed
22,Male,6.03,CSE,2,1,2,1,57,65,58,55,51,1,Not Placed
18,Female,9.83,ECE,3,4,3,1,95,88,82,78,94,0,Not Placed
21,Male,8.94,ECE,1,3,2,6,60,92,79,73,70,2,Placed
22,Female,6.89,ECE,1,1,0,0,62,73,62,53,63,2,Not Placed
18,Female,7.27,CSE,1,1,3,0,70,79,58,63,62,0,Placed
24,Male,7.96,IT,2,1,2,3,81,88,73,66,62,2,Not Placed
20,Female,7.88,EEE,2,3,3,2,74,84,80,55,66,1,Placed
19,Female,5.16,CSE,2,0,2,3,60,70,54,58,47,3,Not Placed
19,Male,5.36,MECH,1,1,0,2,45,70,55,60,62,0,Not Placed
20,Male,7.71,IT,1,1,2,1,70,57,61,65,73,0,Not Placed
19,Male,7.85,EEE,1,2,2,1,73,65,77,62,58,0,Placed
21,Male,8.02,IT,2,0,4,3,77,79,79,78,55,0,Not Placed
21,Male,6.8,IT,2,0,2,2,54,62,63,58,70,0,Not Placed
20,Male,8.28,CIVIL,1,0,1,1,65,54,80,65,48,0,Placed
20,Male,9.18,ECE,2,0,3,4,79,80,69,81,73,0,Placed
23,Female,8.03,CSE,3,1,0,6,74,74,70,85,69,0,Placed
20,Male,7.76,CIVIL,2,2,2,3,70,51,68,68,75,0,Not Placed
21,Female,7.4,IT,3,1,5,2,82,87,65,63,74,0,Placed
24,Female,6.62,EEE,1,0,2,1,54,63,61,69,68,2,Not Placed
19,Female,6.65,CSE,2,2,1,0,75,67,63,67,67,2,Not Placed
21,Male,9.22,MECH,1,4,2,2,84,66,88,76,71,0,Placed
25,Male,7.2,CIVIL,3,0,2,3,64,72,61,81,53,2,Placed
21,Female,6.48,IT,3,0,0,3,65,67,54,65,68,1,Not Placed
26,Female,6.79,CSE,2,0,3,0,74,68,57,61,42,1,Not Placed
20,Female,7.01,ECE,2,2,2,5,60,56,75,73,67,0,Placed
21,Male,7.12,CSE,2,0,1,3,81,74,63,66,62,1,Placed
20,Female,8.19,IT,3,2,1,2,86,69,66,75,65,1,Placed
18,Male,7.62,ECE,2,0,4,6,81,79,65,73,89,0,Placed
28,Female,8.82,CSE,3,0,0,3,75,86,72,87,77,1,Not Placed
19,Female,8.6,CIVIL,2,4,4,4,78,75,78,76,70,0,Placed
26,Male,7.63,EEE,1,3,2,3,95,70,75,66,64,0,Placed
22,Male,7.35,IT,3,0,3,3,66,50,65,58,49,2,Not Placed
24,Male,6.79,IT,1,0,1,2,68,72,76,47,49,1,Not Placed
26,Male,7.86,MECH,3,3,1,2,83,58,68,73,65,1,Placed
21,Male,7.54,IT,2,0,2,2,75,78,60,66,59,2,Placed
28,Male,6.0,CIVIL,2,0,1,2,55,72,44,41,77,3,Placed
22,Male,6.84,CSE,2,0,3,1,58,73,56,55,69,2,Not Placed
21,Female,7.59,CSE,1,1,1,1,58,64,55,70,61,1,Not Placed
22,Female,7.81,ECE,3,1,0,2,60,70,60,60,51,1,Not Placed
19,Male,7.25,CSE,2,0,1,3,57,72,63,66,64,0,Not Placed
18,Male,8.25,IT,3,0,2,3,82,77,80,75,68,0,Placed
19,Female,8.52,ECE,2,0,3,2,60,67,78,68,69,2,Placed
20,Male,9.41,CSE,1,3,2,5,95,86,95,95,87,0,Placed
19,Male,7.82,CSE,1,1,0,1,82,64,69,75,72,0,Not Placed
21,Male,7.03,CSE,2,0,4,1,70,75,68,62,58,0,Placed
22,Female,7.64,CSE,2,1,4,2,73,91,76,60,77,0,Not Placed
22,Male,7.26,CSE,2,0,3,1,78,64,66,63,76,0,Placed
24,Female,7.7,CSE,1,3,4,1,66,78,72,70,80,1,Placed
26,Male,9.06,CIVIL,3,2,4,5,83,89,82,87,94,0,Placed
24,Male,7.07,CSE,1,2,3,1,63,77,70,68,62,2,Placed
21,Male,8.35,CSE,2,2,0,2,63,75,75,77,71,1,Placed
19,Female,8.13,CIVIL,2,1,2,1,72,68,74,71,86,0,Placed
25,Male,5.67,EEE,2,0,0,1,61,54,71,54,51,2,Placed
19,Female,8.09,CSE,2,1,4,0,70,92,74,71,70,0,Placed
19,Female,8.95,MECH,3,2,3,2,88,90,81,73,72,1,Not Placed
20,Male,7.16,MECH,2,1,2,2,63,54,67,59,70,4,Placed
21,Male,6.77,EEE,2,0,1,0,67,84,78,70,73,1,Placed
22,Female,6.11,ECE,2,0,0,1,45,58,51,52,51,2,Not Placed
18,Male,5.96,ECE,3,2,0,2,55,61,61,49,56,2,Not Placed
22,Female,8.9,CIVIL,2,3,3,5,78,68,85,71,80,0,Placed
19,Female,8.01,IT,2,1,2,3,65,78,70,55,57,0,Placed
20,Male,5.2,MECH,2,0,0,4,55,61,56,70,51,0,Placed
20,Male,7.38,CSE,2,1,3,1,67,75,69,71,77,1,Placed
20,Female,7.16,EEE,2,0,3,5,62,53,58,63,68,1,Placed
22,Male,7.07,CIVIL,2,2,2,0,66,69,59,64,70,1,Placed
18,Male,8.64,CSE,3,1,2,1,86,59,78,82,86,0,Placed
19,Male,6.49,CSE,2,0,0,0,62,62,60,73,50,1,Not Placed
18,Male,6.42,EEE,1,0,1,0,52,59,48,56,63,1,Placed
22,Male,7.13,EEE,2,0,2,3,73,63,73,76,66,1,Placed
27,Female,7.78,EEE,1,2,2,1,84,83,81,75,74,1,Placed
22,Male,8.24,CIVIL,2,1,3,0,89,72,85,80,81,0,Placed
21,Male,6.62,CSE,2,2,2,4,61,69,59,60,73,3,Not Placed
24,Other,8.54,ECE,1,1,3,4,95,77,63,78,62,0,Placed
19,Male,6.72,ECE,2,0,1,5,63,64,74,67,70,1,Not Placed
18,Male,8.82,CSE,2,0,4,3,84,95,82,74,63,0,Placed
21,Female,5.97,CSE,1,0,0,0,47,69,40,63,52,2,Not Placed
19,Male,8.34,ECE,1,0,4,0,88,87,83,85,66,0,Placed
20,Female,6.63,ECE,2,0,2,1,59,63,68,46,45,0,Not Placed
20,Female,8.94,ECE,3,2,1,4,79,85,80,84,87,0,Placed
20,Male,8.37,IT,2,0,3,2,73,60,78,72,84,0,Placed
21,Male,7.27,EEE,1,0,0,0,71,57,60,57,54,1,Not Placed
20,Male,6.44,IT,3,0,1,1,62,63,63,62,55,0,Not Placed
18,Female,8.76,CSE,3,0,4,4,72,78,71,78,79,0,Placed
23,Male,8.79,ECE,3,1,1,3,73,65,90,70,53,0,Not Placed
22,Female,7.53,ECE,1,3,1,3,83,74,67,72,67,0,Placed
18,Female,8.3,MECH,3,0,2,3,66,70,75,70,46,0,Placed
18,Female,8.1,IT,3,2,0,5,76,77,71,76,65,0,Placed
18,Male,7.82,EEE,2,0,1,2,74,81,77,69,63,1,Not Placed
18,Female,6.4,MECH,2,1,3,0,44,50,58,64,43,1,Not Placed
18,Female,6.79,IT,1,0,2,3,54,62,74,66,56,0,Placed
19,Male,7.94,ECE,2,3,1,1,69,70,67,72,67,0,Not Placed
23,Female,8.62,MECH,2,1,4,2,76,71,83,80,82,0,Placed
23,Male,9.19,IT,1,4,1,2,82,81,80,88,68,0,Placed
23,Female,7.87,EEE,3,1,2,2,92,73,66,72,85,0,Placed
21,Male,7.44,ECE,3,3,2,1,82,72,65,61,58,1,Not Placed
22,Male,7.84,IT,3,1,6,1,65,72,71,80,92,0,Placed
22,Female,6.72,MECH,1,0,0,1,60,54,75,55,63,3,Not Placed
24,Male,7.87,CSE,2,2,1,0,75,64,65,66,56,0,Placed
22,Male,6.53,CSE,3,0,0,3,58,55,58,68,55,1,Placed
22,Male,6.7,CSE,1,0,0,1,49,50,64,41,46,2,Not Placed
23,Female,7.93,MECH,2,0,3,3,80,72,86,70,66,1,Placed
21,Male,7.45,IT,1,1,3,1,72,70,77,62,69,1,Not Placed
19,Female,8.77,EEE,2,0,3,4,68,76,84,73,88,0,Placed
18,Female,8.36,CSE,2,1,4,1,69,75,67,78,72,0,Not Placed
20,Male,7.72,IT,3,0,1,6,69,80,72,72,57,0,Placed
18,Male,7.96,ECE,2,1,1,4,69,88,57,65,78,1,Placed
19,Male,7.51,CSE,3,1,1,0,61,72,80,56,83,1,Placed
18,Female,7.11,IT,1,3,3,1,77,57,75,73,76,0,Placed
20,Female,6.43,CSE,2,1,1,0,56,62,68,50,54,1,Placed
26,Female,8.06,CSE,3,3,2,0,60,82,85,77,77,0,Placed
20,Female,7.31,IT,2,1,2,4,81,71,69,81,79,0,Placed
19,Female,6.52,ECE,3,1,2,0,63,51,63,70,46,1,Not Placed
20,Female,7.35,CSE,2,1,4,1,65,72,65,63,82,0,Placed
20,Male,8.39,IT,2,1,3,2,68,60,70,52,49,2,Not Placed
22,Female,7.36,IT,3,1,2,2,63,54,70,72,65,1,Placed
21,Male,7.04,CIVIL,2,0,0,0,59,64,63,62,69,3,Not Placed
18,Male,8.24,ECE,2,3,0,2,81,73,80,85,80,0,Placed
21,Male,8.64,CIVIL,2,0,3,3,80,89,81,83,68,0,Placed
18,Male,7.1,ECE,3,0,3,3,74,69,68,73,73,0,Placed
22,Male,9.11,MECH,2,1,1,5,93,95,92,78,85,0,Placed
25,Male,7.58,CSE,2,1,1,3,60,64,74,70,54,0,Placed
24,Male,9.52,ECE,1,0,2,4,95,95,92,95,95,0,Placed
19,Female,7.49,IT,3,2,0,1,69,68,57,68,73,1,Not Placed
22,Male,7.97,EEE,2,0,4,3,61,85,82,87,70,0,Not Placed
23,Male,6.84,MECH,2,0,2,0,66,70,76,58,63,1,Not Placed
23,Female,7.42,EEE,1,0,1,3,70,80,75,69,70,1,Placed
19,Female,7.89,CSE,2,3,2,4,81,93,79,65,75,0,Placed
20,Female,7.22,ECE,2,0,2,2,68,43,61,75,72,0,Placed
19,Male,8.94,EEE,2,4,4,2,91,91,87,75,84,0,Not Placed
18,Male,7.97,CSE,2,1,0,0,78,71,66,65,62,1,Not Placed
22,Female,7.48,CSE,2,1,3,4,61,77,64,70,68,1,Placed
20,Male,7.48,EEE,1,1,3,1,63,53,65,63,69,3,Not Placed
19,Female,8.67,IT,3,1,2,3,83,77,85,72,73,0,Placed
23,Male,7.5,CSE,2,4,4,2,68,89,68,73,65,1,Placed
21,Male,6.78,MECH,1,1,1,3,65,66,55,70,43,3,Not Placed
28,Female,6.53,CIVIL,2,0,2,1,59,60,59,66,56,0,Placed
23,Male,10.0,IT,3,1,0,3,95,93,95,95,82,0,Placed
23,Male,7.51,CIVIL,3,2,4,2,67,73,81,56,47,2,Not Placed
22,Female,6.09,MECH,3,0,0,0,64,42,40,67,47,0,Placed
18,Male,6.68,ECE,3,2,3,1,64,77,59,63,50,1,Not Placed
18,Male,7.63,EEE,2,3,2,2,56,58,66,79,57,0,Not Placed
24,Male,8.03,CIVIL,2,3,0,4,77,68,68,76,76,0,Placed
19,Male,7.71,EEE,3,1,0,2,71,73,75,71,67,0,Placed
20,Female,8.17,IT,2,1,4,3,75,83,68,74,62,0,Placed
21,Male,6.62,CSE,2,1,2,3,52,78,63,62,68,1,Placed
19,Male,7.43,IT,2,0,0,0,61,72,59,74,85,1,Not Placed
19,Male,6.71,CSE,1,0,1,1,60,54,64,60,64,1,Not Placed
21,Female,6.65,CSE,2,0,0,2,75,66,66,64,69,1,Not Placed
20,Male,6.31,IT,1,0,1,0,46,55,69,59,51,1,Not Placed
22,Female,6.95,IT,1,0,0,3,49,48,60,52,66,0,Placed
18,Male,8.26,CSE,2,2,2,1,79,67,74,76,79,2,Not Placed
21,Male,9.04,MECH,1,1,4,4,86,66,70,73,76,0,Placed
19,Female,8.69,CSE,1,4,2,1,79,74,82,81,79,0,Not Placed
21,Male,7.13,ECE,1,0,0,0,58,73,73,70,69,2,Not Placed
18,Female,8.78,ECE,2,0,1,2,68,74,71,65,64,1,Placed
19,Female,5.56,CIVIL,3,0,2,0,44,75,40,50,61,0,Not Placed
23,Female,9.26,CSE,2,2,3,0,76,72,80,75,59,1,Placed
19,Male,7.77,CSE,2,1,3,2,77,74,64,76,80,0,Placed
22,Female,8.34,ECE,2,2,1,2,83,60,69,73,82,1,Not Placed
19,Male,7.86,ECE,2,3,6,1,67,84,81,75,55,1,Placed
19,Female,6.74,MECH,3,2,3,2,61,64,60,59,48,1,Placed
20,Male,6.04,CSE,2,0,0,1,57,50,60,51,56,4,Not Placed
24,Male,6.4,IT,2,2,3,2,74,43,78,71,51,1,Not Placed
20,Male,8.18,CSE,3,2,2,1,81,75,78,66,77,0,Placed
19,Male,8.63,EEE,2,2,1,6,64,82,82,69,95,0,Placed
21,Female,5.67,IT,2,1,1,1,70,65,67,50,43,2,Not Placed
20,Male,7.39,CSE,2,0,0,0,63,65,65,58,44,1,Not Placed
23,Male,7.15,ECE,1,0,2,0,68,69,71,71,68,0,Placed
28,Female,6.96,CSE,2,2,1,4,67,64,62,69,61,1,Not Placed
21,Male,6.05,CSE,3,0,1,1,52,72,50,54,51,1,Not Placed
20,Female,7.15,CSE,2,0,2,1,57,62,58,51,46,2,Not Placed
20,Male,7.23,MECH,1,0,3,0,62,54,53,63,61,2,Not Placed
26,Male,8.15,ECE,2,0,3,1,57,77,75,50,56,0,Placed
21,Male,6.31,IT,3,0,3,1,61,59,64,64,67,1,Not Placed
19,Male,7.67,IT,2,2,0,1,65,58,54,65,56,0,Not Placed
26,Male,8.63,CIVIL,3,0,2,4,82,72,72,73,71,0,Placed
26,Female,6.24,CSE,1,0,1,2,67,60,56,58,53,0,Not Placed
20,Male,7.37,CSE,2,1,3,3,56,67,71,65,78,0,Placed
20,Female,8.98,MECH,1,4,3,4,61,77,84,79,79,1,Not Placed
22,Male,7.92,ECE,2,3,0,1,61,61,51,65,60,1,Placed
23,Female,6.86,CIVIL,3,0,1,0,57,62,68,68,68,0,Placed
21,Male,7.89,EEE,2,1,2,5,78,90,87,75,72,0,Placed
20,Male,8.05,EEE,2,2,1,1,75,80,61,63,68,1,Not Placed
20,Male,9.32,ECE,3,0,3,0,75,63,72,71,74,0,Placed
20,Male,8.09,CSE,2,2,2,1,74,63,69,65,67,0,Placed
18,Female,8.09,MECH,2,2,4,2,63,69,56,73,68,1,Placed
22,Male,8.1,ECE,2,0,3,1,79,72,76,81,73,1,Not Placed
18,Male,7.33,CSE,2,1,0,4,77,70,70,64,72,3,Not Placed
20,Female,7.76,CSE,2,1,0,0,87,67,81,74,75,0,Placed
23,Male,6.35,IT,2,2,0,2,55,66,80,55,66,0,Not Placed
20,Male,7.54,CSE,1,1,1,6,76,58,68,67,61,0,Placed
20,Male,7.21,CSE,1,1,1,4,69,84,77,72,65,1,Not Placed
25,Male,7.84,CSE,1,2,4,3,70,89,76,70,78,0,Placed
19,Male,6.52,MECH,3,0,1,5,57,69,53,56,63,1,Not Placed
24,Female,8.84,ECE,3,1,6,3,80,88,77,69,68,0,Placed
18,Female,7.65,IT,2,2,3,4,74,79,78,62,63,0,Placed
20,Female,5.96,CSE,3,0,1,2,57,40,65,73,51,4,Not Placed
21,Male,8.35,EEE,1,4,4,1,88,69,80,82,75,0,Placed
20,Male,9.97,EEE,3,3,0,8,95,95,90,87,74,0,Placed
21,Female,8.37,CSE,2,3,3,1,83,85,83,73,71,0,Placed
19,Male,8.92,CIVIL,1,3,2,3,81,76,67,84,83,0,Placed
21,Male,8.35,CSE,2,2,2,1,65,73,79,78,88,2,Not Placed
19,Male,7.43,CSE,2,0,0,0,51,53,56,62,45,3,Not Placed
23,Female,6.16,IT,2,1,0,3,56,63,48,51,50,0,Not Placed
21,Male,8.0,CIVIL,1,0,1,4,79,78,73,62,69,0,Not Placed
21,Female,6.37,MECH,2,0,2,2,59,68,59,57,67,1,Not Placed
18,Male,6.86,ECE,2,1,1,2,51,68,56,47,51,1,Not Placed
21,Female,7.47,IT,3,0,1,3,66,62,68,76,59,1,Not Placed
21,Male,8.5,IT,1,0,1,3,76,70,77,74,84,0,Placed
19,Female,6.0,IT,1,0,2,1,48,77,54,47,40,2,Not Placed
22,Male,7.2,IT,2,0,1,1,58,72,75,71,56,0,Placed
18,Female,9.16,MECH,2,0,2,2,74,90,70,80,84,0,Placed
19,Male,7.48,EEE,2,0,1,1,52,65,52,60,74,2,Placed
22,Female,9.06,IT,2,2,1,2,80,79,67,76,61,0,Not Placed
19,Female,7.7,CIVIL,2,1,0,1,61,81,69,70,62,0,Not Placed
19,Female,8.35,CSE,2,0,3,3,77,61,70,69,76,0,Placed
22,Male,8.27,CSE,3,2,3,2,78,79,73,75,82,0,Placed
22,Male,8.53,IT,3,2,2,1,65,69,72,71,70,1,Not Placed
18,Other,7.93,CIVIL,2,1,5,3,74,84,70,81,64,1,Placed
19,Female,6.36,CSE,2,0,5,4,61,78,57,58,59,1,Not Placed
20,Male,9.39,CSE,3,1,3,3,81,86,72,76,73,1,Placed
21,Male,7.0,IT,1,0,3,0,44,62,65,73,47,2,Not Placed
20,Male,7.85,CIVIL,3,0,0,4,77,78,70,61,91,0,Placed
22,Male,7.91,IT,2,2,2,3,64,66,70,71,65,1,Not Placed
22,Male,7.89,ECE,2,0,1,1,67,65,66,75,69,0,Placed
25,Female,6.73,MECH,2,1,2,2,83,64,64,80,65,0,Not Placed
20,Male,6.11,ECE,2,0,0,1,46,49,58,56,68,1,Not Placed
19,Female,6.59,CSE,1,0,1,3,50,59,59,55,61,0,Not Placed
19,Female,7.82,CSE,1,2,3,4,90,83,75,84,74,0,Placed
19,Male,7.61,CSE,2,1,1,2,79,54,65,83,73,1,Not Placed
20,Male,7.92,EEE,2,1,2,5,95,65,77,88,64,0,Placed
24,Male,7.1,MECH,2,0,2,1,66,74,72,72,69,1,Placed
20,Male,6.23,CSE,3,0,1,1,56,57,62,69,67,2,Not Placed
19,Female,8.83,IT,1,1,2,1,85,81,73,69,80,0,Placed
21,Female,7.73,CSE,2,0,1,0,55,66,72,77,63,2,Not Placed
28,Male,7.44,IT,2,0,1,2,71,66,80,64,69,1,Placed
19,Female,7.07,IT,2,1,4,0,57,75,65,71,53,1,Not Placed
22,Male,8.27,CIVIL,2,4,4,0,77,84,75,68,70,0,Placed
23,Male,6.74,IT,2,0,1,2,53,69,64,71,40,4,Not Placed
20,Female,7.67,CSE,1,0,2,1,68,60,59,61,68,2,Placed
21,Male,7.56,ECE,1,0,2,1,65,60,65,69,65,0,Placed
20,Male,7.17,MECH,1,0,3,3,59,71,66,64,60,0,Placed
19,Male,8.22,IT,3,2,0,3,72,70,75,65,68,1,Placed
20,Male,9.07,MECH,2,3,3,4,87,95,88,89,79,0,Placed
18,Male,6.93,IT,2,0,0,2,73,73,73,59,77,0,Not Placed
22,Female,7.59,ECE,2,2,1,4,65,76,68,71,59,0,Placed
23,Male,5.0,ECE,2,0,0,3,43,58,41,58,40,3,Not Placed
20,Female,6.82,MECH,2,0,0,3,74,53,80,69,78,0,Not Placed
21,Male,7.72,ECE,1,1,2,2,61,79,63,62,73,0,Placed
19,Male,7.52,IT,2,0,1,0,71,72,68,55,56,1,Placed
19,Female,7.93,EEE,1,1,2,3,73,68,85,74,72,0,Not Placed
22,Female,7.24,CSE,2,0,1,1,74,45,71,53,64,1,Not Placed
19,Female,6.55,CSE,2,0,3,3,72,74,69,47,59,1,Placed
23,Male,6.67,CSE,3,1,2,3,62,66,77,70,72,1,Placed
19,Male,5.9,ECE,1,1,3,1,62,54,55,40,44,1,Not Placed
23,Female,6.22,MECH,1,0,1,1,49,73,52,63,60,1,Not Placed
20,Female,7.41,ECE,1,2,2,2,80,60,83,67,71,1,Placed
20,Female,6.46,IT,3,0,0,2,40,66,53,40,45,0,Not Placed
22,Male,6.79,CSE,1,1,2,3,61,58,64,56,69,0,Not Placed
21,Male,6.59,CIVIL,3,1,3,1,61,72,63,67,69,2,Not Placed
19,Male,9.13,CSE,2,2,6,2,81,82,85,95,87,0,Placed
23,Male,8.15,CSE,2,0,5,2,79,73,73,76,51,0,Not Placed
20,Male,7.21,MECH,2,2,1,0,64,78,60,66,73,1,Placed
18,Male,8.5,MECH,2,1,3,2,85,82,76,83,85,1,Placed
20,Male,6.99,CSE,2,0,0,2,59,66,55,71,75,1,Not Placed
21,Female,8.88,ECE,2,0,2,1,71,79,75,81,75,0,Placed
21,Female,5.62,EEE,3,1,1,3,60,69,54,54,41,4,Not Placed
23,Female,8.12,CSE,2,2,2,3,87,91,75,70,95,1,Placed
21,Male,7.55,CIVIL,3,1,0,1,63,67,78,60,58,1,Not Placed
19,Male,6.3,IT,3,0,0,1,66,76,64,49,41,2,Not Placed
19,Female,7.26,IT,2,0,0,2,80,60,79,83,58,2,Placed
18,Male,7.51,CSE,3,1,1,1,81,68,67,76,72,1,Placed
22,Female,6.85,CSE,2,0,4,3,66,65,60,63,61,0,Not Placed
18,Male,7.75,CSE,2,0,1,4,70,77,62,67,60,1,Placed
21,Female,6.35,IT,2,1,2,4,54,59,66,62,68,0,Not Placed
21,Male,8.29,CIVIL,2,1,3,6,80,64,71,81,83,0,Placed
23,Female,8.43,ECE,2,0,2,0,69,65,84,81,65,0,Placed
18,Female,7.36,IT,1,1,1,0,73,63,63,69,74,4,Not Placed
19,Male,7.58,IT,3,0,1,2,57,68,63,59,73,0,Placed
24,Female,7.39,CSE,1,1,1,2,79,82,85,65,57,1,Not Placed
21,Female,7.72,ECE,1,0,6,2,70,75,73,73,86,1,Not Placed
20,Female,9.56,ECE,1,4,4,3,81,77,83,91,87,0,Placed
22,Male,8.56,IT,2,0,2,5,78,73,85,64,73,0,Placed
24,Male,8.32,EEE,2,1,6,3,72,88,80,91,68,1,Placed
19,Female,10.0,IT,3,4,3,2,93,91,95,91,91,0,Placed
24,Female,7.32,MECH,2,2,1,1,79,63,79,77,77,0,Not Placed
18,Female,7.78,ECE,3,0,1,3,70,66,85,72,68,0,Placed
26,Male,8.62,CSE,1,2,1,5,81,95,66,71,73,0,Placed
19,Female,7.07,CSE,2,0,1,2,62,55,52,59,59,0,Not Placed
19,Female,7.52,CSE,2,0,1,1,63,56,64,68,65,1,Not Placed
18,Female,7.55,MECH,1,2,4,0,62,59,73,65,56,2,Placed
23,Female,7.9,MECH,2,1,1,4,71,84,77,87,74,2,Placed
27,Male,6.49,CIVIL,3,0,1,3,62,74,54,59,66,0,Placed
20,Female,7.5,EEE,2,0,2,0,72,68,71,77,65,1,Placed
20,Female,8.8,MECH,3,1,5,1,84,70,90,83,72,1,Placed
19,Male,8.68,IT,2,4,0,1,81,65,95,80,65,1,Placed
19,Male,7.09,ECE,1,0,3,4,77,76,73,59,75,0,Placed
23,Female,6.41,IT,3,0,0,2,62,51,57,63,70,0,Placed
18,Male,8.09,MECH,3,1,5,1,91,66,81,77,70,0,Placed
26,Male,7.92,CIVIL,2,1,1,3,76,77,83,84,69,0,Placed
24,Female,5.11,EEE,1,0,2,0,54,73,51,54,50,0,Not Placed
18,Female,6.95,EEE,2,0,5,1,83,74,62,65,59,2,Not Placed
21,Female,7.67,MECH,3,0,2,3,77,74,86,67,60,0,Placed
28,Male,8.15,CSE,1,0,1,3,78,67,82,74,81,0,Placed
23,Male,8.15,IT,2,0,3,3,83,90,86,80,74,0,Placed
22,Male,7.41,EEE,2,1,4,1,73,78,57,62,80,0,Placed
18,Male,7.74,ECE,3,2,3,3,89,73,66,73,65,0,Placed
18,Female,7.28,ECE,2,1,5,1,67,76,50,59,81,1,Not Placed
23,Male,7.25,IT,2,0,2,3,53,58,62,68,64,0,Placed
20,Male,7.26,CSE,2,1,4,2,65,53,62,74,64,0,Not Placed
22,Female,9.1,CIVIL,3,2,5,4,65,78,73,64,80,0,Placed
22,Male,7.3,EEE,2,1,3,4,65,70,72,76,64,1,Not Placed
20,Male,6.02,ECE,1,0,0,1,40,64,61,63,47,2,Not Placed
19,Male,6.99,CSE,1,1,3,2,72,72,73,67,46,1,Placed
20,Male,7.38,CSE,1,3,2,0,74,66,69,69,59,0,Placed
24,Male,8.03,IT,1,3,1,0,79,68,75,78,72,0,Not Placed
20,Female,7.78,CSE,2,1,6,3,69,72,61,69,63,1,Placed
18,Female,7.06,CSE,1,0,0,1,81,79,75,77,68,1,Not Placed
25,Female,6.02,CSE,3,0,3,0,57,40,52,63,67,0,Placed
22,Female,5.97,CSE,1,1,0,1,48,74,54,56,57,0,Not Placed
21,Male,6.93,CSE,3,0,1,1,59,64,63,62,52,0,Not Placed
23,Female,7.43,EEE,1,1,1,2,84,86,87,55,78,0,Placed
20,Male,9.08,ECE,2,4,3,4,91,70,90,83,88,0,Placed
27,Male,7.26,ECE,3,2,4,2,81,78,73,79,75,1,Placed
23,Male,6.24,CIVIL,3,0,0,4,50,59,55,56,65,2,Placed
20,Male,7.66,IT,1,2,1,4,78,74,67,52,58,2,Placed
20,Male,8.17,MECH,3,2,5,1,69,74,69,60,72,0,Not Placed
19,Male,7.59,CSE,3,1,2,4,70,64,71,67,65,0,Placed
22,Male,8.74,CSE,2,1,5,2,71,72,78,67,63,1,Not Placed
21,Male,6.84,IT,2,0,4,1,61,53,57,61,55,0,Not Placed
21,Male,7.98,CIVIL,2,1,3,2,77,55,68,77,61,1,Placed
26,Female,7.51,MECH,2,0,5,3,74,75,76,82,73,1,Not Placed
21,Male,9.0,IT,1,4,3,1,76,72,90,76,76,0,Placed
23,Female,6.77,MECH,1,1,0,6,53,52,65,66,61,2,Not Placed
22,Male,7.98,CSE,2,1,1,0,76,63,69,65,72,1,Placed
21,Male,5.75,ECE,1,0,0,2,40,47,48,43,48,1,Not Placed
18,Female,7.07,CSE,1,0,2,0,53,73,56,61,59,2,Not Placed
22,Female,7.23,ECE,1,0,1,1,67,64,65,64,64,1,Not Placed
22,Male,6.49,CSE,2,2,3,1,57,60,52,59,56,1,Not Placed
19,Male,7.24,ECE,2,0,1,3,73,68,71,62,56,0,Not Placed
23,Female,7.75,IT,3,1,3,1,67,60,59,63,65,3,Not Placed
21,Male,5.74,ECE,3,0,0,1,40,59,46,49,57,0,Not Placed
20,Male,6.88,CSE,3,0,0,4,60,71,83,62,59,0,Not Placed
23,Male,6.62,ECE,1,0,1,1,47,68,66,61,63,1,Not Placed
20,Female,8.37,IT,2,3,1,2,89,65,79,76,77,0,Placed
21,Male,7.08,CSE,2,0,0,2,48,59,60,60,61,0,Not Placed
21,Female,7.89,ECE,1,3,1,0,65,57,79,56,80,1,Placed
18,Female,6.49,CSE,1,1,4,3,73,62,79,63,59,1,Placed
20,Female,7.25,IT,3,1,2,2,78,69,70,82,95,0,Placed
19,Male,7.44,IT,2,0,3,1,64,70,77,70,85,2,Placed
19,Female,7.97,ECE,2,0,4,2,62,71,71,63,66,3,Placed
22,Male,5.81,IT,2,0,1,1,52,63,40,48,52,1,Not Placed
18,Male,6.7,CSE,3,0,0,0,49,67,48,49,64,1,Not Placed
26,Male,6.66,CSE,3,2,2,6,67,85,77,50,60,0,Placed
20,Female,7.76,ECE,3,1,1,1,88,51,83,80,51,0,Placed
20,Female,6.48,MECH,2,3,3,3,59,70,56,50,52,1,Not Placed
24,Female,7.97,CSE,2,2,3,1,70,68,73,81,82,2,Placed
21,Male,6.68,CSE,1,3,2,3,70,70,81,73,65,0,Placed
21,Female,7.35,EEE,3,0,0,1,41,57,61,67,58,1,Not Placed
22,Female,6.9,IT,2,0,2,1,67,75,72,58,72,0,Placed
24,Female,6.93,CSE,2,0,1,2,64,69,83,61,65,0,Placed
19,Female,6.98,CSE,3,0,1,2,82,85,69,80,43,0,Placed
18,Male,9.15,CIVIL,2,1,3,2,81,87,95,86,80,0,Placed
28,Female,6.67,ECE,2,0,2,4,61,69,71,62,58,1,Not Placed
18,Female,7.76,CSE,1,1,2,2,66,51,67,73,61,0,Placed
22,Female,7.77,IT,2,0,1,4,75,65,77,64,75,0,Placed
21,Male,8.06,CSE,2,1,1,1,73,79,65,76,57,0,Placed
21,Male,6.86,CSE,2,0,2,1,66,74,72,64,60,1,Not Placed
23,Male,6.62,CIVIL,1,0,0,3,45,54,61,53,53,1,Placed
28,Male,6.56,IT,2,2,1,2,65,66,60,56,56,1,Not Placed
18,Male,5.78,EEE,2,0,3,0,65,52,70,56,60,2,Not Placed
21,Female,5.53,MECH,3,0,2,2,46,58,52,51,43,1,Not Placed
22,Male,6.22,CSE,2,1,1,2,57,61,53,58,46,1,Not Placed
20,Male,5.94,CSE,3,0,1,0,62,69,53,58,53,1,Not Placed
24,Male,8.23,CSE,1,3,0,1,66,78,73,69,83,0,Placed
20,Male,7.91,EEE,3,1,0,5,78,67,77,67,79,1,Placed
19,Male,6.76,IT,3,1,1,3,63,63,63,68,47,0,Not Placed
23,Female,7.53,IT,2,0,1,1,57,51,57,81,73,0,Not Placed
25,Other,5.0,CSE,3,1,0,3,53,54,54,63,44,1,Not Placed
18,Male,7.34,CSE,2,0,0,4,62,74,60,60,64,1,Not Placed
22,Male,7.26,IT,3,3,4,1,68,77,69,65,60,1,Not Placed
19,Female,7.95,CSE,3,2,3,3,82,61,76,81,79,0,Placed
18,Male,5.91,EEE,3,1,2,0,55,66,62,54,56,0,Not Placed
19,Female,8.77,CIVIL,1,1,0,1,80,79,87,80,78,0,Placed
23,Female,5.29,CIVIL,1,0,1,2,55,60,66,46,66,3,Not Placed
19,Female,5.78,IT,2,0,0,1,59,72,62,52,55,0,Not Placed
19,Male,7.57,CSE,2,2,3,1,85,84,69,75,82,0,Not Placed
22,Female,8.94,IT,2,2,3,2,88,82,78,74,74,0,Placed
20,Female,7.86,CSE,2,1,2,0,74,82,74,70,71,1,Placed
19,Male,7.87,CIVIL,1,2,1,0,64,77,65,78,64,1,Not Placed
19,Male,5.47,ECE,3,1,0,1,51,44,55,50,53,2,Not Placed
23,Male,6.16,CSE,2,0,0,1,52,49,47,52,40,0,Not Placed
21,Male,7.81,EEE,1,1,4,2,63,71,72,86,57,2,Placed
22,Female,6.71,CSE,1,1,1,1,63,71,77,67,47,1,Placed
18,Male,6.17,EEE,3,0,2,2,51,62,68,56,55,2,Not Placed
20,Male,8.31,IT,2,1,2,0,72,65,62,63,67,0,Not Placed
23,Male,8.22,MECH,2,1,0,1,69,83,68,83,55,0,Not Placed
19,Female,8.76,CIVIL,3,2,3,3,81,78,80,73,66,0,Placed
19,Female,8.1,IT,3,0,3,3,68,71,71,71,84,1,Placed
20,Female,8.84,ECE,1,1,1,2,82,78,81,88,78,0,Placed
20,Female,7.67,CSE,2,1,1,0,71,55,63,60,62,0,Placed
19,Male,7.42,MECH,3,3,2,2,71,59,68,72,66,3,Not Placed
25,Female,9.31,IT,1,0,2,3,79,90,82,75,81,1,Placed
21,Male,6.39,CIVIL,2,0,2,0,51,69,70,46,71,2,Not Placed
21,Male,10.0,MECH,3,0,2,4,95,92,95,86,89,0,Placed
19,Female,6.98,CSE,1,2,0,6,79,55,89,82,68,1,Placed
21,Female,7.13,CSE,2,1,3,2,82,65,70,73,64,0,Not Placed
21,Female,8.88,ECE,1,0,3,4,67,63,83,69,69,0,Placed
25,Female,9.5,IT,1,2,1,2,83,95,84,83,95,0,Placed
20,Male,8.11,CSE,1,1,1,2,69,85,83,64,85,1,Not Placed
23,Male,6.09,ECE,2,0,0,1,40,57,61,55,57,2,Placed
20,Male,8.08,ECE,2,2,2,2,88,56,74,73,94,0,Placed
21,Female,6.98,ECE,3,0,2,3,54,80,78,68,59,4,Not Placed
24,Female,6.87,CSE,3,0,3,2,74,61,86,67,64,0,Not Placed
21,Female,6.2,CSE,3,0,2,1,46,61,55,55,56,2,Not Placed
22,Male,8.31,CSE,3,2,4,2,62,77,77,81,78,0,Placed
24,Male,7.14,EEE,1,2,4,2,59,53,79,68,55,0,Not Placed
24,Male,8.38,IT,2,0,0,2,72,79,76,71,62,1,Placed
19,Female,7.39,IT,3,0,2,2,53,76,69,65,68,1,Placed
19,Female,7.99,CIVIL,3,3,4,2,83,94,91,86,83,1,Placed
21,Male,10.0,MECH,2,2,3,4,77,95,89,83,65,0,Placed
28,Female,7.12,CSE,2,2,6,1,73,60,80,91,68,1,Placed
21,Female,7.64,EEE,3,2,4,0,69,70,82,69,43,0,Not Placed
20,Male,7.21,CSE,2,1,3,3,64,71,60,63,50,0,Placed
21,Male,8.62,EEE,3,1,4,3,85,73,66,76,69,0,Placed
18,Male,7.23,CSE,3,2,1,3,63,60,60,62,65,2,Not Placed
19,Female,7.15,CSE,2,0,2,4,67,70,56,63,64,2,Not Placed
19,Male,7.72,CIVIL,1,3,2,4,89,66,80,81,78,0,Placed
18,Male,8.31,ECE,3,2,3,2,63,73,68,62,73,0,Placed
22,Male,7.79,IT,3,0,2,1,55,66,72,70,83,0,Placed
20,Female,6.1,MECH,2,0,3,1,55,65,43,48,49,2,Not Placed
19,Male,9.05,CSE,3,0,0,0,69,79,89,74,73,0,Not Placed
21,Female,8.71,CSE,1,1,6,2,84,63,82,86,89,0,Placed
20,Male,8.58,IT,3,0,5,0,70,79,73,74,71,0,Placed
20,Female,8.54,EEE,3,4,4,5,84,82,85,82,69,0,Placed
20,Female,6.94,ECE,2,0,3,0,58,51,66,70,63,1,Placed
18,Male,7.92,IT,3,1,2,1,69,88,73,70,79,0,Placed
22,Female,5.48,ECE,1,2,1,0,63,70,66,41,64,2,Not Placed
18,Female,6.58,ECE,3,0,0,0,64,72,67,67,56,0,Not Placed
19,Male,8.99,IT,2,3,2,0,77,66,89,80,77,1,Placed
19,Female,7.47,CSE,2,0,1,4,77,72,58,85,67,1,Placed
20,Female,7.23,CSE,3,0,3,1,63,74,56,48,44,2,Not Placed
19,Female,6.97,EEE,1,0,1,0,68,72,73,53,55,2,Not Placed
20,Female,6.15,MECH,2,0,0,1,64,55,55,63,47,0,Not Placed
19,Female,7.79,IT,2,2,3,3,62,73,70,66,76,2,Placed
18,Male,10.0,IT,1,2,4,4,83,95,86,87,94,0,Placed
24,Male,9.78,ECE,1,1,3,3,86,71,90,78,75,0,Placed
20,Male,5.65,CSE,2,0,1,0,52,68,64,58,51,3,Not Placed
18,Female,9.55,ECE,2,2,2,3,81,81,85,81,76,0,Placed
21,Male,8.86,IT,2,1,3,2,83,77,73,85,73,0,Placed
19,Male,6.71,IT,2,0,2,0,45,54,47,64,42,2,Placed
22,Female,7.28,CSE,2,0,0,4,70,64,62,68,61,0,Placed
18,Male,8.15,CIVIL,1,1,3,1,86,70,74,74,85,1,Placed
21,Male,7.47,CSE,1,3,0,6,62,85,89,81,82,1,Placed
25,Female,5.67,CSE,1,2,0,0,56,57,56,51,53,2,Not Placed
19,Female,9.01,IT,2,1,2,2,76,67,67,71,60,1,Placed
19,Female,5.58,EEE,1,1,0,0,40,69,40,47,68,1,Placed
21,Male,6.73,EEE,3,0,1,1,57,69,70,72,58,1,Placed
26,Female,9.03,ECE,1,1,2,2,81,69,79,68,81,2,Not Placed
20,Female,7.28,ECE,2,0,2,1,72,77,77,72,63,1,Not Placed
22,Male,6.73,IT,3,2,0,0,62,70,65,64,73,1,Not Placed
19,Male,9.33,CSE,1,3,4,3,74,75,79,82,78,0,Placed
22,Male,7.71,CSE,2,1,2,1,81,78,86,70,85,0,Placed
19,Female,8.8,IT,2,4,0,2,71,81,83,70,86,0,Placed
21,Male,7.99,ECE,3,1,4,4,86,77,76,59,79,1,Placed
18,Male,8.1,ECE,1,3,3,0,94,90,82,87,83,1,Placed
21,Male,7.43,CIVIL,1,1,5,1,76,73,84,84,71,0,Placed
19,Female,7.77,ECE,2,4,4,3,80,72,74,84,80,0,Placed
22,Male,7.14,ECE,2,1,4,2,75,77,75,68,75,1,Not Placed
22,Male,7.58,CIVIL,3,2,1,3,83,65,59,65,65,0,Placed
23,Female,6.39,CSE,3,0,1,0,40,51,50,62,67,0,Not Placed
28,Male,6.48,IT,3,1,0,4,63,50,64,65,61,0,Not Placed
20,Female,6.81,EEE,1,1,2,2,48,55,59,55,81,0,Not Placed
22,Male,8.43,ECE,2,2,1,0,64,61,72,70,70,0,Placed
18,Male,9.16,MECH,1,1,2,2,82,69,82,82,79,0,Placed
24,Male,7.12,ECE,1,1,2,1,65,75,73,71,64,0,Placed
21,Male,7.72,CIVIL,1,2,4,3,86,61,87,78,72,0,Placed
20,Male,7.53,CSE,2,1,1,2,91,73,78,67,73,1,Not Placed
20,Female,7.86,MECH,2,0,4,1,69,81,61,71,62,1,Not Placed
22,Male,8.49,CSE,3,1,2,3,92,68,72,68,61,0,Placed
23,Male,7.8,CSE,2,0,1,0,57,83,73,64,55,0,Placed
23,Female,8.63,CSE,2,0,3,1,75,90,81,69,76,0,Placed
21,Female,8.48,ECE,1,1,3,1,67,63,73,68,71,1,Not Placed
20,Male,6.94,CSE,2,1,1,1,63,56,66,57,40,0,Placed
25,Male,7.61,CSE,2,0,1,2,79,71,81,68,69,1,Not Placed
21,Male,8.8,ECE,1,2,2,4,74,78,80,77,67,0,Placed
21,Female,6.85,IT,2,0,4,2,60,67,69,74,58,1,Placed
21,Female,8.12,IT,3,0,2,1,71,77,64,86,71,1,Not Placed
21,Male,8.27,ECE,1,3,4,4,69,78,68,74,65,1,Placed
22,Male,6.36,MECH,3,1,1,1,53,46,54,43,51,0,Not Placed
21,Male,7.82,EEE,3,1,3,4,71,78,69,67,76,3,Placed
24,Female,6.14,IT,3,0,2,1,47,70,62,60,74,1,Placed
23,Male,7.33,MECH,1,0,2,1,69,63,65,63,68,2,Not Placed
20,Male,7.78,MECH,1,2,2,1,90,69,76,76,84,0,Placed
19,Male,7.27,IT,2,1,4,3,62,73,56,76,70,3,Not Placed
21,Female,6.68,CSE,2,0,1,1,67,83,75,67,60,0,Placed
21,Female,7.83,CSE,1,1,2,1,77,87,91,81,53,0,Placed
21,Male,7.6,ECE,2,1,0,1,61,82,66,63,65,1,Placed
24,Female,6.98,CIVIL,2,0,0,1,56,76,66,71,77,0,Placed
18,Male,8.55,CSE,1,4,4,1,73,69,69,67,59,0,Placed
20,Female,7.58,IT,1,1,4,0,57,69,54,51,59,2,Not Placed
23,Female,7.74,CSE,3,0,2,0,66,69,78,57,73,0,Not Placed
25,Female,7.78,ECE,2,3,1,3,69,73,78,58,64,0,Placed
20,Male,5.62,MECH,1,0,0,0,60,66,61,62,57,2,Not Placed
19,Male,6.23,EEE,3,1,4,3,78,59,56,42,73,3,Not Placed
20,Female,9.17,CIVIL,3,1,4,5,86,80,87,69,77,0,Placed
20,Female,7.83,IT,2,0,2,2,71,72,70,70,71,0,Placed
21,Male,5.86,ECE,2,0,0,0,45,54,67,58,68,2,Not Placed
19,Female,6.83,MECH,2,1,1,1,56,46,65,55,59,3,Not Placed
20,Male,7.55,EEE,2,1,1,1,68,80,58,67,59,0,Placed
22,Male,9.26,CIVIL,3,3,3,3,83,79,84,77,81,0,Placed
21,Female,6.99,CSE,1,2,1,2,67,83,78,72,79,0,Placed
22,Male,9.52,CSE,2,0,4,2,68,88,76,82,82,0,Not Placed
20,Male,7.74,CSE,2,0,1,3,57,85,79,80,63,1,Placed
20,Male,8.43,MECH,3,0,4,4,81,83,77,74,63,0,Placed
20,Female,6.01,CSE,1,0,1,0,41,68,65,65,56,1,Not Placed
25,Male,8.43,MECH,2,1,4,3,68,81,64,75,72,0,Not Placed
20,Male,7.48,IT,2,1,3,4,57,71,64,59,76,2,Placed
21,Male,9.27,EEE,3,2,5,2,79,82,78,74,80,1,Placed
21,Male,6.55,EEE,2,0,1,3,77,67,75,56,73,1,Not Placed
24,Male,7.76,IT,2,0,5,0,69,75,67,79,65,1,Not Placed
20,Male,8.11,CSE,3,2,0,0,67,82,82,81,69,0,Not Placed
20,Male,6.65,ECE,2,2,1,2,76,72,77,60,72,2,Not Placed
23,Female,6.78,CIVIL,2,0,5,1,64,70,70,71,72,0,Placed
19,Male,6.76,CSE,3,1,1,0,71,70,67,69,75,0,Not Placed
21,Male,7.4,CSE,2,0,4,3,64,56,59,55,57,0,Placed
20,Female,9.8,MECH,2,2,3,2,79,88,93,76,94,0,Placed
27,Male,7.98,CSE,2,0,1,1,78,80,68,88,72,0,Placed
22,Male,6.21,CSE,1,0,1,4,63,70,48,69,50,3,Not Placed
18,Other,8.78,MECH,2,0,3,1,70,69,93,64,65,0,Not Placed
23,Female,6.55,EEE,2,1,0,2,60,65,59,53,64,4,Not Placed
22,Female,6.25,CSE,1,1,3,2,59,42,48,61,60,3,Not Placed
21,Male,9.16,CIVIL,2,2,2,0,83,72,90,87,79,0,Placed
19,Female,6.61,EEE,2,0,1,1,40,50,44,58,64,1,Not Placed
19,Male,8.8,CSE,1,2,2,3,77,74,88,71,87,0,Placed
21,Male,6.42,IT,2,1,1,1,61,65,74,62,65,2,Not Placed
20,Female,6.68,MECH,2,1,2,3,76,74,68,54,65,2,Placed
23,Male,8.43,ECE,1,0,3,3,72,71,66,84,58,2,Not Placed
19,Female,8.18,ECE,1,1,1,1,73,83,74,62,74,0,Placed
21,Male,6.37,IT,2,1,2,2,70,46,56,62,64,1,Not Placed
19,Male,7.97,CSE,2,2,1,3,67,81,76,72,53,1,Not Placed
21,Female,8.16,ECE,3,2,3,3,70,77,72,80,71,0,Not Placed
18,Male,7.13,CSE,2,0,0,0,52,75,45,66,71,2,Not Placed
20,Female,7.34,MECH,3,0,1,3,80,53,66,57,73,0,Placed
19,Male,8.4,CSE,2,1,2,3,76,66,78,77,75,0,Placed
21,Male,8.87,CSE,2,3,4,3,85,84,92,84,95,0,Placed
20,Female,8.82,CSE,2,0,2,5,75,69,83,77,69,0,Placed
22,Male,7.09,MECH,2,0,1,1,56,62,63,52,56,3,Not Placed
18,Female,8.04,IT,3,1,2,1,83,75,66,82,67,0,Not Placed
21,Male,8.0,IT,2,1,2,4,81,83,87,72,78,0,Placed
21,Male,8.69,ECE,2,2,6,3,76,82,78,79,57,0,Placed
18,Male,9.02,ECE,2,0,3,3,81,86,72,76,71,0,Placed
18,Female,7.1,MECH,2,2,3,2,72,76,77,55,52,2,Placed
20,Male,7.32,IT,1,0,2,2,58,60,69,82,54,0,Not Placed
21,Male,7.53,CSE,2,1,1,1,64,81,65,73,52,1,Placed
26,Female,5.83,MECH,1,0,3,0,69,76,54,62,56,3,Not Placed
18,Male,7.56,IT,2,0,1,4,77,72,66,76,57,1,Not Placed
22,Female,7.76,ECE,2,1,1,1,63,73,57,88,74,0,Not Placed
22,Male,8.19,CSE,3,0,3,1,61,82,72,68,95,0,Not Placed
22,Male,5.73,MECH,2,0,0,1,49,53,44,49,48,2,Not Placed
21,Male,8.13,CIVIL,2,3,3,1,68,87,74,69,77,1,Placed
26,Male,9.53,IT,2,2,5,2,90,84,95,81,95,0,Placed
21,Female,7.33,CSE,2,1,5,0,80,59,57,73,68,1,Not Placed
23,Male,7.05,CSE,1,4,1,1,62,71,75,72,54,2,Placed
19,Male,7.51,IT,2,0,1,2,69,69,80,70,73,0,Placed
23,Female,8.84,IT,2,3,1,4,94,81,86,84,77,0,Placed
28,Female,7.0,IT,2,1,1,2,57,54,60,55,59,1,Not Placed
24,Male,7.19,ECE,3,1,3,1,76,68,73,67,65,0,Not Placed
20,Male,6.87,CSE,2,0,2,3,58,81,59,63,59,1,Not Placed
23,Male,6.82,CSE,2,1,2,1,61,55,62,60,40,1,Not Placed
18,Female,7.1,CIVIL,1,1,1,1,68,64,76,74,53,0,Not Placed
22,Female,9.4,CSE,2,4,5,6,82,77,73,77,87,0,Placed
20,Female,9.06,CIVIL,3,2,5,3,76,82,84,88,68,0,Placed
22,Male,7.57,ECE,2,1,2,4,72,62,68,81,73,0,Placed
20,Male,6.78,CSE,3,0,0,4,68,65,68,70,59,0,Not Placed
18,Male,9.91,ECE,2,1,2,3,89,81,82,89,90,0,Placed
19,Male,7.53,CIVIL,1,0,3,3,67,84,70,80,66,1,Not Placed
18,Male,7.62,MECH,3,0,2,1,68,62,57,70,56,1,Placed
20,Male,5.82,IT,2,1,0,2,52,60,54,55,62,2,Not Placed
23,Male,8.64,CSE,2,2,5,3,79,87,75,87,91,0,Placed
22,Male,8.44,IT,3,3,4,3,69,77,73,80,76,0,Placed
23,Male,9.76,CSE,3,3,3,2,95,95,84,82,76,0,Placed
23,Male,5.86,CSE,3,0,0,3,60,63,52,63,73,4,Placed
20,Female,9.54,MECH,2,2,3,1,95,95,84,71,70,0,Placed
21,Female,7.57,ECE,2,1,1,4,58,77,79,67,72,0,Placed
21,Male,8.49,EEE,2,1,4,2,86,84,64,79,82,0,Placed
18,Female,6.23,ECE,2,0,1,1,60,60,56,43,45,0,Not Placed
21,Male,9.02,CSE,1,2,1,3,85,70,79,78,95,0,Placed
22,Male,7.71,CSE,3,0,1,4,84,94,79,72,72,0,Placed
21,Female,7.46,EEE,1,0,4,2,69,69,73,72,82,1,Placed
22,Male,9.22,IT,3,0,0,2,76,78,67,73,54,1,Not Placed
18,Female,7.6,IT,2,0,3,0,53,81,63,53,56,0,Not Placed
22,Male,7.06,CSE,1,1,3,1,60,86,58,79,45,3,Not Placed
19,Male,6.9,IT,1,1,2,2,67,69,63,78,53,1,Not Placed
24,Male,5.0,CSE,2,0,3,1,49,66,59,40,72,2,Not Placed
19,Male,8.03,CSE,1,0,4,1,71,66,82,76,75,0,Placed
21,Male,8.53,MECH,1,2,3,1,78,83,78,82,84,2,Placed
21,Male,6.71,EEE,2,0,3,1,61,67,68,69,42,0,Not Placed
19,Male,7.69,MECH,2,1,3,1,80,81,73,70,61,0,Placed
20,Male,7.57,MECH,1,1,4,5,73,49,59,71,74,0,Placed
19,Male,7.3,ECE,2,0,2,0,70,78,74,65,83,0,Placed
21,Male,7.07,IT,1,1,2,2,59,73,60,68,60,2,Not Placed
24,Male,6.65,IT,3,1,1,4,65,64,65,64,61,1,Not Placed
20,Male,8.01,CSE,3,2,1,2,74,76,81,79,70,0,Placed
21,Female,8.28,MECH,2,1,2,2,72,66,64,68,69,0,Placed
23,Other,9.69,MECH,1,2,3,3,95,80,77,93,80,0,Placed
20,Male,7.15,ECE,1,2,2,1,80,71,73,70,69,1,Placed
23,Male,6.93,IT,2,1,0,2,53,56,64,63,67,0,Not Placed
20,Female,7.91,CSE,1,0,5,2,82,92,84,78,86,0,Placed
20,Female,7.74,CSE,2,2,0,3,75,66,73,70,78,0,Placed
19,Female,8.82,IT,2,1,1,4,64,74,73,80,90,0,Placed
19,Female,8.75,CIVIL,2,0,3,2,84,84,76,74,81,0,Placed
21,Female,7.05,CSE,2,1,0,2,61,50,76,77,79,2,Placed
23,Male,7.88,CIVIL,1,0,4,4,65,63,62,76,79,1,Placed
19,Male,7.65,ECE,2,3,3,3,67,68,65,63,64,1,Placed
24,Female,6.21,IT,2,0,5,2,53,66,64,52,66,2,Not Placed
20,Male,7.73,CSE,2,1,4,2,62,61,80,63,60,0,Not Placed
20,Female,7.86,CSE,2,0,3,3,87,67,85,82,73,1,Placed
24,Other,7.38,ECE,2,0,0,2,70,76,54,77,65,2,Not Placed
24,Male,6.24,ECE,2,1,0,1,63,78,49,63,51,0,Placed
21,Male,6.37,IT,1,0,1,2,57,65,54,68,52,1,Not Placed
19,Female,8.84,CSE,2,4,3,4,90,80,92,84,89,0,Placed
19,Female,6.53,CSE,3,0,1,0,57,68,84,66,62,0,Placed
19,Female,5.96,CSE,1,1,1,0,62,65,59,63,49,0,Not Placed
23,Female,7.22,EEE,3,1,1,1,71,64,54,64,42,1,Not Placed
20,Other,5.93,ECE,3,0,3,3,62,66,51,50,66,1,Not Placed
22,Male,8.33,CSE,3,0,1,4,83,82,82,87,76,0,Placed
19,Male,6.61,EEE,1,0,2,4,56,58,57,62,57,2,Not Placed
21,Male,8.8,CSE,3,1,1,1,91,82,91,81,66,1,Placed
20,Male,8.2,EEE,1,3,3,1,63,79,66,65,79,0,Not Placed
21,Female,8.85,ECE,2,2,2,2,71,82,83,69,63,0,Placed
21,Male,8.39,EEE,2,1,3,2,71,72,71,75,67,1,Placed
28,Female,8.08,CSE,1,1,2,2,76,66,84,67,83,1,Placed
24,Male,8.37,EEE,2,1,1,5,84,95,79,77,63,0,Not Placed
22,Female,8.74,EEE,3,3,2,2,82,71,70,62,64,0,Placed
19,Male,7.73,CSE,1,3,3,4,68,69,75,87,65,0,Placed
24,Male,7.3,CSE,2,2,1,6,59,63,71,80,72,0,Placed
24,Male,9.04,EEE,3,1,3,4,85,77,91,74,85,0,Placed
24,Male,6.98,IT,1,3,1,2,60,54,66,58,70,1,Not Placed
21,Male,7.96,ECE,3,0,0,3,73,73,67,58,72,0,Not Placed
19,Female,7.69,CSE,3,1,3,0,66,60,58,61,74,1,Placed
22,Male,7.75,CSE,2,0,4,0,77,73,70,76,66,0,Placed
20,Female,6.36,EEE,2,0,3,1,60,75,69,53,73,0,Not Placed
20,Female,7.76,CSE,1,0,4,1,83,80,73,77,92,0,Placed
20,Male,7.25,CSE,3,0,2,0,69,66,67,65,67,1,Not Placed
21,Male,6.19,CSE,1,0,1,2,44,75,58,55,60,1,Placed
20,Male,7.57,MECH,2,1,0,1,64,82,64,64,66,0,Placed
22,Male,7.3,IT,2,1,2,0,52,59,54,48,66,0,Placed
22,Male,5.59,ECE,2,0,0,2,49,77,50,59,52,0,Not Placed
21,Female,6.84,ECE,2,0,2,2,62,71,54,73,49,0,Not Placed
18,Female,7.37,IT,1,2,5,0,71,81,69,74,81,0,Not Placed
25,Male,7.66,CSE,2,0,6,3,70,56,72,65,74,0,Placed
20,Female,8.55,CSE,2,0,4,1,76,72,72,78,77,0,Placed
20,Female,5.11,CSE,2,1,1,1,46,46,40,50,52,1,Not Placed
20,Male,5.69,MECH,2,1,1,3,61,64,51,57,63,5,Not Placed
20,Female,9.48,EEE,1,1,3,2,85,76,87,92,75,0,Placed
22,Female,6.98,MECH,1,0,1,2,50,58,57,67,69,1,Not Placed
18,Female,7.28,MECH,1,0,2,1,58,74,64,83,72,0,Placed
24,Female,6.0,CSE,2,1,0,0,63,51,65,62,47,1,Placed
18,Male,7.18,EEE,1,1,1,1,66,74,56,66,57,2,Not Placed
28,Male,7.26,IT,1,0,1,1,51,55,62,71,63,0,Not Placed
21,Other,8.08,EEE,2,0,0,1,74,73,64,73,75,1,Not Placed
18,Male,7.25,CIVIL,2,2,1,3,64,70,55,54,78,0,Not Placed
21,Male,7.47,IT,2,1,1,1,71,75,61,60,66,0,Placed
20,Male,6.62,ECE,3,1,4,0,52,60,61,56,68,0,Placed
25,Male,7.69,IT,2,0,2,1,82,59,63,81,81,1,Placed
22,Male,5.6,MECH,2,0,0,1,55,43,62,68,48,3,Not Placed
21,Female,7.5,CSE,1,2,2,2,74,85,79,60,53,0,Not Placed
20,Male,10.0,IT,3,2,5,3,95,89,81,93,78,0,Placed
28,Male,8.55,MECH,2,0,2,3,85,95,79,79,83,0,Placed
22,Male,7.67,CSE,1,0,0,2,76,76,77,71,74,1,Placed
21,Female,7.23,IT,1,2,2,3,58,64,69,67,44,1,Not Placed
20,Female,5.81,ECE,1,0,2,2,68,77,49,55,54,2,Not Placed
20,Female,6.75,ECE,2,0,1,0,47,55,59,55,61,1,Not Placed
22,Female,8.97,CSE,1,1,2,0,73,76,85,78,72,0,Placed
21,Male,6.45,CSE,3,0,1,3,63,84,54,55,66,1,Not Placed
23,Female,7.51,IT,2,0,0,1,68,69,69,74,61,2,Not Placed
21,Male,7.76,IT,3,0,1,2,59,71,75,68,55,2,Not Placed
21,Female,6.32,CIVIL,2,1,0,0,67,67,60,59,40,2,Not Placed
21,Female,6.33,EEE,2,2,1,1,48,69,50,57,46,3,Not Placed
22,Male,7.75,ECE,3,1,2,6,74,89,83,68,65,2,Not Placed
20,Male,7.23,CSE,1,2,0,1,62,57,55,59,58,3,Not Placed
23,Female,6.07,MECH,3,0,1,4,77,66,71,59,55,1,Not Placed
20,Male,6.83,CSE,1,1,3,2,64,71,72,69,59,0,Placed
22,Female,7.95,CIVIL,2,1,2,0,77,83,66,68,77,0,Placed
24,Male,7.01,CIVIL,3,0,1,1,68,68,69,77,59,1,Placed
22,Female,7.05,CIVIL,1,2,3,1,75,55,62,57,75,4,Not Placed
20,Female,8.56,CSE,1,2,1,0,69,83,82,64,70,0,Placed
22,Male,7.64,CSE,1,0,2,1,65,66,66,65,71,1,Placed
19,Male,8.3,ECE,2,0,2,3,68,67,59,65,72,1,Placed
18,Female,7.64,IT,2,0,1,2,83,73,73,78,78,1,Not Placed
23,Male,8.17,IT,2,3,1,0,78,76,73,76,83,1,Placed
23,Male,7.52,ECE,1,3,2,3,58,54,58,60,54,2,Placed
18,Female,8.02,EEE,2,1,0,3,75,84,79,71,58,0,Placed
25,Male,7.48,IT,2,1,1,4,64,53,56,71,63,0,Not Placed
20,Female,6.77,IT,3,1,1,1,62,66,54,56,55,2,Placed
24,Male,7.64,ECE,3,1,5,3,79,83,77,59,74,1,Not Placed
23,Male,7.55,CSE,3,0,3,4,70,53,81,54,76,0,Not Placed
24,Male,7.98,EEE,1,0,1,2,77,73,68,70,75,1,Placed
23,Female,8.31,EEE,1,0,1,2,62,74,75,80,53,1,Not Placed
26,Male,6.82,MECH,2,0,4,2,77,66,65,61,60,0,Placed
21,Male,7.54,EEE,1,0,3,0,90,82,72,68,75,0,Placed
19,Male,8.72,ECE,1,0,4,3,89,72,75,95,64,1,Not Placed
20,Female,7.67,MECH,3,1,1,2,75,65,72,71,84,0,Placed
22,Female,6.85,IT,2,0,1,1,73,76,60,63,72,0,Not Placed
19,Male,9.32,EEE,2,0,3,2,89,78,87,67,86,0,Not Placed
24,Male,7.59,CSE,2,0,4,1,76,64,73,65,74,0,Placed
19,Male,7.92,EEE,2,0,2,1,71,65,76,76,67,0,Placed
24,Female,8.44,CSE,1,0,2,1,69,62,73,71,71,0,Placed
21,Female,7.19,CSE,3,0,1,3,65,80,58,70,92,0,Placed
23,Female,6.21,ECE,2,0,1,0,57,72,56,53,63,2,Not Placed
25,Female,8.95,CSE,2,1,2,1,90,75,71,82,65,0,Not Placed
20,Male,10.0,IT,1,2,4,0,95,95,95,77,87,0,Placed
22,Female,7.5,EEE,1,0,1,2,59,77,72,58,69,1,Placed
19,Female,7.41,ECE,1,1,2,1,74,69,67,78,69,2,Placed
23,Male,7.05,EEE,1,1,3,2,77,62,63,72,66,0,Placed
23,Female,6.71,EEE,2,2,2,3,67,83,64,65,57,1,Placed
20,Male,9.05,IT,1,1,2,6,85,79,93,86,77,0,Placed
18,Female,7.31,CIVIL,2,0,0,1,44,68,72,54,78,3,Not Placed
20,Female,7.17,CSE,2,1,3,0,59,68,73,55,65,2,Not Placed
19,Female,6.6,CSE,2,0,3,2,55,62,58,41,47,3,Not Placed
23,Male,7.15,IT,1,1,1,3,73,70,74,64,76,0,Placed
19,Female,5.44,EEE,1,0,0,1,51,44,40,63,56,1,Not Placed
25,Male,8.0,CSE,1,1,6,2,81,68,66,74,60,0,Not Placed
26,Male,9.8,IT,2,0,6,1,95,89,89,92,95,0,Placed
24,Female,7.55,ECE,2,0,4,0,64,62,70,65,64,3,Not Placed
21,Male,6.23,MECH,2,0,2,0,46,56,67,59,55,1,Not Placed
19,Female,8.37,MECH,1,0,3,1,78,62,85,85,70,0,Not Placed
23,Male,7.35,CSE,1,0,2,2,76,63,57,47,61,1,Placed
22,Female,7.74,CSE,2,2,0,2,66,82,76,86,48,0,Placed
26,Female,6.94,EEE,1,1,3,3,64,69,64,68,52,0,Not Placed
20,Male,6.67,MECH,2,1,2,1,60,69,71,65,73,1,Not Placed
18,Female,7.47,CSE,3,1,1,5,64,70,76,56,65,0,Placed
28,Male,8.46,EEE,3,0,1,6,82,76,82,80,76,1,Placed
23,Female,7.29,CSE,2,0,2,1,71,70,68,74,64,1,Placed
19,Female,6.4,CSE,2,0,2,2,63,56,67,62,63,2,Not Placed
22,Female,7.52,IT,3,0,3,2,66,81,72,67,53,1,Placed
18,Female,6.42,EEE,2,0,0,3,59,52,60,53,67,3,Not Placed
21,Female,7.12,EEE,2,1,2,2,79,71,63,76,89,0,Placed
20,Female,5.74,IT,2,1,1,2,61,57,60,47,45,3,Not Placed
20,Female,7.29,EEE,3,0,1,2,64,71,71,66,59,3,Not Placed
19,Male,9.01,IT,1,1,3,2,66,84,75,80,65,1,Placed
19,Male,7.23,CSE,2,2,2,4,78,82,78,62,53,0,Placed
20,Female,8.43,MECH,2,1,2,1,74,81,75,73,90,0,Not Placed
19,Male,6.9,CSE,2,1,0,1,74,50,69,67,64,3,Not Placed
21,Male,7.92,MECH,1,0,5,5,95,78,94,81,78,0,Placed
21,Female,7.73,EEE,3,1,2,1,78,73,78,74,65,0,Not Placed
22,Male,8.2,EEE,1,0,3,6,72,83,77,76,69,2,Placed
22,Male,8.4,ECE,2,1,0,1,70,82,77,69,82,1,Not Placed
19,Male,8.02,MECH,3,3,1,3,88,86,66,81,75,0,Placed
18,Male,7.33,CSE,2,0,2,3,48,69,66,63,61,1,Not Placed
23,Male,6.31,ECE,2,0,0,0,56,63,55,61,64,0,Placed
24,Male,7.93,CSE,2,1,3,3,79,85,66,64,67,1,Placed
26,Female,7.84,ECE,2,2,2,4,73,63,64,79,70,1,Placed
25,Male,7.97,ECE,1,2,2,4,71,81,80,90,68,0,Placed
21,Female,7.5,CSE,2,0,0,3,50,75,58,67,58,1,Not Placed
24,Female,7.38,CSE,2,0,2,2,58,58,55,61,44,1,Not Placed
20,Male,8.71,ECE,1,0,1,1,78,71,81,70,83,0,Not Placed
23,Female,7.17,CIVIL,2,0,0,1,70,68,69,70,57,0,Not Placed
25,Male,5.46,ECE,2,0,0,0,44,48,56,45,54,4,Not Placed
23,Female,7.63,IT,2,2,3,6,80,68,82,75,59,0,Placed
20,Other,6.37,CIVIL,3,0,0,3,57,51,61,48,41,2,Not Placed
20,Female,6.65,MECH,2,1,1,2,54,59,65,58,61,2,Not Placed
20,Male,8.44,EEE,1,2,1,5,75,64,94,80,75,0,Placed
20,Male,9.32,IT,2,0,1,0,94,86,95,78,66,0,Placed
23,Male,6.04,IT,2,0,1,0,55,64,59,64,60,2,Not Placed
22,Female,6.53,CSE,2,0,0,1,67,62,52,74,75,0,Placed
19,Male,7.6,MECH,1,0,2,1,76,70,69,63,57,1,Placed
22,Male,8.85,CSE,1,1,3,2,75,71,87,87,74,0,Placed
20,Male,7.05,EEE,3,1,4,0,65,74,75,69,70,0,Placed
21,Male,5.73,MECH,1,2,1,0,65,72,70,68,65,0,Not Placed
20,Male,8.45,ECE,1,1,5,3,79,91,82,84,72,0,Placed
21,Male,7.14,CSE,3,0,3,3,57,64,64,58,69,1,Not Placed
22,Female,7.39,CSE,2,1,1,1,72,88,81,72,70,0,Placed
22,Male,5.43,ECE,1,1,1,0,41,65,53,51,60,0,Not Placed
22,Male,7.37,CSE,1,0,0,4,57,84,82,72,82,0,Placed
20,Male,6.36,CSE,2,1,1,1,59,67,62,41,67,3,Not Placed
22,Male,6.1,IT,2,0,2,4,52,54,47,56,53,1,Placed
19,Female,8.12,ECE,1,0,6,0,67,79,65,76,70,0,Placed
21,Male,7.34,ECE,2,0,1,1,67,85,69,68,64,1,Placed
21,Male,6.43,CSE,1,0,5,3,60,61,60,70,71,0,Placed
22,Male,7.42,ECE,1,1,1,0,56,66,51,49,62,1,Placed
24,Male,7.21,IT,2,2,0,3,74,66,81,67,69,1,Not Placed
20,Female,7.68,IT,2,3,4,4,86,67,70,74,62,1,Not Placed
23,Female,8.57,MECH,2,2,1,0,83,75,79,69,75,0,Placed
20,Male,5.0,CSE,2,0,0,1,40,56,48,54,40,3,Not Placed
21,Male,7.21,ECE,2,1,2,4,57,61,72,76,62,2,Not Placed
23,Male,8.17,CSE,1,2,0,2,76,55,66,69,61,2,Placed
22,Female,7.48,CSE,1,1,2,0,65,70,73,65,56,0,Placed
23,Male,8.09,ECE,2,2,0,2,70,86,62,57,71,0,Placed
23,Female,7.58,ECE,2,0,3,2,71,71,64,69,70,0,Placed
19,Male,7.66,ECE,3,0,1,0,75,73,65,75,60,1,Placed
28,Female,6.61,CIVIL,3,1,0,2,52,62,60,61,62,1,Placed
25,Male,7.26,EEE,2,0,1,3,66,72,66,64,58,1,Not Placed
20,Male,8.55,CSE,3,4,2,5,66,85,89,77,70,0,Placed
18,Male,6.82,ECE,1,1,0,4,68,61,58,65,54,0,Placed
20,Male,7.98,ECE,3,1,3,1,69,63,65,66,70,1,Placed
23,Other,8.76,ECE,2,1,2,1,66,76,65,67,70,0,Not Placed
25,Male,8.85,IT,2,2,4,2,89,88,74,75,59,0,Placed
23,Male,7.46,CIVIL,1,2,2,2,61,75,63,58,77,0,Placed
20,Female,7.96,IT,2,4,6,2,69,90,75,86,55,1,Placed
18,Male,9.12,EEE,2,0,2,1,93,76,79,86,68,0,Placed
21,Male,7.18,IT,2,1,2,2,66,74,69,59,76,4,Placed
20,Male,8.88,EEE,3,3,1,3,67,67,72,62,62,2,Not Placed
19,Male,6.37,IT,3,2,2,2,72,62,61,64,70,3,Not Placed
18,Female,8.34,CSE,2,3,4,1,76,72,81,60,70,2,Placed
19,Male,8.76,IT,1,1,1,1,77,74,79,75,67,0,Placed
19,Female,7.15,ECE,2,0,6,0,85,74,79,77,76,0,Placed
22,Male,8.87,CSE,2,0,3,3,76,81,86,60,73,2,Placed
20,Male,6.02,ECE,1,0,2,1,69,72,59,58,59,1,Not Placed
20,Female,6.47,MECH,2,0,0,3,54,43,60,65,58,1,Not Placed
21,Female,8.78,MECH,2,4,6,0,86,86,84,83,95,0,Placed
26,Female,7.27,IT,1,1,3,2,68,72,73,63,62,0,Not Placed
22,Male,6.78,IT,2,0,1,2,55,72,64,58,69,1,Not Placed
22,Male,9.2,MECH,2,0,3,1,93,76,86,76,88,0,Placed
22,Female,8.97,CIVIL,3,2,2,2,67,71,66,66,80,1,Not Placed
22,Female,7.76,CSE,3,1,2,3,70,71,73,84,84,0,Placed
22,Male,6.0,CSE,3,0,2,2,55,64,60,59,66,1,Not Placed
21,Male,7.54,CSE,1,1,2,5,60,62,57,65,65,1,Placed
21,Female,7.07,IT,3,1,3,1,50,56,68,63,75,0,Not Placed
21,Male,7.16,EEE,2,0,1,1,51,52,62,57,51,3,Not Placed
20,Female,7.4,CSE,1,1,2,1,52,61,67,81,60,1,Placed
19,Female,7.39,EEE,2,0,0,0,64,70,74,71,76,0,Not Placed
20,Male,8.66,CSE,2,1,6,3,81,86,91,90,73,0,Placed
20,Male,7.89,CSE,2,2,1,3,67,64,59,75,65,2,Not Placed
21,Male,5.26,ECE,3,0,0,0,48,61,52,46,48,0,Not Placed
21,Female,8.15,ECE,2,0,3,2,67,53,69,87,65,0,Placed
18,Female,9.86,CSE,1,2,4,4,95,91,89,95,89,0,Placed
20,Male,8.99,IT,2,0,3,2,83,70,81,75,81,0,Placed
20,Male,6.08,IT,3,1,1,1,63,65,56,48,74,1,Not Placed
22,Male,7.16,CIVIL,2,0,3,4,74,75,73,63,65,0,Not Placed
20,Female,7.25,MECH,2,1,2,0,70,66,67,75,64,0,Placed
18,Male,6.05,ECE,3,0,1,3,55,70,59,49,56,2,Not Placed
18,Female,7.05,CIVIL,1,1,4,1,56,63,64,56,66,1,Not Placed
21,Male,7.08,ECE,2,2,2,2,71,66,69,72,66,0,Placed
19,Male,5.27,CSE,3,0,1,0,52,49,53,50,45,2,Not Placed
21,Male,6.78,IT,3,0,2,1,53,58,55,63,62,0,Placed
21,Female,7.5,MECH,2,1,2,0,77,71,67,68,61,0,Placed
25,Female,6.6,ECE,3,1,0,3,65,60,49,59,68,1,Not Placed
22,Male,8.25,CIVIL,1,3,0,0,66,51,77,58,78,1,Placed
18,Male,6.99,ECE,2,1,1,3,47,68,70,54,45,0,Placed
20,Female,8.09,MECH,2,2,4,3,66,69,79,58,79,0,Placed
23,Female,6.94,EEE,1,0,0,1,71,59,55,41,50,3,Not Placed
19,Male,8.48,MECH,1,3,1,0,85,68,89,92,59,0,Placed
24,Female,6.24,CIVIL,2,0,0,1,54,51,63,47,56,2,Not Placed
21,Female,6.6,IT,1,0,2,1,53,54,45,59,58,2,Not Placed
18,Male,7.48,ECE,2,1,5,1,78,68,73,71,74,0,Placed
19,Male,10.0,CSE,2,3,6,2,84,60,92,87,77,0,Placed
24,Male,7.9,MECH,2,2,3,2,70,74,66,71,55,0,Placed
28,Male,7.71,ECE,3,2,2,4,73,82,65,74,79,0,Placed
23,Female,7.53,CSE,3,1,1,2,59,73,64,69,63,2,Not Placed
20,Male,6.14,IT,3,0,2,1,63,65,58,68,69,1,Not Placed
22,Male,6.48,CSE,2,0,2,4,75,66,68,73,57,4,Not Placed
19,Male,6.18,IT,1,1,2,0,58,68,59,48,67,1,Not Placed
20,Female,6.16,CSE,2,0,2,1,54,44,53,60,47,0,Placed
22,Male,7.46,CIVIL,3,2,4,0,66,89,77,71,65,1,Placed
26,Male,7.11,ECE,3,1,1,4,55,64,62,40,56,2,Placed
20,Male,7.4,CIVIL,2,0,6,1,66,80,75,88,69,1,Placed
21,Female,5.86,CSE,3,0,0,6,43,52,56,48,53,1,Not Placed
19,Male,7.17,IT,2,2,3,3,69,61,75,67,82,3,Not Placed
20,Male,6.42,CIVIL,2,0,3,2,62,64,71,66,65,1,Not Placed
18,Female,9.28,EEE,1,2,4,2,84,72,87,74,83,0,Placed
23,Male,7.92,CSE,2,3,2,3,79,65,73,76,75,0,Placed
18,Female,8.96,MECH,2,0,5,3,83,75,82,84,86,0,Placed
22,Male,7.33,CSE,2,0,2,2,55,63,65,71,73,0,Placed
19,Female,7.38,CSE,2,3,3,4,72,65,80,62,71,1,Placed
21,Male,7.35,EEE,2,0,0,1,52,69,64,62,44,1,Not Placed
20,Male,6.81,EEE,2,1,2,2,62,72,69,58,68,0,Placed
20,Male,6.72,ECE,3,1,1,2,66,70,78,57,51,1,Placed
21,Female,7.03,CSE,3,1,3,4,64,79,66,51,66,1,Placed
22,Female,6.48,CSE,2,0,2,3,55,61,52,63,47,3,Not Placed
25,Male,6.3,IT,2,1,1,1,42,72,56,54,58,2,Not Placed
20,Male,5.9,IT,2,1,1,1,42,56,40,57,45,2,Not Placed
21,Male,6.6,CSE,2,0,4,2,52,55,51,58,67,2,Placed
24,Male,8.22,ECE,2,0,2,3,69,75,55,87,76,0,Not Placed
20,Male,6.74,MECH,2,1,4,1,47,47,67,45,40,4,Placed
23,Female,6.4,CIVIL,1,1,0,2,53,65,72,57,57,2,Not Placed
25,Male,9.36,EEE,2,1,6,0,89,79,94,80,93,1,Placed
23,Female,6.22,CSE,3,1,1,3,66,77,69,63,63,2,Not Placed
21,Male,9.65,ECE,1,1,3,2,67,64,69,72,77,0,Not Placed
22,Female,7.28,MECH,3,0,6,1,63,71,62,82,72,1,Placed
21,Male,7.83,CSE,2,0,2,1,69,65,71,59,68,0,Not Placed
21,Male,5.85,CSE,2,0,1,4,61,66,54,49,63,1,Not Placed
26,Female,8.35,CSE,2,2,2,3,70,81,60,76,61,1,Placed
19,Male,5.74,ECE,1,0,2,2,59,62,57,52,54,0,Not Placed
23,Female,9.92,CIVIL,1,1,2,6,93,82,88,88,68,0,Placed
21,Female,5.78,IT,1,0,0,3,49,50,44,42,54,1,Not Placed
19,Female,6.04,ECE,1,0,2,1,48,70,70,54,59,0,Not Placed
22,Female,6.85,ECE,2,0,0,1,64,52,50,68,59,0,Not Placed
23,Male,5.79,MECH,1,0,0,0,55,73,44,76,54,0,Not Placed
21,Male,8.82,CSE,1,0,3,2,78,87,79,86,74,0,Placed
23,Female,9.99,ECE,2,2,1,6,79,88,95,95,77,0,Placed
20,Male,8.03,CIVIL,2,2,1,2,72,70,71,69,67,1,Placed
24,Male,5.68,CIVIL,2,0,0,2,63,73,65,52,57,2,Not Placed
22,Male,5.41,IT,2,0,0,1,43,41,41,60,50,1,Not Placed
23,Female,7.22,CSE,3,1,3,4,65,73,71,66,72,2,Not Placed
19,Male,7.22,CIVIL,1,2,0,0,62,55,60,59,72,1,Not Placed
20,Male,8.2,CIVIL,3,2,2,0,60,59,72,58,49,2,Placed
24,Female,7.61,CSE,2,0,3,5,54,82,64,77,72,0,Placed
18,Female,6.6,CSE,3,3,1,0,74,75,76,83,79,1,Placed
20,Male,7.69,CSE,1,0,3,1,68,67,68,70,73,0,Not Placed
23,Male,7.16,ECE,3,1,3,4,62,75,74,68,68,0,Placed
22,Female,6.39,IT,3,0,3,0,52,60,53,51,53,2,Not Placed
23,Male,7.74,CSE,1,0,3,1,73,86,71,77,79,0,Placed
22,Female,6.85,EEE,2,1,4,1,71,58,75,76,50,2,Not Placed
25,Female,9.38,CSE,1,1,3,5,80,72,67,71,75,1,Not Placed
21,Male,8.37,CIVIL,1,2,3,1,76,82,74,85,61,1,Placed
21,Male,6.12,IT,2,0,1,1,54,60,59,48,59,0,Not Placed
23,Male,7.27,IT,2,0,3,0,53,40,56,64,47,2,Not Placed
22,Male,6.39,CIVIL,2,1,0,3,69,43,65,75,73,0,Not Placed
18,Female,6.85,CSE,2,1,0,1,57,63,68,60,56,2,Not Placed
20,Male,7.56,CSE,2,1,1,2,76,95,76,78,68,1,Placed
21,Female,8.19,IT,1,0,2,3,84,69,69,77,66,2,Not Placed
22,Female,7.92,ECE,1,3,2,4,79,79,82,86,89,0,Placed
21,Male,8.09,ECE,2,1,1,2,66,87,75,75,72,0,Not Placed
22,Male,8.66,CIVIL,1,2,3,5,77,73,77,76,64,0,Placed
23,Male,8.63,CIVIL,3,4,0,2,67,67,86,89,83,0,Placed
19,Male,6.83,CSE,2,1,3,3,68,68,79,78,75,0,Not Placed
21,Female,7.58,CSE,3,3,4,2,67,69,69,63,68,3,Not Placed
21,Male,9.07,ECE,2,2,3,2,65,93,72,90,79,0,Placed
19,Male,8.05,CIVIL,1,0,2,1,72,86,63,71,70,1,Not Placed
21,Male,7.96,CSE,1,1,2,1,68,80,71,76,66,0,Placed
21,Male,7.51,IT,2,0,0,2,51,81,71,62,62,1,Not Placed
23,Female,8.07,CSE,3,1,1,2,74,85,77,68,81,0,Placed
21,Other,8.28,CIVIL,2,2,3,2,95,80,80,75,67,0,Placed
18,Female,6.9,CSE,3,1,0,4,68,67,67,70,62,1,Not Placed
21,Female,8.41,ECE,3,2,1,3,93,90,71,84,88,0,Placed
23,Female,5.97,CSE,2,0,0,1,46,43,44,44,58,5,Not Placed
21,Male,6.78,ECE,2,2,1,4,75,76,68,80,64,4,Not Placed
20,Female,7.0,IT,2,2,1,1,65,62,72,79,76,0,Placed
24,Male,7.13,ECE,2,0,2,1,59,67,60,61,54,1,Not Placed
19,Male,9.32,CSE,2,2,1,6,85,75,87,92,71,0,Placed
20,Female,7.63,CSE,1,0,4,3,79,92,67,81,55,3,Not Placed
20,Female,6.73,CSE,3,3,4,2,61,56,65,68,62,1,Placed
22,Female,7.67,MECH,3,3,2,0,66,63,66,59,63,0,Not Placed
23,Male,5.31,EEE,3,0,2,2,50,59,51,47,58,5,Not Placed
18,Female,5.87,CSE,1,1,0,3,48,70,49,56,72,1,Placed
23,Male,8.86,IT,3,2,5,4,78,79,75,72,79,0,Placed
22,Male,6.59,IT,2,0,0,2,62,61,61,70,62,0,Not Placed
24,Female,6.63,CSE,1,2,1,2,54,65,55,59,52,0,Not Placed
24,Male,8.33,MECH,2,4,3,6,89,70,86,82,79,0,Placed
22,Female,8.98,IT,1,2,0,1,85,82,87,76,88,0,Placed
19,Female,8.13,ECE,1,0,0,0,69,75,65,66,74,0,Not Placed
20,Female,7.36,ECE,2,0,2,1,54,61,57,61,65,1,Not Placed
25,Male,7.01,MECH,3,2,1,3,70,72,77,62,63,4,Not Placed
21,Male,6.75,EEE,3,0,2,0,52,56,59,60,42,0,Not Placed
21,Female,6.81,CSE,1,1,1,1,54,60,58,57,69,2,Not Placed
24,Female,7.33,CSE,2,0,2,2,64,57,71,69,55,1,Not Placed
24,Male,7.1,IT,1,1,2,2,63,64,63,67,66,1,Placed
22,Male,6.07,CSE,1,1,2,2,56,44,63,66,40,0,Not Placed
24,Male,6.23,IT,3,0,4,1,40,64,57,55,55,1,Not Placed
18,Female,7.61,CIVIL,3,1,1,6,58,67,77,70,68,0,Not Placed
22,Male,6.71,CSE,3,0,2,4,61,58,76,69,69,1,Placed
26,Female,8.11,EEE,2,3,6,2,80,85,84,81,90,0,Placed
18,Male,6.87,CSE,2,0,4,2,59,51,60,43,63,0,Placed
19,Male,7.78,CSE,2,1,1,2,67,58,83,80,84,0,Placed
23,Female,7.63,CSE,2,1,0,0,79,72,72,80,65,0,Placed
21,Female,7.71,CSE,1,1,1,0,67,54,71,69,53,0,Placed
18,Male,7.7,CSE,1,1,0,3,68,77,88,76,72,1,Placed
19,Male,7.5,CIVIL,3,4,1,1,75,78,82,77,83,1,Placed
20,Female,7.38,ECE,2,1,3,3,69,65,83,82,55,0,Placed
20,Male,6.97,CSE,3,1,2,1,65,87,54,56,63,0,Placed
24,Male,7.15,CSE,1,1,2,0,61,71,64,71,56,1,Placed
22,Female,5.87,CIVIL,3,0,1,2,47,69,46,56,68,1,Not Placed
22,Male,5.7,CSE,3,1,3,2,66,60,59,61,77,2,Placed
18,Female,5.66,CSE,1,2,1,2,79,51,70,54,60,1,Not Placed
20,Male,6.55,MECH,2,0,1,2,64,73,62,64,40,1,Placed
20,Female,7.33,ECE,3,3,2,6,74,72,71,56,69,0,Not Placed
23,Female,7.57,CSE,1,1,0,2,83,68,80,79,79,0,Placed
25,Female,7.0,ECE,2,1,1,4,56,66,66,59,45,1,Not Placed
20,Female,8.53,IT,2,0,0,4,77,77,74,83,76,1,Placed
26,Female,6.52,ECE,1,1,0,2,50,80,59,63,73,1,Placed
18,Male,7.36,CSE,1,0,1,0,62,55,76,66,76,3,Not Placed
20,Male,7.02,MECH,1,0,3,2,61,62,77,48,66,5,Not Placed
22,Male,6.89,ECE,1,1,1,7,81,87,63,66,81,0,Placed
20,Female,7.33,CSE,3,1,3,2,59,60,67,66,61,1,Not Placed
24,Male,9.03,ECE,1,4,3,2,77,95,88,78,68,0,Placed
19,Male,8.2,IT,1,0,3,1,57,63,68,69,71,2,Not Placed
23,Male,6.7,MECH,3,1,0,1,43,47,54,61,71,1,Placed
19,Female,5.8,CSE,3,0,0,3,55,46,57,47,48,1,Not Placed
19,Male,8.41,IT,2,3,2,3,76,88,73,73,65,3,Not Placed
20,Male,8.56,EEE,2,2,2,1,84,80,59,82,79,0,Placed
25,Female,8.18,CSE,2,0,3,3,71,82,72,70,87,0,Placed
21,Female,9.19,IT,3,3,4,0,91,82,95,92,79,0,Placed
21,Female,8.92,EEE,3,2,3,1,68,71,95,81,85,0,Placed
18,Male,6.7,EEE,2,1,1,0,64,63,60,69,52,1,Not Placed
18,Female,7.21,IT,2,0,1,1,67,47,60,62,70,2,Not Placed
18,Male,7.75,IT,2,3,4,3,78,52,66,69,68,1,Placed
23,Male,7.92,ECE,3,0,0,1,65,74,59,67,50,1,Placed
19,Male,8.82,MECH,1,0,1,2,87,72,84,68,69,0,Placed
20,Male,6.75,ECE,3,1,4,4,69,66,83,66,84,1,Placed
21,Female,7.73,ECE,3,1,3,4,60,63,72,67,69,0,Placed
21,Male,8.3,MECH,2,1,1,0,78,87,88,63,58,2,Not Placed
20,Female,8.81,IT,2,2,5,1,83,73,95,90,76,0,Placed
18,Female,7.1,IT,2,1,2,1,67,78,71,80,87,0,Placed
20,Male,7.73,EEE,3,0,1,0,72,62,74,70,50,0,Placed
22,Male,8.38,IT,2,0,3,2,87,92,77,75,82,0,Placed
19,Female,8.66,IT,3,1,3,2,78,83,90,73,95,0,Placed
22,Male,6.69,CSE,3,0,3,2,61,56,67,67,53,2,Not Placed
18,Male,7.24,ECE,2,1,3,4,77,66,71,66,67,1,Placed
24,Male,8.15,ECE,1,0,1,1,72,62,75,76,65,0,Placed
25,Male,8.07,MECH,2,0,4,1,62,72,81,69,81,0,Placed
18,Male,6.29,CSE,2,0,1,0,52,61,62,62,57,3,Not Placed
20,Female,6.1,MECH,1,0,1,0,45,62,51,55,61,1,Placed
20,Male,6.75,CSE,2,0,5,4,58,68,57,58,55,1,Not Placed
23,Male,6.24,EEE,2,0,1,1,57,58,52,74,51,0,Placed
21,Female,6.16,ECE,1,2,2,0,49,58,58,61,67,0,Not Placed
21,Female,8.36,IT,2,2,6,1,59,75,86,63,69,0,Placed
19,Female,8.11,CIVIL,1,0,3,2,67,63,72,62,63,2,Placed
18,Male,7.98,IT,3,0,0,3,54,63,69,67,55,0,Not Placed
22,Female,6.53,CSE,2,0,1,1,56,72,61,48,42,0,Placed
21,Male,6.48,ECE,1,0,3,2,78,75,83,64,56,2,Not Placed
23,Male,8.47,ECE,3,0,3,2,84,77,69,68,71,0,Placed
23,Female,8.28,EEE,1,2,1,0,73,78,78,66,82,0,Placed
21,Male,7.23,IT,1,1,3,1,65,60,62,64,63,1,Placed
21,Female,8.16,CSE,2,1,1,1,73,68,81,82,74,0,Placed
24,Female,10.0,IT,1,3,1,1,95,82,75,95,80,0,Placed
23,Male,6.93,ECE,3,0,2,1,62,56,57,66,46,0,Not Placed
24,Male,6.23,ECE,3,1,1,1,72,63,63,64,73,1,Not Placed
28,Male,7.42,MECH,3,3,3,3,75,72,71,65,85,2,Placed
20,Male,7.12,CSE,2,0,3,2,67,74,73,66,64,0,Not Placed
22,Female,6.82,ECE,2,0,1,2,59,50,79,68,71,0,Placed
22,Female,8.08,CIVIL,2,1,1,2,58,77,72,67,59,2,Placed
19,Female,5.7,IT,1,1,1,1,63,61,44,60,60,1,Not Placed
21,Female,6.63,IT,3,0,0,0,70,48,57,60,42,0,Not Placed
20,Male,6.55,CIVIL,1,0,4,4,70,66,60,66,72,0,Not Placed
20,Male,7.38,CSE,2,1,1,1,67,61,52,67,92,2,Not Placed
19,Male,7.58,ECE,2,1,1,2,73,67,61,59,58,0,Not Placed
22,Female,7.95,IT,2,1,2,2,63,49,61,72,71,0,Not Placed
22,Male,8.08,CSE,3,0,3,1,68,79,66,72,80,0,Not Placed
21,Male,8.26,EEE,3,0,3,2,77,70,77,80,72,0,Placed
19,Male,7.97,CSE,2,2,1,4,65,70,78,88,60,1,Not Placed
21,Male,8.07,MECH,3,1,5,1,75,63,80,56,63,2,Not Placed
18,Female,6.79,IT,3,1,3,1,63,59,64,79,56,4,Not Placed
20,Female,8.21,CSE,3,0,2,1,70,67,71,77,56,1,Not Placed
20,Male,8.28,CSE,3,3,4,1,64,74,71,81,57,1,Placed
24,Male,7.62,MECH,2,3,3,1,86,84,76,72,73,0,Placed
20,Male,7.61,IT,1,1,0,3,82,82,74,88,79,0,Placed
21,Male,7.96,CSE,3,2,2,2,89,80,85,84,92,0,Placed
24,Male,6.8,CSE,2,0,2,3,69,74,73,67,79,1,Placed
20,Female,7.1,ECE,3,2,1,0,76,69,73,54,57,0,Placed
24,Female,8.25,CSE,2,0,4,2,77,89,77,74,70,0,Placed
19,Female,7.41,CIVIL,2,0,3,2,67,59,56,64,53,0,Not Placed
20,Female,7.42,CSE,3,0,1,3,71,58,63,58,64,0,Not Placed
18,Male,7.82,CSE,2,0,4,2,63,76,70,85,66,2,Placed
21,Female,7.96,IT,1,1,4,2,71,65,80,61,84,2,Placed
25,Female,7.8,CSE,3,1,0,1,63,54,64,69,51,2,Not Placed
22,Male,7.16,EEE,2,1,2,3,61,75,66,65,83,0,Placed
21,Male,7.54,MECH,3,4,3,3,58,78,59,66,72,1,Placed
19,Male,5.21,ECE,3,0,2,1,41,47,41,51,57,2,Not Placed
25,Male,6.66,MECH,2,0,1,3,65,63,61,69,65,0,Not Placed
21,Male,7.95,MECH,2,0,1,3,59,71,77,55,62,1,Not Placed
19,Male,7.2,CSE,1,1,0,4,68,65,75,64,66,2,Not Placed
27,Female,9.12,CSE,3,3,3,2,95,85,77,79,67,0,Placed
20,Female,6.28,ECE,2,0,0,1,63,58,61,59,63,2,Not Placed
20,Female,7.38,CIVIL,2,0,3,1,66,71,67,56,49,2,Placed
18,Female,5.0,MECH,3,0,2,2,40,70,40,40,46,2,Not Placed
19,Other,7.65,ECE,2,2,0,2,61,70,62,65,58,1,Not Placed
23,Male,7.59,CSE,3,1,1,2,74,56,74,68,62,2,Placed
21,Male,6.14,EEE,2,0,1,2,60,73,73,65,61,2,Not Placed
25,Female,8.24,EEE,3,2,2,2,77,70,95,81,73,0,Placed
18,Female,8.78,CIVIL,2,2,3,4,83,71,78,66,74,0,Placed
21,Female,8.39,EEE,2,1,1,1,72,57,80,70,57,2,Placed
22,Male,7.52,CSE,1,1,2,2,58,72,76,75,56,2,Placed
21,Female,8.23,ECE,2,2,4,0,68,73,77,78,68,1,Placed
21,Male,7.0,IT,2,1,3,1,65,69,83,66,60,0,Not Placed
21,Male,7.05,IT,2,1,4,2,65,66,65,59,70,1,Placed
22,Male,5.74,ECE,3,0,0,0,65,45,42,48,49,2,Not Placed
23,Female,6.91,MECH,2,1,1,5,55,59,65,61,59,1,Placed
20,Male,8.07,EEE,2,1,0,2,66,79,78,71,67,0,Not Placed
20,Male,9.99,CSE,3,1,3,2,95,90,87,89,95,0,Placed
21,Female,8.46,CSE,2,1,3,0,65,68,66,74,61,2,Not Placed
20,Male,7.32,IT,3,0,3,1,68,64,63,56,54,0,Placed
19,Female,6.44,EEE,3,0,4,3,52,47,66,64,61,1,Not Placed
26,Male,7.55,ECE,1,0,3,1,88,68,69,75,90,0,Placed
19,Female,6.25,ECE,2,0,1,1,47,64,61,57,43,2,Not Placed
19,Male,8.83,IT,1,2,1,4,78,75,76,68,80,0,Placed
21,Female,8.74,EEE,2,0,3,0,70,87,80,75,72,0,Not Placed
18,Female,8.0,CSE,2,4,2,2,77,76,76,71,72,1,Not Placed
18,Male,7.06,ECE,2,0,2,1,59,69,77,63,62,4,Not Placed
18,Female,8.18,MECH,1,0,1,3,62,91,80,64,69,1,Placed
19,Female,8.23,CSE,2,1,0,4,69,66,72,79,70,1,Placed
20,Male,6.92,CSE,1,0,2,2,58,70,62,56,64,2,Not Placed
23,Female,9.11,ECE,2,2,4,4,89,69,87,82,65,0,Placed
20,Female,6.84,CSE,2,0,2,1,59,67,57,61,66,0,Not Placed
20,Male,9.49,IT,2,0,4,3,90,63,82,77,70,2,Placed
21,Female,5.0,CIVIL,2,0,0,0,46,43,40,50,43,1,Not Placed
20,Male,8.16,CSE,2,1,2,1,70,74,89,72,74,0,Placed
20,Female,8.9,MECH,1,2,3,3,78,82,80,78,74,0,Placed
20,Female,7.43,CSE,2,0,1,2,69,69,64,66,68,0,Placed
20,Male,8.51,IT,2,2,1,3,71,82,78,82,72,0,Placed
20,Male,8.53,CSE,1,2,1,2,77,53,84,78,76,1,Placed
18,Female,6.31,EEE,3,1,1,1,60,74,72,61,65,0,Placed
24,Female,7.61,CIVIL,3,0,6,4,62,63,65,86,71,0,Not Placed
26,Male,6.33,IT,1,0,0,1,49,53,76,66,61,1,Not Placed
23,Male,7.34,CIVIL,1,1,2,3,66,72,66,51,59,5,Not Placed
18,Female,8.73,EEE,3,0,4,3,72,78,81,66,69,0,Placed
22,Male,8.19,CIVIL,3,3,1,3,79,73,74,79,74,0,Placed
21,Female,6.97,ECE,2,0,1,0,55,76,59,70,54,0,Placed
18,Female,6.28,EEE,3,1,1,0,56,70,66,52,64,2,Not Placed
25,Female,6.55,CIVIL,1,0,0,1,52,70,52,74,59,2,Not Placed
22,Male,7.51,EEE,1,2,1,1,80,61,72,72,91,4,Not Placed
19,Female,6.67,MECH,1,0,1,3,55,59,65,61,63,2,Not Placed
26,Female,7.89,CSE,2,3,4,3,86,76,77,73,70,0,Placed
19,Female,7.68,CSE,2,2,5,2,61,63,74,61,79,0,Placed
20,Male,7.63,ECE,2,0,1,0,58,69,49,75,61,0,Not Placed
19,Female,8.94,CSE,1,1,1,1,81,68,73,65,89,2,Not Placed
19,Female,6.71,IT,1,0,0,1,58,70,76,52,71,0,Placed
26,Female,7.14,MECH,2,2,0,2,71,72,62,66,65,3,Not Placed
21,Male,6.88,ECE,2,0,0,7,55,66,57,47,67,0,Placed
19,Male,8.41,CIVIL,2,0,4,1,74,75,80,79,87,2,Placed
22,Male,6.12,IT,2,1,0,2,60,58,56,54,73,0,Not Placed
24,Male,7.59,CSE,2,2,0,4,66,78,65,65,79,1,Not Placed
24,Female,7.2,CSE,3,1,6,1,72,64,66,72,52,0,Not Placed
25,Female,6.47,CIVIL,3,0,3,3,41,73,60,64,54,1,Not Placed
24,Female,6.89,IT,2,0,0,0,47,77,59,63,64,2,Not Placed
21,Male,9.53,CIVIL,3,2,0,2,85,72,83,70,70,0,Placed
20,Male,7.58,IT,2,1,4,5,80,79,78,65,53,0,Not Placed
24,Male,5.73,CSE,2,1,0,1,55,69,73,57,41,2,Not Placed
19,Male,7.82,EEE,2,3,2,0,78,62,67,67,77,0,Placed
19,Female,8.24,ECE,3,1,4,3,76,60,73,67,45,0,Not Placed
20,Male,10.0,ECE,1,4,6,6,95,85,95,84,91,1,Placed
20,Male,7.54,IT,1,0,6,3,55,64,79,73,54,0,Not Placed
21,Female,7.0,IT,3,1,0,2,67,75,61,62,66,1,Not Placed
24,Male,9.07,MECH,2,0,4,4,73,94,95,76,79,0,Placed
21,Male,5.69,CSE,3,0,1,0,49,40,48,55,63,4,Not Placed
21,Male,6.83,CSE,2,1,1,0,66,75,70,72,70,1,Not Placed
20,Male,8.96,CSE,3,1,3,6,87,91,82,75,89,0,Placed
22,Female,7.36,IT,1,1,1,1,74,77,55,67,68,0,Placed
18,Male,6.21,MECH,3,0,3,2,41,69,48,54,40,3,Not Placed
18,Female,6.85,ECE,3,0,1,3,76,58,56,65,53,1,Not Placed
22,Male,8.66,CIVIL,3,3,5,2,84,79,85,88,95,0,Placed
21,Male,7.86,ECE,1,0,2,2,66,79,73,68,69,0,Placed
20,Female,6.36,ECE,2,0,1,1,53,68,59,62,54,0,Not Placed
20,Male,6.84,ECE,1,2,1,1,70,67,72,52,64,1,Placed
18,Male,7.23,MECH,3,1,3,4,48,65,62,61,81,1,Not Placed
22,Male,7.23,CSE,2,0,0,0,75,70,79,90,79,0,Placed
20,Male,8.86,IT,2,1,2,3,84,75,88,89,89,0,Placed
20,Male,7.9,IT,1,2,4,2,89,77,80,89,83,0,Placed
24,Female,7.38,CIVIL,2,4,2,0,68,87,58,76,75,1,Placed
22,Male,5.97,CSE,2,1,1,1,68,65,54,55,56,1,Not Placed
19,Male,6.99,CSE,1,0,1,0,67,58,50,60,69,0,Placed
22,Male,7.12,ECE,2,1,1,4,76,78,78,80,67,1,Not Placed
19,Male,6.06,ECE,1,0,2,1,58,50,57,58,40,2,Not Placed
19,Female,7.28,IT,3,0,0,0,72,56,70,81,64,0,Not Placed
22,Female,8.36,ECE,3,0,6,1,69,72,67,74,70,0,Placed
19,Female,7.45,ECE,1,2,1,1,68,76,62,52,56,1,Not Placed
20,Male,6.37,IT,2,0,3,2,66,90,66,52,53,3,Not Placed
24,Male,7.68,IT,2,0,1,2,63,71,84,71,56,1,Placed
22,Female,7.91,CSE,3,2,4,4,78,66,82,71,65,1,Not Placed
24,Male,8.4,EEE,3,2,0,5,67,73,77,95,72,0,Placed
24,Male,8.18,IT,2,2,2,1,63,75,84,75,78,0,Placed
20,Male,6.77,ECE,2,1,2,1,62,68,75,71,63,0,Placed
21,Male,6.8,IT,1,0,2,0,51,56,57,63,66,1,Not Placed
20,Female,6.76,CSE,2,0,1,1,64,47,67,62,49,1,Placed
22,Female,6.61,EEE,3,0,1,3,67,82,65,60,59,2,Placed
20,Female,8.1,IT,3,2,1,0,74,91,73,68,80,0,Not Placed
18,Male,6.94,CSE,2,1,2,4,69,76,79,66,69,0,Placed
18,Female,5.66,CIVIL,1,0,2,0,54,61,45,48,55,3,Not Placed
22,Female,7.46,MECH,2,2,1,2,72,65,48,54,49,0,Placed
18,Female,8.47,EEE,2,1,2,0,80,86,74,77,81,0,Placed
21,Male,7.08,ECE,3,1,0,1,73,59,69,66,73,0,Not Placed
23,Female,5.51,ECE,2,0,1,0,53,65,53,61,54,4,Placed
22,Male,9.82,IT,2,1,4,3,86,87,95,92,95,0,Placed
20,Female,7.94,CSE,2,1,3,0,62,66,75,69,70,0,Not Placed
19,Female,7.82,ECE,2,1,1,3,66,63,71,78,67,0,Not Placed
24,Female,7.63,EEE,2,1,2,3,76,66,78,71,76,0,Placed
21,Female,6.2,IT,2,1,4,3,72,67,63,64,75,0,Not Placed
20,Male,6.91,MECH,2,0,0,2,51,63,73,42,74,3,Not Placed
25,Female,9.06,IT,3,0,3,1,78,66,95,94,88,1,Placed
19,Male,8.09,IT,2,2,3,1,76,73,74,72,69,0,Placed
20,Female,9.05,IT,1,2,6,5,79,76,66,73,87,0,Placed
18,Male,7.12,EEE,1,0,1,1,77,76,70,77,68,0,Placed
19,Male,5.76,CSE,2,0,0,0,63,57,69,61,52,0,Placed
20,Female,8.77,IT,2,3,6,1,73,93,68,69,79,0,Placed
22,Female,6.55,EEE,2,0,2,1,50,68,65,54,63,0,Placed
20,Male,7.5,ECE,1,0,1,3,73,87,65,67,74,3,Placed
22,Male,6.16,IT,3,0,2,1,42,68,45,65,49,3,Not Placed
23,Male,5.79,ECE,2,0,1,3,48,62,56,49,46,3,Not Placed
24,Male,7.3,MECH,1,2,1,2,77,69,72,65,81,0,Placed
18,Male,6.48,ECE,2,0,0,0,46,71,71,65,46,0,Placed
22,Female,5.73,EEE,2,0,0,1,49,62,62,43,48,2,Not Placed
19,Male,8.07,CSE,3,2,1,3,63,81,69,88,79,1,Placed
22,Male,9.65,IT,3,0,1,1,94,72,87,82,69,0,Placed
20,Female,8.46,CSE,3,1,0,1,89,95,84,82,77,0,Placed
22,Male,7.44,CIVIL,2,0,3,2,62,75,62,73,62,1,Not Placed
19,Male,7.98,CSE,3,1,3,2,67,81,76,58,61,1,Placed
22,Male,8.32,CIVIL,2,1,2,4,72,81,79,61,65,1,Placed
19,Male,8.46,IT,2,3,2,2,76,83,77,69,77,0,Placed
19,Male,7.07,IT,2,1,1,3,72,75,64,71,83,0,Placed
21,Female,7.22,ECE,2,1,0,3,71,82,79,66,62,0,Placed
20,Male,7.3,CSE,1,2,3,2,80,82,69,71,71,1,Placed
22,Female,7.85,CSE,1,0,0,0,59,85,83,83,64,0,Placed
22,Female,7.61,IT,3,2,1,2,72,70,69,56,73,2,Not Placed
21,Female,6.95,EEE,2,0,1,4,68,59,55,71,71,1,Not Placed
22,Female,8.7,EEE,3,2,3,3,86,70,69,92,77,0,Placed
23,Female,8.49,CIVIL,2,1,4,2,76,71,77,88,57,0,Placed
24,Female,8.82,CSE,1,0,1,4,60,81,77,83,81,0,Placed
18,Male,9.41,EEE,1,1,5,4,73,70,86,83,82,0,Placed
21,Male,7.51,CSE,2,3,3,3,64,85,63,69,70,1,Not Placed
22,Female,9.42,ECE,2,2,2,5,89,95,84,85,77,0,Placed
19,Female,7.72,CSE,1,0,3,3,71,60,79,76,69,1,Placed
19,Female,10.0,CIVIL,2,3,4,3,95,94,79,91,95,0,Placed
19,Female,6.51,ECE,2,1,0,0,60,54,58,49,48,0,Not Placed
21,Female,6.86,IT,2,0,4,4,46,59,61,54,64,0,Placed
20,Female,7.27,IT,1,2,3,2,68,66,80,74,75,0,Placed
22,Female,7.66,IT,3,0,2,2,77,59,71,55,69,0,Not Placed
21,Male,8.37,CSE,3,0,2,2,95,89,76,84,86,0,Placed
22,Male,6.77,EEE,3,0,2,2,67,65,69,67,61,1,Not Placed
19,Male,8.03,ECE,1,3,4,3,69,81,70,91,61,1,Placed
22,Male,8.35,CSE,3,0,2,1,88,84,76,78,73,1,Placed
22,Male,7.44,CSE,2,0,6,1,73,76,67,60,85,1,Placed
19,Male,6.99,CSE,1,1,4,2,56,46,58,67,63,0,Not Placed
19,Female,9.06,IT,2,0,3,7,72,90,83,86,60,0,Placed
20,Male,9.45,CSE,3,2,0,1,93,85,71,72,87,0,Placed
25,Female,8.87,CSE,2,0,2,5,65,75,83,75,64,0,Placed
20,Male,7.76,CSE,1,1,1,1,67,77,62,85,68,0,Placed
18,Female,8.22,IT,1,0,1,3,67,71,80,60,78,2,Not Placed
19,Male,7.56,ECE,2,1,0,6,66,85,71,82,68,1,Not Placed
18,Female,7.86,ECE,3,0,3,3,82,72,60,76,75,0,Placed
20,Female,7.39,CSE,1,1,0,3,66,66,74,62,83,0,Placed
23,Male,7.06,IT,1,1,4,3,67,64,60,63,64,3,Not Placed
20,Female,8.6,ECE,3,0,4,1,59,60,68,54,58,2,Placed
23,Female,7.41,IT,3,1,1,3,62,71,54,81,47,2,Not Placed
18,Female,7.82,CIVIL,3,0,2,0,76,78,69,70,63,0,Not Placed
21,Male,7.72,EEE,1,2,1,2,68,83,57,75,83,0,Placed
23,Female,7.93,ECE,3,0,2,2,71,64,75,65,62,1,Placed
22,Male,7.91,IT,2,0,2,1,81,75,85,69,84,1,Placed
23,Male,7.31,IT,2,1,1,0,54,62,67,51,50,2,Not Placed
19,Male,8.74,CSE,2,2,4,4,86,82,86,66,70,0,Placed
21,Male,6.75,CSE,3,1,1,4,82,60,65,66,48,0,Not Placed
22,Male,7.35,MECH,2,1,2,2,60,79,65,60,68,1,Not Placed
19,Female,8.24,MECH,3,2,4,2,80,67,77,75,69,1,Placed
23,Female,5.77,CIVIL,3,0,0,2,44,51,55,52,45,5,Not Placed
20,Female,6.94,IT,3,0,2,0,61,74,62,58,54,2,Not Placed
18,Male,8.86,CIVIL,2,0,6,2,72,90,71,82,77,0,Placed
22,Female,5.91,EEE,2,0,0,5,60,66,55,55,55,2,Not Placed
22,Male,8.28,IT,1,1,3,0,83,82,72,80,40,0,Not Placed
24,Male,8.51,MECH,2,2,4,8,69,79,74,85,87,0,Placed
24,Male,7.04,CIVIL,1,1,0,3,66,57,73,54,72,0,Placed
19,Female,8.53,ECE,2,1,3,2,72,89,69,68,74,0,Placed
22,Female,8.41,EEE,3,0,0,1,82,85,87,72,77,0,Placed
28,Male,7.26,EEE,3,0,2,0,76,86,65,59,73,3,Not Placed
19,Male,8.12,ECE,2,0,2,3,72,72,86,70,77,1,Not Placed
21,Male,6.69,IT,2,1,2,1,64,83,67,66,73,2,Not Placed
24,Male,6.63,CSE,2,0,2,1,44,64,65,60,65,0,Not Placed
18,Female,6.83,CIVIL,3,1,0,1,69,67,66,52,43,1,Not Placed
24,Male,7.55,CSE,1,2,0,2,60,70,72,78,62,1,Placed
21,Female,9.18,CSE,2,2,4,4,74,92,85,80,91,0,Placed
24,Female,7.28,IT,1,0,1,2,66,62,69,60,58,0,Placed
21,Male,6.33,IT,3,0,2,0,59,60,49,43,54,0,Not Placed
22,Female,6.44,CSE,2,0,1,1,50,82,48,59,74,2,Not Placed
22,Female,8.04,CSE,3,1,1,5,84,71,62,68,72,0,Placed
18,Male,9.91,MECH,3,0,6,2,85,93,93,80,94,0,Placed
21,Female,7.33,ECE,3,0,2,4,80,82,69,65,55,0,Placed
24,Male,7.29,CIVIL,2,0,3,5,57,64,72,68,70,1,Not Placed
25,Female,7.41,MECH,3,4,5,3,95,79,73,93,75,0,Placed
26,Female,7.9,IT,2,1,5,1,65,74,75,65,68,2,Placed
22,Female,7.11,IT,2,2,2,0,64,60,69,62,64,1,Not Placed
21,Female,5.89,CSE,2,0,2,2,61,54,73,59,69,3,Not Placed
21,Female,8.13,CIVIL,2,4,5,3,81,69,82,75,86,0,Not Placed
21,Male,5.62,ECE,1,1,0,2,49,53,55,51,45,1,Not Placed
21,Female,7.39,MECH,2,1,3,1,77,93,79,73,71,0,Placed
18,Female,7.22,CIVIL,3,1,1,1,61,61,69,69,75,1,Placed
18,Female,6.92,CSE,1,0,0,2,63,66,60,68,53,0,Not Placed
21,Female,8.93,CIVIL,1,2,5,3,80,90,78,80,77,0,Placed
20,Male,6.52,EEE,3,1,3,2,59,75,71,59,65,1,Placed
20,Male,6.41,IT,3,3,0,3,44,62,67,55,70,1,Not Placed
19,Female,7.14,CIVIL,1,1,1,2,57,68,66,64,61,2,Not Placed
23,Female,8.16,ECE,2,2,1,1,72,67,73,77,59,0,Placed
26,Female,6.96,IT,2,2,2,4,63,63,54,65,68,0,Placed
21,Male,6.29,CSE,1,0,2,1,62,53,59,62,59,1,Not Placed
25,Male,6.6,EEE,1,1,2,2,65,67,76,48,56,0,Placed
24,Male,8.96,EEE,1,1,6,3,83,70,65,74,79,0,Placed
19,Male,7.77,CSE,2,1,0,3,64,67,62,64,75,0,Placed
19,Female,7.64,IT,2,2,2,2,77,66,73,73,71,3,Not Placed
19,Female,6.79,CSE,2,2,1,3,62,66,74,76,58,0,Not Placed
18,Male,7.38,ECE,2,0,2,3,60,72,61,65,69,0,Not Placed
21,Male,8.6,ECE,1,4,4,1,70,78,92,95,76,0,Not Placed
20,Female,7.58,MECH,2,2,1,2,67,68,57,61,63,0,Placed
24,Female,7.12,CSE,2,1,0,2,63,72,61,69,60,0,Not Placed
21,Male,8.25,CSE,3,3,6,4,81,93,82,79,88,0,Not Placed
20,Male,7.06,CSE,1,0,2,4,60,58,72,71,64,3,Not Placed
27,Male,7.65,CIVIL,1,1,1,2,50,72,54,62,63,1,Placed
25,Male,7.82,ECE,2,2,1,2,74,65,78,73,50,2,Not Placed
22,Female,7.56,CSE,2,2,1,3,69,76,86,76,86,1,Placed
23,Male,8.54,CSE,2,2,2,0,79,64,72,55,58,0,Placed
26,Male,8.55,CSE,2,0,1,3,73,84,82,93,85,0,Placed
21,Male,7.25,EEE,2,1,2,3,70,65,74,76,55,3,Not Placed
24,Male,5.13,IT,2,1,0,0,53,72,43,40,43,2,Not Placed
18,Female,8.5,EEE,2,4,2,3,61,70,64,70,62,0,Placed
21,Female,8.01,CSE,2,2,0,2,76,68,60,70,95,1,Placed
21,Male,6.68,IT,1,0,3,3,77,55,61,71,73,2,Not Placed
18,Male,7.5,ECE,1,2,3,5,74,75,76,61,65,0,Placed
18,Female,6.81,CSE,2,1,2,3,62,62,70,77,73,0,Not Placed
18,Female,7.43,CSE,1,0,1,1,61,64,68,81,72,0,Placed
20,Male,8.5,CSE,2,1,0,2,75,54,85,74,64,2,Not Placed
18,Male,7.5,EEE,2,2,3,3,68,64,64,51,64,1,Placed
20,Female,6.78,ECE,2,1,0,1,73,51,58,70,63,4,Not Placed
23,Male,10.0,IT,1,0,2,4,95,88,90,95,92,0,Placed
21,Female,6.81,ECE,3,0,0,0,55,59,65,51,61,1,Not Placed
22,Female,7.93,CSE,1,0,2,2,78,66,75,73,72,1,Not Placed
18,Male,7.33,MECH,3,0,3,1,66,51,53,60,63,3,Placed
23,Male,7.01,EEE,3,0,5,2,72,67,81,75,74,0,Not Placed
19,Female,7.45,CSE,1,0,5,2,63,48,52,69,68,2,Not Placed
20,Male,7.22,MECH,1,4,0,2,70,54,59,76,57,2,Placed
21,Male,8.85,IT,1,2,3,4,58,66,95,79,70,0,Placed
24,Male,8.02,IT,3,1,5,3,74,92,76,72,83,1,Not Placed
28,Female,8.71,ECE,3,0,3,3,72,86,64,61,59,0,Not Placed
23,Female,6.07,EEE,2,0,0,3,43,67,46,54,40,1,Not Placed
22,Female,8.83,CSE,3,2,6,2,90,92,88,83,93,0,Placed
21,Male,6.65,CSE,3,0,1,0,59,56,56,59,65,0,Not Placed
22,Female,9.44,CIVIL,2,2,4,2,86,72,86,71,67,0,Placed
19,Female,8.42,CIVIL,3,4,4,3,81,90,82,83,64,0,Placed
19,Male,6.98,MECH,2,1,2,4,78,84,73,80,77,0,Not Placed
27,Female,6.67,CSE,2,0,0,1,62,70,42,54,48,1,Placed
26,Female,7.69,ECE,2,1,1,1,69,68,63,73,75,0,Placed
20,Male,7.05,IT,2,0,1,0,56,79,62,59,47,2,Not Placed
19,Female,7.28,CSE,2,1,3,0,87,71,67,54,52,0,Not Placed
19,Male,7.94,CSE,2,2,3,2,73,60,72,57,61,0,Placed
21,Male,5.0,MECH,1,0,0,0,54,60,59,47,43,2,Not Placed
19,Male,8.56,CSE,1,1,1,5,83,95,71,77,88,0,Placed
22,Male,7.48,CSE,2,1,2,2,74,63,55,68,63,0,Placed
18,Male,8.11,CSE,2,0,2,2,64,66,65,63,71,0,Placed
18,Male,6.99,ECE,1,1,3,3,68,61,64,68,52,0,Placed
19,Female,8.05,EEE,1,0,6,3,57,66,75,68,79,0,Not Placed
22,Female,6.76,CSE,1,2,2,4,68,71,63,52,64,1,Not Placed
20,Male,5.52,EEE,3,0,0,0,46,46,40,46,53,3,Not Placed
21,Female,8.75,CSE,2,1,2,1,69,69,74,63,64,0,Placed
22,Female,7.41,IT,1,1,3,0,76,73,68,64,75,0,Placed
23,Male,6.99,CSE,2,0,1,3,69,93,62,64,59,0,Not Placed
20,Other,6.84,IT,2,0,1,1,63,46,52,62,57,3,Not Placed
22,Male,7.71,CIVIL,2,0,2,2,75,71,72,60,81,0,Placed
20,Male,6.04,EEE,3,0,3,3,65,45,59,44,64,2,Not Placed
22,Male,6.54,CSE,2,0,0,3,54,66,46,60,43,2,Not Placed
20,Male,7.28,CIVIL,2,0,0,1,62,62,51,72,58,1,Not Placed
24,Male,8.5,EEE,3,2,3,2,77,79,76,74,69,0,Placed
27,Male,6.82,IT,1,1,1,1,53,71,68,65,72,0,Placed
22,Female,7.22,MECH,3,1,1,0,68,68,74,50,76,1,Placed
24,Female,9.23,EEE,3,0,2,3,88,82,83,94,88,0,Placed
19,Female,8.05,EEE,2,0,1,2,78,75,74,72,76,1,Not Placed
22,Female,7.64,CSE,3,2,0,2,78,75,75,74,77,0,Placed
19,Female,6.56,CSE,3,1,1,2,61,94,59,61,61,0,Not Placed
19,Female,7.3,MECH,3,0,1,1,76,74,60,67,86,1,Not Placed
21,Male,5.81,EEE,1,0,0,0,40,67,45,47,56,2,Not Placed
22,Male,9.08,MECH,1,3,4,3,67,63,83,82,72,0,Placed
22,Male,7.25,EEE,2,2,2,6,67,79,79,59,53,2,Placed
23,Male,7.3,MECH,2,2,1,0,63,65,71,61,45,1,Not Placed
21,Female,7.26,IT,2,2,2,3,64,79,75,68,71,1,Not Placed
24,Male,7.96,IT,1,2,5,2,81,84,78,73,82,0,Placed
24,Male,5.33,CSE,2,0,0,1,49,63,48,50,40,1,Not Placed
23,Male,6.44,CSE,2,1,2,1,66,53,59,65,50,0,Placed
19,Female,6.61,IT,2,0,2,1,46,65,68,66,77,3,Not Placed
21,Male,8.84,IT,2,2,3,3,89,88,84,79,79,0,Placed
22,Male,7.87,CSE,2,0,2,3,72,68,76,85,71,0,Not Placed
26,Male,6.23,ECE,2,0,0,3,48,68,40,48,52,3,Not Placed
18,Male,7.32,IT,2,0,2,0,50,65,49,56,56,1,Not Placed
20,Female,7.35,IT,1,1,4,2,64,65,66,67,51,0,Not Placed
20,Male,6.32,ECE,2,1,1,3,64,68,70,48,75,0,Placed
20,Male,6.51,IT,2,1,3,1,59,80,56,60,58,3,Placed
23,Female,8.21,EEE,1,0,1,4,95,95,69,84,95,0,Placed
18,Male,7.11,ECE,2,2,4,0,75,82,73,69,75,1,Placed
20,Female,8.13,IT,2,2,3,4,78,81,77,70,72,0,Not Placed
22,Female,6.19,IT,2,2,2,3,66,69,69,63,59,2,Not Placed
20,Male,8.0,CSE,3,2,5,1,68,85,75,79,86,0,Placed
19,Male,6.42,EEE,3,2,0,4,66,80,61,64,60,2,Not Placed
21,Male,7.27,CIVIL,3,0,1,1,61,69,59,69,63,4,Not Placed
21,Male,8.61,CSE,2,2,3,4,90,63,78,66,65,0,Not Placed
27,Male,5.73,CSE,2,1,1,0,56,55,53,40,44,2,Not Placed
22,Female,8.93,MECH,2,0,3,3,75,65,74,77,80,0,Placed
27,Male,7.26,EEE,2,0,1,4,65,61,72,80,42,1,Not Placed
19,Male,8.28,IT,2,4,5,3,75,72,83,81,73,1,Not Placed
22,Female,6.12,ECE,2,1,1,0,59,50,62,61,57,0,Not Placed
21,Male,7.06,MECH,1,1,1,1,58,64,66,65,55,0,Placed
22,Female,5.75,CSE,3,0,0,0,57,75,43,51,64,3,Not Placed
21,Male,7.56,ECE,2,0,3,2,67,94,70,71,56,0,Placed
19,Female,7.76,MECH,2,0,4,3,67,66,62,83,74,0,Placed
18,Female,7.54,CSE,2,0,1,2,70,55,63,58,73,1,Not Placed
23,Male,6.81,CIVIL,2,1,0,2,62,68,65,71,74,1,Not Placed
23,Female,6.32,CIVIL,2,0,0,1,49,75,63,44,68,1,Not Placed
19,Male,7.17,EEE,2,1,2,1,68,74,73,75,68,0,Placed
22,Male,7.54,ECE,1,1,4,0,54,75,48,77,66,2,Not Placed
22,Male,6.45,ECE,1,1,2,1,65,70,70,65,60,1,Not Placed
21,Male,8.47,ECE,1,3,3,3,83,89,87,95,68,0,Placed
20,Female,8.1,CSE,2,0,3,1,63,68,76,71,68,0,Not Placed
24,Male,8.82,CSE,2,3,2,1,70,77,87,68,68,0,Placed
22,Male,7.22,CSE,1,0,1,2,61,54,54,64,66,2,Not Placed
22,Female,8.02,IT,1,0,3,2,75,52,60,62,74,0,Placed
22,Male,7.4,EEE,3,0,4,1,65,73,62,76,63,0,Placed
22,Female,5.25,MECH,1,0,1,4,57,66,51,55,66,1,Not Placed
19,Male,8.91,IT,2,2,2,2,73,75,80,75,74,0,Placed
24,Female,7.37,ECE,2,2,0,1,64,72,83,65,81,0,Not Placed
20,Male,7.74,ECE,2,1,4,3,75,88,66,61,73,0,Placed
23,Female,6.28,IT,1,1,3,3,66,62,59,73,59,3,Placed
24,Female,7.33,EEE,2,2,1,2,77,61,69,65,72,1,Placed
22,Female,6.04,CSE,1,0,1,3,67,73,63,58,48,0,Not Placed
21,Other,8.54,CSE,2,2,2,5,87,95,78,79,71,0,Placed
18,Female,7.65,IT,2,2,3,1,80,76,76,72,78,1,Placed
20,Male,7.77,CIVIL,2,0,1,6,59,73,90,77,56,0,Placed
21,Male,8.92,CIVIL,2,2,6,1,66,68,78,78,69,0,Placed
18,Female,8.85,ECE,3,1,2,2,76,66,88,84,70,0,Placed
18,Female,7.83,ECE,2,1,0,2,80,86,74,72,81,0,Placed
28,Female,6.66,ECE,1,0,2,1,60,58,47,57,54,1,Placed
20,Female,6.76,IT,2,0,0,2,64,62,69,71,60,2,Placed
20,Male,7.47,CSE,2,0,1,3,57,57,66,60,56,2,Not Placed
19,Male,7.86,CSE,1,1,3,4,78,79,81,80,73,0,Placed
22,Male,6.85,CSE,3,3,1,2,67,79,86,78,45,1,Placed
21,Female,6.67,CIVIL,1,0,0,1,63,54,45,54,68,0,Placed
23,Male,7.54,EEE,3,0,6,0,72,69,72,59,81,0,Placed
21,Male,6.76,EEE,2,0,0,1,64,63,48,48,54,2,Not Placed
18,Female,7.61,MECH,2,3,3,2,80,65,70,60,70,3,Not Placed
21,Male,7.18,ECE,2,0,0,3,54,53,50,50,45,2,Placed
18,Male,7.88,ECE,1,1,5,2,82,68,76,78,71,0,Placed
23,Male,8.36,EEE,2,1,1,0,70,66,73,79,69,0,Not Placed
18,Male,8.95,CSE,2,0,2,1,89,83,88,89,84,0,Placed
19,Male,8.51,CSE,1,2,3,3,83,79,69,76,70,2,Placed
20,Female,7.46,ECE,2,1,0,2,77,70,70,57,52,1,Placed
19,Female,8.65,CSE,1,4,3,3,82,69,67,80,65,1,Placed
21,Female,6.63,ECE,2,0,0,1,54,90,61,57,53,3,Not Placed
21,Female,5.02,MECH,2,1,2,2,59,74,58,63,42,0,Placed
25,Male,7.77,MECH,3,1,5,6,82,72,75,73,69,0,Placed
18,Male,5.27,IT,3,0,2,3,46,58,40,44,47,3,Not Placed
21,Male,7.28,CSE,1,0,1,3,70,74,76,59,56,0,Placed
22,Female,6.44,CIVIL,3,0,3,1,56,68,55,50,66,2,Placed
19,Male,8.08,MECH,1,0,1,1,71,65,67,64,66,1,Placed
21,Female,6.63,IT,2,1,2,1,53,71,53,59,78,0,Not Placed
23,Female,7.63,MECH,3,1,5,0,76,88,72,79,77,0,Placed
23,Female,6.78,MECH,2,1,1,3,64,76,77,69,73,0,Placed
25,Male,9.53,IT,2,2,3,4,82,81,85,84,84,0,Placed
22,Female,7.18,IT,1,1,1,1,69,76,65,74,88,1,Placed
20,Male,6.74,CIVIL,3,1,0,0,60,61,67,63,68,0,Placed
24,Male,8.35,EEE,2,0,3,4,64,82,69,72,55,2,Placed
19,Female,5.98,ECE,1,0,0,0,53,57,62,61,47,1,Not Placed
21,Male,7.73,CIVIL,1,2,2,3,73,64,62,75,56,1,Placed
22,Female,8.15,MECH,2,2,3,4,68,74,80,76,56,0,Placed
24,Female,8.92,CSE,2,3,3,3,87,78,85,88,79,0,Not Placed
24,Female,6.08,IT,2,0,1,2,68,67,60,67,62,1,Placed
18,Male,7.02,MECH,2,1,1,3,68,65,59,64,42,1,Not Placed
22,Male,6.76,CSE,2,0,1,1,61,69,76,52,68,2,Not Placed
19,Male,7.76,CSE,2,0,2,3,74,52,74,58,64,0,Not Placed
22,Female,7.35,MECH,1,4,2,0,74,69,81,78,81,0,Placed
22,Male,7.67,EEE,1,2,3,3,72,74,68,71,89,2,Not Placed
19,Other,7.4,CSE,2,4,1,1,78,82,73,75,91,1,Placed
23,Female,6.91,CSE,3,1,0,0,63,75,61,66,50,0,Not Placed
21,Male,8.57,MECH,2,1,2,3,78,67,78,72,79,0,Placed
21,Female,8.15,CSE,1,1,1,1,74,76,64,66,77,0,Placed
26,Male,7.41,CSE,3,1,1,2,69,56,65,72,91,2,Placed
22,Male,6.89,MECH,2,1,2,1,64,63,57,61,80,2,Placed
21,Male,9.59,MECH,1,4,2,2,86,78,80,90,91,0,Placed
18,Female,7.38,IT,2,0,0,2,60,60,63,56,60,0,Not Placed
19,Female,7.47,ECE,3,1,4,2,75,74,87,65,59,1,Not Placed
18,Male,7.31,IT,3,0,1,1,64,67,69,75,56,1,Placed
20,Male,9.68,CSE,2,1,2,0,88,92,92,92,92,0,Placed
20,Male,7.43,CIVIL,3,3,2,5,81,73,76,90,70,1,Placed
21,Male,6.83,ECE,2,2,2,1,51,55,68,61,62,3,Placed
22,Male,7.47,ECE,3,0,4,2,77,73,76,64,66,0,Not Placed
19,Female,6.98,IT,3,0,5,0,71,89,64,65,74,1,Not Placed
21,Female,7.43,ECE,2,1,1,0,57,49,59,56,64,2,Not Placed
24,Male,8.42,CSE,2,0,2,3,69,84,75,71,75,0,Placed
19,Female,7.98,IT,1,3,2,1,63,93,80,72,82,0,Placed
22,Female,7.15,ECE,2,2,2,5,84,64,81,78,71,0,Placed
18,Female,7.57,MECH,1,3,1,2,78,66,74,80,74,0,Placed
21,Female,7.23,MECH,2,3,0,3,74,80,90,69,63,0,Not Placed
22,Male,7.75,CSE,3,1,1,4,76,65,70,57,55,0,Placed
18,Male,7.22,ECE,2,2,3,3,68,90,65,61,58,0,Placed
20,Male,7.45,IT,1,0,1,2,55,52,59,63,66,0,Not Placed
24,Female,8.84,ECE,1,2,3,0,82,85,84,62,81,0,Placed
19,Male,6.67,MECH,3,0,3,2,52,68,50,53,64,0,Not Placed
22,Male,8.0,EEE,2,0,4,2,70,69,66,64,72,0,Not Placed
21,Male,7.17,IT,2,0,5,0,62,74,69,59,48,1,Placed
19,Male,9.14,EEE,2,3,3,5,84,88,92,89,76,0,Placed
22,Male,6.84,CSE,2,1,0,2,63,62,55,71,77,4,Not Placed
21,Male,6.39,CSE,2,0,0,1,52,55,52,63,50,0,Placed
18,Female,6.83,CSE,3,0,3,3,40,59,53,45,40,0,Placed
25,Female,8.22,IT,2,2,2,2,77,82,72,60,73,0,Placed
21,Male,6.46,ECE,2,0,1,2,50,68,59,64,49,0,Not Placed
22,Female,6.89,IT,2,1,0,3,63,68,77,71,59,0,Not Placed
19,Female,5.65,ECE,2,0,0,0,40,56,48,53,62,3,Placed
19,Male,7.53,CSE,1,0,4,1,66,73,58,66,81,0,Placed
22,Female,6.99,ECE,2,0,0,2,72,69,72,59,61,3,Placed
22,Male,5.57,CSE,2,0,3,2,53,59,60,56,49,0,Not Placed
19,Male,9.17,IT,3,2,1,2,75,71,80,93,66,0,Not Placed
22,Female,7.29,ECE,2,0,1,2,58,80,57,53,56,2,Placed
21,Male,7.87,CSE,2,0,5,3,86,84,87,71,74,0,Placed
20,Male,7.26,IT,2,2,1,2,56,69,67,62,54,2,Not Placed
23,Male,9.67,EEE,3,1,2,1,90,79,79,72,66,0,Placed
21,Male,7.7,CSE,3,2,1,4,65,73,70,78,84,0,Not Placed
21,Male,5.51,EEE,1,0,1,0,71,63,60,59,67,0,Placed
22,Female,7.43,CSE,1,1,2,2,59,79,66,52,63,0,Not Placed
21,Male,8.04,EEE,2,0,2,2,72,66,65,65,74,0,Placed
25,Male,7.0,CSE,2,0,2,2,63,70,54,63,75,1,Not Placed
23,Female,7.37,CIVIL,2,0,1,2,66,63,62,66,64,0,Placed
20,Male,8.46,CSE,2,3,2,5,84,68,65,83,90,1,Not Placed
21,Female,8.31,CIVIL,2,0,3,1,59,78,54,59,46,1,Not Placed
25,Male,7.32,CSE,2,3,1,0,81,68,83,61,64,0,Placed
24,Male,8.52,EEE,2,2,2,2,85,67,81,82,88,1,Placed
19,Male,8.87,IT,2,0,0,1,73,77,81,81,79,0,Not Placed
19,Male,8.0,CSE,3,0,1,3,61,70,68,67,76,2,Placed
20,Female,7.79,CSE,2,1,1,4,66,58,61,64,70,0,Placed
24,Female,5.72,CSE,1,0,2,0,53,70,50,45,42,1,Not Placed
24,Male,6.47,IT,3,0,3,3,55,76,47,61,49,0,Not Placed
23,Male,6.7,ECE,2,3,3,7,70,71,78,59,67,1,Placed
19,Female,7.34,IT,2,0,5,1,71,79,66,60,82,0,Placed
24,Male,7.58,ECE,3,1,0,2,77,64,65,71,68,2,Placed
18,Male,8.81,CSE,1,2,1,1,73,71,74,81,95,2,Placed
20,Female,7.33,ECE,2,2,1,0,42,77,68,54,41,1,Placed
20,Male,7.64,EEE,2,1,2,1,63,71,57,62,71,1,Placed
21,Female,8.21,CSE,3,1,1,1,57,75,73,68,70,0,Placed
21,Male,6.86,EEE,1,1,0,0,54,55,59,48,48,0,Not Placed
19,Female,9.43,CSE,1,4,2,3,64,68,86,80,70,0,Placed
19,Male,8.32,IT,1,2,1,2,87,87,73,77,73,0,Placed
23,Male,8.33,MECH,2,2,2,3,57,49,65,65,80,0,Placed
18,Male,9.52,EEE,1,4,1,3,95,89,92,70,62,0,Placed
21,Female,6.35,ECE,2,0,1,2,40,79,50,48,56,3,Not Placed
19,Male,6.72,IT,2,1,2,5,74,70,74,67,54,0,Not Placed
20,Male,8.38,ECE,1,1,0,5,69,79,76,74,69,0,Not Placed
19,Female,6.87,ECE,3,0,2,0,65,65,70,65,69,2,Not Placed
22,Male,8.12,CIVIL,3,1,2,1,76,88,67,72,58,2,Placed
20,Male,6.66,MECH,1,1,1,0,49,80,59,61,58,1,Placed
20,Male,8.36,CSE,1,1,1,1,87,64,64,81,74,0,Not Placed
23,Female,9.1,IT,2,1,3,1,69,84,74,86,59,0,Not Placed
18,Male,7.51,ECE,2,1,4,4,68,62,66,69,60,1,Placed
22,Male,6.07,EEE,2,1,1,1,62,63,40,41,54,1,Not Placed
19,Female,6.24,CSE,2,0,1,3,61,65,57,54,51,3,Not Placed
24,Female,8.3,MECH,2,1,0,3,72,78,67,70,87,1,Not Placed
18,Male,7.64,ECE,2,1,2,4,68,86,68,67,61,1,Not Placed
21,Female,5.0,CSE,3,0,1,0,43,40,48,43,53,3,Not Placed
21,Male,8.67,CSE,2,1,3,4,88,89,84,87,95,0,Placed
21,Male,7.34,EEE,1,2,2,0,73,57,71,72,66,0,Placed
23,Male,6.57,EEE,1,0,0,0,57,68,64,57,75,1,Not Placed
18,Female,8.57,IT,2,1,3,3,82,81,79,66,64,0,Placed
20,Female,7.02,CSE,2,1,1,0,47,82,51,75,62,2,Not Placed
23,Male,5.92,CSE,3,0,3,3,65,62,62,75,67,3,Not Placed
24,Male,8.01,IT,2,2,1,3,68,63,73,75,80,1,Placed
21,Male,8.95,ECE,2,3,5,3,84,95,85,82,85,0,Placed
21,Female,8.75,CSE,3,2,0,6,88,86,90,73,68,0,Placed
22,Female,7.26,EEE,2,2,3,2,77,62,70,70,65,2,Placed
22,Female,7.89,CSE,1,1,2,2,64,82,76,61,58,0,Placed
24,Female,7.95,MECH,3,1,4,1,76,76,82,72,74,2,Placed
23,Female,7.01,CIVIL,3,0,0,1,46,55,55,55,55,2,Not Placed
20,Female,7.21,CSE,1,1,2,5,77,79,84,67,75,0,Placed
22,Female,6.36,MECH,2,0,1,1,50,78,62,67,68,1,Not Placed
21,Male,7.27,EEE,2,1,5,4,64,70,68,65,54,0,Placed
18,Female,7.42,MECH,1,1,3,2,71,63,66,64,74,1,Placed
23,Male,8.54,IT,1,1,3,2,71,68,70,86,56,1,Placed
21,Male,7.86,MECH,1,2,3,3,70,66,72,73,75,1,Not Placed
18,Male,5.0,IT,2,0,0,0,40,40,48,47,40,2,Not Placed
22,Male,7.45,CSE,1,1,2,1,74,76,77,66,65,1,Not Placed
20,Female,7.67,CIVIL,2,1,1,2,65,82,63,66,94,1,Not Placed
18,Male,8.16,CIVIL,1,0,0,2,71,76,82,72,70,0,Placed
21,Male,7.18,CSE,2,0,0,3,65,71,73,62,64,1,Not Placed
22,Female,8.27,IT,3,1,2,1,86,91,79,87,67,0,Placed
21,Female,8.07,CIVIL,2,2,1,1,71,64,62,72,63,0,Placed
18,Male,8.53,ECE,1,2,2,1,72,76,66,82,74,0,Placed
21,Male,8.35,IT,3,2,4,3,70,83,84,78,60,1,Placed
18,Male,7.89,CSE,3,1,2,6,59,72,80,76,73,1,Placed
24,Female,5.94,IT,2,0,0,2,58,69,66,67,50,0,Not Placed
19,Male,5.0,IT,3,0,1,1,43,68,50,50,48,1,Not Placed
24,Female,6.15,EEE,2,0,3,1,57,61,68,63,70,0,Not Placed
18,Male,8.16,IT,1,2,3,5,61,79,63,85,72,0,Not Placed
18,Female,7.03,ECE,2,1,2,1,75,66,63,74,64,0,Not Placed
20,Male,8.49,CSE,2,2,2,1,78,93,83,70,82,0,Placed
22,Male,7.54,EEE,3,0,2,3,74,60,77,83,48,1,Not Placed
25,Male,9.15,CSE,2,0,1,1,80,72,95,73,88,0,Placed
21,Male,7.67,ECE,3,1,1,2,51,76,67,65,48,0,Not Placed
20,Other,7.76,MECH,3,1,1,3,64,76,75,71,68,0,Placed
18,Female,7.45,EEE,1,1,2,2,75,68,84,77,64,0,Placed
21,Male,7.89,CSE,2,1,6,1,91,71,83,80,75,0,Placed
20,Female,6.68,MECH,2,0,0,2,49,58,56,56,57,1,Not Placed
24,Male,6.62,CSE,1,4,3,0,69,73,66,58,63,0,Not Placed
21,Female,7.52,CSE,2,0,3,1,59,64,69,60,74,1,Not Placed
22,Male,8.96,MECH,3,1,2,2,72,87,83,82,66,1,Not Placed
23,Male,6.97,CSE,2,2,2,2,71,72,76,58,62,2,Not Placed
18,Male,7.3,IT,2,1,0,0,67,82,65,67,69,0,Placed
20,Male,8.01,CIVIL,1,1,1,3,71,83,77,70,81,0,Placed
24,Female,8.74,CSE,2,2,1,3,86,72,87,70,85,0,Placed
20,Male,7.59,EEE,3,0,1,0,54,85,57,63,83,1,Not Placed
21,Male,8.35,ECE,3,2,4,2,71,79,76,71,69,2,Placed
24,Female,8.67,IT,3,2,3,4,78,95,85,80,81,0,Placed
19,Male,8.77,IT,1,0,3,3,83,74,77,70,88,0,Placed
24,Male,7.65,IT,3,0,2,2,79,79,84,69,83,0,Placed
20,Female,7.27,MECH,3,1,0,1,67,66,90,73,70,1,Placed
21,Male,8.45,MECH,1,0,3,0,49,64,78,68,90,1,Placed
20,Female,7.88,IT,2,3,1,2,73,74,87,80,70,0,Placed
21,Female,7.48,EEE,2,0,4,1,71,67,59,88,62,0,Not Placed
18,Male,8.43,ECE,2,1,2,3,59,75,76,74,58,1,Not Placed
18,Male,6.68,EEE,2,0,2,2,63,67,62,61,56,1,Not Placed
20,Male,8.29,CSE,2,2,6,1,80,80,78,83,75,0,Placed
20,Male,6.84,IT,1,0,3,3,46,67,73,52,56,4,Not Placed
21,Female,6.9,IT,3,1,4,1,65,77,62,68,67,1,Not Placed
18,Female,7.73,ECE,1,1,1,3,59,58,63,68,60,0,Placed
19,Male,9.55,CSE,1,3,3,1,89,74,89,88,72,0,Placed
19,Female,6.87,ECE,1,1,1,5,69,60,60,61,58,0,Not Placed
20,Male,6.99,CIVIL,2,0,2,4,80,57,73,70,52,0,Not Placed
19,Female,7.8,CSE,2,0,3,1,65,71,49,59,71,2,Not Placed
19,Male,8.68,ECE,2,0,1,1,78,95,82,77,81,0,Placed
21,Female,5.63,CSE,2,0,0,2,40,40,40,40,40,2,Not Placed
22,Male,6.3,ECE,3,0,3,1,62,48,63,59,70,2,Not Placed
22,Male,10.0,CSE,2,1,4,3,91,89,95,86,83,0,Placed
19,Male,7.6,MECH,2,0,3,1,53,75,78,78,76,1,Not Placed
23,Female,6.31,IT,2,1,3,2,52,46,67,57,80,0,Placed
21,Female,8.22,CIVIL,3,3,1,2,59,93,60,71,66,0,Placed
21,Female,8.34,CSE,1,1,1,4,83,67,70,69,78,0,Placed
19,Male,8.67,MECH,1,0,3,5,69,87,77,84,67,0,Not Placed
19,Female,8.61,CSE,2,1,3,3,84,83,84,84,82,0,Placed
21,Male,7.89,CSE,2,0,3,0,71,73,66,66,73,0,Not Placed
19,Female,7.01,MECH,1,1,3,1,64,67,68,61,64,1,Not Placed
22,Male,7.78,IT,3,2,6,1,83,84,66,81,64,0,Placed
20,Female,7.22,ECE,2,1,1,2,63,68,63,53,55,2,Not Placed
19,Female,6.18,EEE,2,1,4,1,53,67,61,63,49,0,Placed
19,Male,5.27,IT,1,0,1,1,45,54,50,55,57,1,Not Placed
19,Female,5.28,CSE,3,0,1,0,47,65,45,53,47,2,Not Placed
20,Male,7.55,CIVIL,2,2,0,3,74,57,63,55,57,1,Not Placed
18,Male,6.18,ECE,1,1,0,1,56,69,62,58,46,1,Not Placed
21,Male,7.54,MECH,1,0,5,3,73,92,68,77,64,0,Placed
20,Male,5.91,EEE,2,0,1,2,56,63,59,52,70,1,Not Placed
21,Male,5.35,EEE,2,0,0,0,40,51,40,44,40,2,Not Placed
25,Female,5.87,ECE,1,1,2,2,69,51,70,66,43,1,Not Placed
23,Female,6.47,CSE,2,2,1,1,56,81,81,67,73,2,Placed
21,Male,6.79,MECH,2,0,1,0,61,60,66,65,70,3,Placed
20,Female,8.86,MECH,2,1,2,3,85,93,88,88,87,0,Placed
22,Female,7.28,EEE,1,1,0,3,52,57,75,62,67,1,Placed
24,Male,7.96,MECH,2,3,2,2,74,88,79,71,81,2,Placed
21,Male,8.26,CSE,3,1,1,3,70,66,79,78,56,2,Not Placed
18,Female,7.13,CSE,2,0,5,2,81,79,60,77,66,0,Placed
22,Male,6.24,CSE,3,0,2,1,49,65,43,60,61,0,Placed
18,Male,6.9,ECE,1,1,2,3,73,60,74,68,80,0,Not Placed
22,Female,6.42,IT,1,1,2,0,68,77,69,74,48,1,Placed
18,Female,7.07,CSE,3,2,1,6,61,75,67,61,55,1,Not Placed
18,Female,7.66,ECE,2,0,1,1,68,57,61,65,67,0,Not Placed
23,Female,6.15,IT,2,1,1,0,67,71,62,56,59,2,Placed
22,Male,8.33,IT,2,0,4,3,88,81,75,80,86,0,Not Placed
21,Female,7.37,CSE,3,3,3,4,64,71,83,69,67,1,Not Placed
23,Female,6.51,CSE,3,0,0,2,65,65,52,75,56,2,Placed
23,Male,8.18,IT,1,2,1,2,84,79,69,67,73,0,Not Placed
20,Male,8.23,CSE,1,0,1,2,60,63,67,63,61,1,Placed
28,Male,7.35,IT,3,0,1,4,67,59,55,54,54,0,Placed
20,Female,6.83,IT,1,0,5,3,78,71,73,69,62,2,Placed
19,Female,6.27,CIVIL,2,0,3,4,75,55,63,51,75,2,Placed
23,Female,7.64,CSE,1,0,1,2,50,65,71,64,65,2,Not Placed
20,Male,5.91,CSE,2,0,0,0,50,48,68,64,50,1,Not Placed
24,Female,6.49,EEE,2,1,4,0,70,73,45,56,77,0,Placed
18,Male,8.55,CSE,1,2,2,2,78,67,79,75,75,1,Not Placed
18,Female,6.91,IT,1,0,0,3,47,62,57,60,55,4,Not Placed
18,Female,10.0,EEE,2,1,0,3,95,95,95,85,88,0,Placed
21,Female,7.18,CSE,2,0,2,4,72,75,79,68,82,1,Placed
23,Male,8.51,CIVIL,2,1,2,2,73,67,73,82,69,0,Placed
20,Male,8.69,IT,2,1,2,3,85,80,71,72,76,0,Placed
18,Male,8.85,EEE,1,0,4,5,84,77,78,77,70,0,Placed
20,Female,7.41,CIVIL,2,0,6,3,73,69,65,67,73,3,Placed
20,Male,5.0,MECH,3,1,1,1,41,54,40,45,42,2,Not Placed
22,Female,7.04,CSE,2,1,1,0,64,72,62,68,67,0,Placed
22,Male,8.82,ECE,3,2,3,2,71,81,62,85,73,1,Placed
18,Male,7.06,IT,3,1,3,3,61,63,77,73,81,0,Not Placed
20,Male,7.88,ECE,2,0,1,1,76,72,70,70,66,0,Not Placed
22,Male,8.98,EEE,1,0,3,2,88,94,84,77,77,0,Not Placed
19,Male,7.89,IT,1,0,2,4,77,67,72,75,78,1,Placed
20,Male,8.09,IT,1,1,6,3,80,72,64,81,93,0,Placed
21,Male,6.22,ECE,2,0,1,2,67,57,57,69,68,1,Not Placed
20,Female,6.61,CSE,1,0,1,3,54,66,60,46,63,3,Not Placed
18,Male,8.9,ECE,3,1,5,2,92,79,78,86,82,0,Placed
19,Female,6.87,CSE,2,0,2,2,74,61,60,73,53,1,Placed
22,Female,7.49,ECE,3,0,2,3,61,69,79,78,54,4,Not Placed
19,Male,6.49,CSE,2,1,2,2,58,63,55,66,61,0,Not Placed
23,Male,6.21,EEE,1,1,1,1,60,64,58,55,75,2,Placed
21,Male,6.56,CSE,1,0,1,2,52,68,63,60,48,1,Not Placed
21,Male,5.9,ECE,3,0,0,1,60,68,55,58,56,0,Not Placed
22,Male,6.02,ECE,1,1,0,0,55,67,59,50,40,0,Placed
20,Female,6.7,IT,3,2,1,3,66,62,62,55,64,1,Placed
19,Male,7.19,ECE,1,1,3,0,64,73,62,67,52,0,Not Placed
18,Female,9.19,MECH,2,3,4,3,90,91,83,63,74,0,Placed
22,Female,7.82,CSE,2,2,3,3,72,64,73,66,51,0,Not Placed
21,Male,7.02,ECE,2,1,3,2,78,73,80,75,59,0,Placed
23,Female,6.37,IT,3,1,3,0,67,53,63,62,68,1,Placed
20,Male,7.5,ECE,1,4,2,2,63,63,66,60,63,2,Placed
20,Male,6.84,MECH,3,1,0,0,80,81,80,74,69,0,Placed
20,Female,7.53,ECE,2,3,2,2,78,70,71,72,73,1,Placed
19,Male,6.59,CSE,2,2,2,1,70,81,67,74,67,0,Placed
23,Male,8.53,IT,3,0,4,3,77,69,77,61,69,0,Placed
18,Female,8.59,ECE,3,2,3,5,57,63,74,76,79,3,Not Placed
24,Female,7.58,CSE,1,0,2,1,61,62,83,71,94,1,Not Placed
18,Male,7.47,ECE,1,0,2,3,54,70,64,58,57,1,Not Placed
21,Female,5.59,EEE,3,0,0,0,53,65,51,44,56,1,Not Placed
18,Female,7.08,EEE,2,2,3,3,66,92,70,74,76,1,Not Placed
22,Female,8.93,CSE,2,4,2,2,68,78,77,80,78,0,Placed
19,Male,9.1,EEE,1,0,3,1,74,73,77,81,76,0,Placed
21,Female,8.09,IT,2,0,1,3,68,73,78,73,71,0,Placed
24,Male,7.37,CSE,2,0,1,2,72,68,54,76,65,0,Placed
22,Male,6.81,ECE,1,0,1,2,68,71,58,66,60,0,Not Placed
19,Male,7.92,ECE,2,1,0,1,81,78,81,68,81,3,Not Placed
23,Male,8.05,IT,1,2,2,1,76,75,64,67,65,0,Placed
20,Male,7.33,MECH,2,1,0,4,56,77,55,73,52,3,Placed
18,Male,9.33,CSE,2,2,5,2,80,94,82,75,69,0,Placed
21,Male,6.44,IT,2,1,2,0,60,65,50,56,69,0,Placed
23,Female,7.04,CSE,1,2,1,2,65,69,68,69,54,0,Placed
20,Male,8.93,CSE,1,4,1,2,84,91,90,89,89,0,Placed
22,Male,8.79,IT,3,4,2,2,80,88,87,77,76,2,Placed
22,Female,8.38,EEE,2,2,2,0,64,73,69,68,63,1,Placed
20,Male,8.29,ECE,1,4,1,5,79,75,74,64,67,0,Not Placed
20,Female,8.04,IT,2,1,1,2,62,71,52,59,69,1,Not Placed
22,Male,5.48,IT,2,0,1,0,41,49,41,40,51,0,Not Placed
20,Female,7.32,IT,2,2,0,0,60,48,70,65,56,1,Not Placed
19,Male,8.66,CSE,3,2,3,1,62,70,60,65,56,1,Placed
20,Male,6.34,ECE,2,1,3,0,60,62,61,74,77,0,Not Placed
24,Female,8.02,MECH,2,1,2,4,65,66,75,70,85,0,Placed
20,Male,7.23,EEE,3,1,0,2,84,68,85,69,84,0,Placed
19,Male,7.69,CSE,1,1,1,1,58,75,70,58,68,2,Placed
19,Male,6.82,IT,2,0,2,1,50,73,65,50,64,3,Not Placed
18,Female,7.52,ECE,1,1,2,6,63,54,80,73,63,0,Placed
26,Male,5.87,MECH,3,2,1,1,65,67,72,69,61,2,Not Placed
21,Female,7.35,CSE,2,1,3,3,57,71,76,71,86,0,Not Placed
22,Female,7.35,CSE,3,2,1,3,62,79,65,59,55,0,Placed
22,Male,9.49,CIVIL,2,0,3,3,93,83,85,94,87,0,Placed
20,Female,5.17,CSE,3,0,1,0,51,46,61,56,46,3,Not Placed
23,Female,6.7,CIVIL,3,1,3,1,78,60,67,63,63,3,Not Placed
26,Male,7.47,ECE,1,0,2,2,66,87,72,70,63,0,Not Placed
22,Male,6.4,IT,2,0,1,4,65,82,59,56,56,0,Not Placed
22,Male,8.71,CSE,1,2,4,2,79,79,67,77,61,0,Placed
20,Female,8.19,MECH,1,3,2,4,73,87,84,79,78,2,Placed
23,Male,6.59,CSE,2,2,2,1,63,74,75,71,63,1,Not Placed
18,Male,7.34,IT,2,0,2,1,67,61,72,55,66,1,Placed
22,Female,7.61,CSE,1,1,3,2,71,66,59,64,73,1,Not Placed
20,Female,8.21,CSE,2,0,1,3,65,64,69,70,56,0,Not Placed
21,Male,7.89,EEE,3,1,4,5,66,69,76,69,63,2,Not Placed
24,Female,6.88,CSE,2,0,2,3,76,76,59,70,58,1,Placed
21,Female,8.44,ECE,1,1,4,1,82,73,65,71,69,2,Placed
18,Male,7.48,EEE,2,2,3,0,73,78,78,67,73,0,Placed
22,Male,6.41,IT,1,0,1,0,58,53,50,67,56,1,Not Placed
24,Female,6.93,ECE,1,0,1,1,63,66,42,63,74,2,Not Placed
22,Male,6.66,CSE,1,0,1,2,50,68,50,45,59,2,Not Placed
23,Other,9.22,MECH,2,2,6,5,73,74,71,78,61,1,Placed
23,Male,8.36,CSE,2,1,0,3,72,56,75,73,71,1,Placed
23,Female,7.89,ECE,2,1,1,5,79,62,80,68,57,0,Not Placed
20,Female,6.5,MECH,3,0,0,3,56,50,51,51,59,2,Not Placed
21,Male,9.22,EEE,2,4,6,1,86,88,95,85,72,0,Placed
23,Male,6.6,CSE,3,1,5,2,53,62,66,43,56,2,Not Placed
24,Female,7.59,IT,2,2,1,0,72,73,65,74,71,0,Not Placed
19,Female,9.17,MECH,1,1,4,3,73,73,81,74,61,1,Placed
19,Male,6.93,MECH,1,0,0,2,61,76,63,61,65,0,Not Placed
20,Male,8.04,ECE,2,0,2,0,58,76,68,76,59,2,Not Placed
22,Male,7.12,CSE,2,0,1,3,67,75,82,71,61,0,Not Placed
24,Male,9.88,IT,2,1,5,2,95,92,87,90,85,0,Placed
21,Male,7.98,CIVIL,1,2,3,2,73,79,77,60,62,3,Placed
18,Female,9.32,CSE,2,2,1,1,66,70,84,86,72,1,Placed
20,Male,8.53,MECH,2,1,0,1,89,80,67,71,78,0,Placed
23,Female,8.23,IT,2,0,2,2,62,65,61,66,86,2,Not Placed
20,Female,7.01,EEE,2,0,0,1,52,84,69,66,65,1,Placed
18,Other,7.76,CSE,1,2,4,3,78,68,85,79,69,0,Not Placed
20,Female,6.53,CSE,2,0,1,2,61,62,67,48,51,3,Placed
23,Male,9.48,IT,3,4,1,1,86,89,85,82,67,0,Placed
21,Male,7.83,MECH,2,1,2,0,58,72,58,71,67,1,Placed
19,Male,5.0,ECE,2,1,1,1,45,53,43,43,42,2,Not Placed
20,Male,7.06,ECE,2,1,4,3,61,66,64,61,59,0,Not Placed
25,Female,8.31,CIVIL,2,2,3,0,73,68,74,75,77,1,Placed
20,Female,6.85,IT,1,1,2,3,62,67,59,70,63,0,Not Placed
20,Female,8.6,MECH,2,2,1,0,68,88,85,75,76,0,Placed
19,Male,7.1,CSE,1,0,1,0,53,73,55,64,64,1,Placed
20,Male,6.39,CSE,2,0,2,2,60,64,57,60,57,2,Not Placed
23,Female,7.44,IT,1,1,1,3,62,86,63,60,69,0,Placed
23,Male,7.62,CIVIL,3,0,0,6,60,92,74,69,66,0,Placed
20,Male,7.18,EEE,1,0,1,3,59,73,56,58,72,3,Not Placed
24,Female,7.96,CSE,2,2,2,1,79,75,70,85,83,1,Placed
20,Female,6.52,CIVIL,2,0,0,2,63,64,69,67,53,1,Not Placed
23,Male,7.82,EEE,3,2,1,0,73,73,75,71,81,1,Placed
18,Male,8.27,EEE,3,1,1,2,67,56,82,68,65,0,Placed
20,Female,6.44,ECE,1,0,1,2,46,60,57,58,55,0,Not Placed
23,Female,7.05,IT,1,1,0,2,47,52,59,58,60,1,Not Placed
24,Male,6.81,CSE,2,0,3,1,75,65,62,73,76,0,Placed
22,Female,9.1,ECE,1,2,5,7,92,85,95,75,88,0,Placed
22,Male,9.06,CSE,1,0,2,2,77,77,81,76,74,0,Placed
23,Female,5.58,ECE,1,0,2,0,52,50,61,47,51,2,Placed
22,Female,5.0,ECE,1,0,1,1,40,40,43,42,40,3,Not Placed
19,Female,8.02,ECE,2,2,0,2,76,76,72,79,84,1,Placed
21,Female,8.42,MECH,2,1,3,2,62,70,68,70,74,1,Not Placed
22,Male,8.19,IT,2,2,4,2,92,95,81,66,73,0,Not Placed
21,Male,6.99,IT,2,1,1,2,49,64,60,56,65,4,Not Placed
24,Female,8.01,CSE,2,0,2,5,62,77,70,75,64,0,Placed
21,Male,7.3,CSE,3,2,2,2,80,72,82,73,83,0,Placed
19,Female,7.09,CSE,2,2,0,1,66,61,73,60,76,0,Placed
19,Male,6.84,CSE,3,0,1,2,78,79,59,74,76,0,Placed
23,Male,7.86,IT,3,1,3,2,70,58,71,63,77,0,Not Placed
18,Female,8.86,IT,2,1,3,3,74,73,86,80,75,0,Placed
23,Male,7.31,CIVIL,3,0,3,5,75,88,64,58,79,1,Placed
18,Female,8.2,CSE,1,1,3,1,95,84,76,76,77,1,Placed
20,Male,8.34,CSE,2,1,1,1,68,74,60,60,42,3,Not Placed
23,Male,5.95,EEE,2,1,1,0,46,58,57,64,48,3,Placed
20,Male,8.61,CSE,1,3,5,1,95,77,89,87,73,0,Placed
23,Male,7.64,ECE,2,3,3,2,63,67,65,66,64,1,Placed
18,Female,6.96,EEE,3,0,0,0,64,58,70,54,71,0,Not Placed
21,Male,7.58,ECE,3,2,0,1,52,79,69,77,64,0,Not Placed
21,Male,8.68,CSE,2,1,1,1,63,67,73,69,71,1,Placed
24,Female,6.45,CSE,2,1,2,2,58,62,63,71,61,0,Not Placed
18,Male,7.39,CIVIL,2,3,1,3,65,89,61,60,79,2,Not Placed
20,Male,6.85,MECH,2,2,0,2,74,75,82,77,67,1,Placed
22,Female,7.82,EEE,2,1,3,3,57,61,76,68,56,1,Placed
26,Female,5.1,CSE,2,0,2,1,40,56,43,47,46,1,Not Placed
23,Male,8.61,IT,2,4,2,3,95,81,86,95,80,0,Placed
23,Female,7.73,EEE,2,2,0,3,70,61,73,72,65,0,Placed
21,Male,8.03,CSE,1,2,2,5,73,68,72,71,66,1,Not Placed
21,Male,5.63,CIVIL,2,1,1,2,58,69,57,46,63,2,Not Placed
23,Male,6.48,CIVIL,2,0,2,1,61,69,69,69,76,0,Not Placed
23,Female,7.0,CSE,1,1,1,1,54,65,66,52,58,2,Placed
23,Male,7.99,CSE,3,2,0,5,74,69,71,81,73,0,Not Placed
23,Female,7.09,IT,2,1,2,1,62,79,64,47,61,1,Placed
24,Male,8.85,IT,2,4,0,3,76,63,64,65,80,0,Placed
18,Male,7.25,IT,1,0,1,0,55,61,65,70,53,1,Not Placed
20,Female,6.78,EEE,1,0,3,3,69,51,67,75,75,1,Placed
26,Other,7.42,IT,3,0,1,1,71,73,68,79,61,2,Not Placed
21,Male,8.03,CSE,2,4,3,5,70,73,85,83,73,0,Placed
19,Male,5.87,CSE,2,0,1,1,57,61,40,49,56,1,Placed
21,Female,6.15,IT,2,0,2,0,54,58,55,50,40,1,Not Placed
22,Male,5.23,ECE,2,0,1,0,45,59,47,46,60,0,Not Placed
23,Male,6.83,CIVIL,3,0,0,2,61,63,56,58,81,3,Placed
23,Male,5.78,CSE,1,0,3,1,57,56,56,49,77,0,Not Placed
18,Female,5.45,MECH,2,0,2,2,40,66,51,57,61,1,Not Placed
20,Male,6.31,IT,2,0,0,1,57,68,53,68,70,1,Placed
18,Male,5.43,EEE,1,0,0,1,42,83,50,40,50,2,Not Placed
24,Male,7.23,CSE,2,0,1,2,55,48,62,63,59,0,Not Placed
19,Male,8.96,IT,1,0,3,4,83,88,86,75,67,0,Placed
21,Male,7.92,IT,2,0,1,4,66,85,71,73,65,0,Not Placed
21,Male,7.7,EEE,2,1,0,2,79,66,76,79,61,2,Placed
21,Female,6.59,CSE,2,0,1,1,58,68,59,68,65,2,Not Placed
21,Male,6.8,IT,3,0,3,1,56,71,64,59,53,4,Not Placed
22,Male,5.57,ECE,2,0,1,2,53,74,61,60,55,2,Not Placed
21,Female,7.85,ECE,1,2,1,2,77,56,66,55,68,4,Not Placed
18,Male,8.03,CSE,1,1,3,4,83,79,85,77,77,1,Placed
20,Male,8.56,CSE,2,1,3,1,68,93,72,71,83,0,Placed
21,Male,8.32,EEE,1,1,0,4,72,84,78,69,60,0,Placed
20,Female,7.2,IT,1,0,4,2,77,66,57,65,62,0,Placed
22,Female,8.31,CSE,3,3,2,3,80,73,77,70,77,1,Placed
20,Female,6.53,CSE,2,3,2,4,66,70,78,58,73,0,Placed
23,Female,7.82,ECE,2,1,1,3,74,73,54,69,84,1,Placed
19,Male,9.3,CIVIL,1,1,5,4,86,81,86,79,82,0,Placed
22,Female,5.68,EEE,3,0,1,2,58,48,68,67,61,1,Not Placed
19,Male,8.31,EEE,2,0,3,3,57,64,61,71,47,0,Placed
21,Male,8.94,ECE,2,2,4,1,69,78,78,77,76,0,Placed
20,Male,5.97,IT,2,1,1,3,69,55,57,45,53,0,Not Placed
21,Male,7.4,CIVIL,3,1,1,0,66,63,60,54,72,1,Placed
19,Male,7.0,CSE,1,0,2,5,58,76,75,62,69,2,Not Placed
23,Male,7.08,MECH,2,1,0,2,71,72,76,63,59,1,Not Placed
21,Female,5.76,CSE,3,0,1,0,55,58,44,57,51,1,Not Placed
25,Female,8.19,ECE,2,1,2,5,62,78,72,55,64,0,Placed
22,Female,7.79,CIVIL,3,1,2,2,77,68,87,69,80,0,Placed
21,Male,8.04,MECH,1,0,3,3,78,73,69,93,77,1,Placed
23,Male,7.16,MECH,2,1,2,1,72,66,63,76,41,3,Not Placed
19,Female,7.63,MECH,2,2,2,2,66,65,61,73,56,0,Placed
21,Male,7.68,IT,2,1,1,1,45,73,67,67,58,1,Placed
20,Male,7.21,IT,2,1,4,3,59,67,69,67,72,1,Not Placed
22,Male,10.0,ECE,2,1,4,4,84,81,83,67,69,0,Placed
18,Male,8.07,CSE,2,1,4,2,66,64,75,75,71,0,Not Placed
20,Male,7.19,IT,2,0,0,2,56,55,51,70,51,2,Placed
22,Female,8.65,CSE,2,1,2,3,71,62,79,69,68,1,Placed
21,Female,5.4,MECH,3,0,1,2,68,70,65,49,58,1,Not Placed
19,Other,6.55,EEE,3,0,1,1,42,65,63,60,58,1,Not Placed
21,Male,6.51,CSE,2,0,4,1,42,63,61,60,40,1,Not Placed
23,Male,7.16,ECE,2,0,2,2,60,65,59,73,91,2,Not Placed
19,Female,8.14,EEE,3,0,1,2,68,64,70,80,86,1,Placed
20,Male,7.75,MECH,3,1,4,2,70,80,80,73,73,0,Not Placed
28,Male,7.42,IT,2,1,2,1,60,66,59,85,66,0,Placed
24,Female,6.56,ECE,2,1,1,0,68,51,53,65,60,1,Not Placed
18,Male,7.48,CSE,1,1,2,2,75,76,67,60,56,2,Not Placed
21,Male,7.5,MECH,1,2,3,6,70,73,67,62,68,0,Placed
18,Male,6.77,MECH,2,2,2,1,75,44,75,64,72,1,Not Placed
24,Female,6.9,CSE,2,0,1,3,83,58,60,73,60,1,Placed
20,Male,7.4,CSE,2,3,2,0,71,83,67,71,74,0,Placed
20,Male,7.07,CSE,3,1,3,2,68,68,62,70,74,1,Placed
19,Male,7.88,IT,3,2,3,3,60,65,63,63,77,3,Placed
21,Female,9.56,CSE,2,1,5,0,79,86,91,83,81,0,Placed
19,Female,6.75,EEE,2,1,1,3,76,59,55,69,60,1,Placed
23,Female,8.55,IT,3,1,3,3,84,76,80,76,92,0,Placed
21,Female,8.59,ECE,1,2,2,0,73,95,85,73,85,1,Placed
21,Male,5.59,EEE,1,0,0,2,56,78,61,51,50,2,Placed
23,Male,7.14,EEE,3,0,0,0,63,58,60,63,63,1,Not Placed
19,Male,6.53,IT,1,0,3,4,68,65,57,55,53,3,Not Placed
19,Male,7.09,EEE,2,1,1,4,58,70,59,47,56,2,Not Placed
20,Female,7.31,ECE,2,0,3,1,65,79,72,69,82,2,Placed
23,Male,8.28,CSE,2,0,5,3,75,71,88,65,67,0,Placed
18,Female,9.43,CSE,3,4,3,5,74,76,78,74,76,0,Placed
23,Male,7.72,EEE,2,1,0,2,68,69,58,69,74,1,Placed
21,Female,7.6,CSE,2,2,0,1,69,56,73,51,64,2,Placed
21,Female,5.76,CSE,1,0,0,2,50,46,51,40,53,1,Not Placed
21,Male,7.17,IT,1,2,2,0,78,70,71,74,73,0,Not Placed
18,Female,7.45,CIVIL,2,1,0,3,65,64,65,64,48,1,Not Placed
19,Female,7.56,EEE,2,2,3,4,81,68,64,85,73,1,Not Placed
22,Female,8.69,EEE,1,4,3,6,85,90,76,91,84,0,Placed
20,Female,8.85,CSE,2,0,0,1,76,80,83,87,53,0,Placed
21,Male,8.54,MECH,2,4,1,1,66,72,82,78,68,1,Placed
25,Male,7.04,IT,3,2,4,0,41,77,64,54,67,2,Not Placed
18,Female,7.75,CIVIL,2,1,3,2,67,75,60,64,69,2,Not Placed
20,Female,7.89,ECE,3,1,3,3,67,68,84,64,68,3,Not Placed
20,Female,6.5,ECE,3,0,4,4,64,57,72,74,54,1,Placed
18,Male,7.76,MECH,1,1,0,1,72,76,79,65,75,0,Not Placed
25,Male,8.24,CIVIL,2,3,3,4,70,70,70,71,66,0,Placed
26,Male,6.72,CSE,2,0,0,0,59,58,66,58,56,4,Not Placed
20,Female,8.57,CSE,2,2,0,1,89,74,79,85,62,0,Not Placed
25,Male,7.15,ECE,3,0,0,1,74,72,80,75,60,1,Not Placed
18,Male,5.68,CSE,3,1,0,2,62,54,54,60,62,5,Not Placed
27,Male,7.75,IT,2,2,1,1,72,64,64,66,74,1,Not Placed
23,Male,6.78,CSE,1,2,2,3,67,74,80,89,66,1,Not Placed
19,Male,7.21,ECE,1,1,1,1,95,84,88,93,64,1,Placed
21,Female,7.54,ECE,2,1,4,2,75,95,68,56,74,2,Placed
23,Male,7.98,CSE,1,0,0,5,78,73,79,63,69,1,Placed
20,Male,7.9,ECE,3,1,1,2,74,83,78,69,80,2,Placed
20,Male,7.1,IT,2,1,0,1,59,70,46,59,57,2,Placed
21,Male,5.72,CIVIL,2,0,2,1,46,58,61,62,47,0,Not Placed
19,Female,7.68,CSE,2,3,5,3,80,62,80,87,81,0,Placed
18,Female,8.44,MECH,1,3,2,1,81,78,76,79,73,0,Placed
19,Female,7.45,CIVIL,2,3,1,3,79,61,76,72,65,3,Not Placed
22,Female,8.83,ECE,3,0,0,1,81,78,95,70,78,0,Placed
20,Male,8.72,EEE,2,2,1,3,82,74,71,72,64,0,Placed
21,Female,8.28,CSE,2,1,2,2,87,78,78,76,77,0,Not Placed
19,Male,6.7,IT,1,1,2,3,61,54,58,60,54,1,Not Placed
19,Female,9.59,CSE,2,0,1,1,91,85,79,76,63,0,Placed
22,Female,8.32,ECE,3,0,3,2,79,76,70,72,62,0,Placed
18,Male,7.06,CIVIL,2,0,3,2,63,67,71,68,95,2,Placed
22,Male,7.22,CSE,1,1,2,0,62,69,62,56,59,2,Not Placed
20,Male,6.96,IT,2,2,3,2,70,68,77,72,79,0,Placed
22,Male,6.53,EEE,3,0,0,0,43,48,51,51,40,2,Not Placed
20,Male,8.14,IT,2,1,2,4,74,73,82,84,71,0,Placed
23,Female,6.04,ECE,2,0,1,2,52,59,51,67,45,0,Not Placed
18,Male,7.63,IT,2,0,1,2,74,81,79,50,60,0,Not Placed
24,Female,7.55,ECE,1,0,1,0,71,70,53,70,58,0,Not Placed
19,Male,6.88,CSE,3,0,0,0,79,78,69,63,80,1,Placed
18,Male,7.02,ECE,2,1,0,2,57,62,61,56,71,2,Not Placed
21,Male,7.79,ECE,1,1,1,0,68,60,56,64,58,0,Not Placed
19,Male,9.21,CSE,1,2,1,1,83,94,92,85,86,0,Placed
20,Male,8.31,ECE,1,3,4,2,74,88,85,82,79,1,Placed
23,Male,7.79,IT,2,0,4,2,72,80,71,71,62,0,Placed
23,Male,6.77,ECE,2,1,5,1,53,72,53,61,48,2,Not Placed
21,Male,8.02,ECE,2,2,1,4,82,75,80,76,86,0,Placed
26,Female,7.96,IT,2,3,5,4,76,82,80,81,86,0,Placed
21,Female,6.73,EEE,3,2,2,2,56,66,45,63,61,3,Not Placed
18,Male,6.8,IT,3,2,2,2,55,79,72,74,61,3,Not Placed
23,Female,5.9,IT,2,0,1,0,42,66,65,59,50,1,Not Placed
19,Female,9.08,IT,2,0,1,2,84,77,68,95,77,0,Placed
19,Male,9.96,IT,1,0,6,4,91,87,82,85,94,0,Not Placed
18,Male,6.95,MECH,3,0,0,3,67,68,72,84,65,0,Placed
20,Male,5.25,EEE,1,0,2,0,48,48,62,61,44,1,Not Placed
20,Male,8.47,CSE,3,0,2,1,68,88,75,68,74,1,Placed
20,Female,7.04,IT,2,0,1,2,45,78,64,57,61,0,Not Placed
21,Female,6.6,CSE,1,1,1,0,67,70,49,54,68,0,Placed
22,Male,7.82,EEE,1,3,3,5,80,77,78,66,47,0,Placed
25,Male,7.77,CIVIL,3,0,1,2,69,65,69,69,63,1,Placed
18,Female,6.14,ECE,2,2,2,1,72,56,68,52,63,3,Not Placed
19,Male,7.18,IT,2,1,2,1,53,53,72,48,49,1,Not Placed
21,Male,8.15,CSE,3,2,3,0,75,77,82,71,71,2,Placed
18,Male,6.94,IT,2,0,1,3,59,80,72,59,54,1,Placed
20,Female,5.79,ECE,3,0,2,2,54,67,57,69,53,2,Not Placed
21,Female,7.91,MECH,3,0,0,2,56,69,60,57,60,1,Not Placed
23,Female,7.92,ECE,3,0,3,1,78,62,65,70,86,0,Placed
19,Female,7.69,CIVIL,1,1,1,2,73,61,64,55,61,1,Not Placed
22,Male,5.57,IT,3,2,0,0,52,72,68,59,61,0,Placed
22,Male,7.73,CSE,2,2,3,3,76,88,72,67,61,1,Placed
23,Female,5.24,ECE,2,1,0,0,50,40,40,48,59,0,Not Placed
20,Female,7.61,CSE,3,0,1,2,64,77,62,60,57,0,Placed
22,Male,6.38,CSE,1,1,0,3,60,61,62,74,56,2,Not Placed
22,Male,7.58,CSE,1,1,1,4,56,65,64,73,64,0,Placed
19,Female,7.21,ECE,2,2,4,3,82,69,77,84,64,1,Placed
21,Male,8.16,CSE,2,2,6,6,72,86,83,71,67,0,Placed
22,Male,6.73,CIVIL,2,0,0,0,64,58,60,68,71,0,Not Placed
19,Male,8.27,MECH,2,0,4,4,65,80,74,68,70,0,Placed
20,Male,6.62,EEE,3,0,4,3,73,72,68,77,62,0,Not Placed
20,Female,6.62,IT,1,0,1,1,48,60,61,67,69,2,Not Placed
22,Female,9.13,CSE,2,3,4,2,81,79,81,86,72,0,Placed
18,Male,6.85,ECE,2,0,0,1,40,56,49,57,57,2,Not Placed
21,Male,8.23,CSE,3,1,2,2,69,86,87,71,52,0,Placed
19,Male,8.28,IT,1,1,4,6,59,77,63,61,59,0,Placed
22,Male,8.76,CSE,2,1,4,4,72,79,75,61,70,1,Placed
22,Male,6.66,ECE,3,1,0,3,66,60,61,62,68,0,Placed
21,Male,8.31,ECE,2,2,2,0,78,86,86,65,69,0,Placed
21,Female,5.6,ECE,1,0,0,1,48,58,48,61,71,1,Placed
20,Female,7.39,EEE,3,0,0,2,61,84,70,75,56,0,Placed
20,Male,7.35,CSE,1,1,2,1,67,62,67,74,56,0,Placed
22,Female,7.45,CSE,2,1,2,2,77,59,70,60,54,0,Placed
19,Female,7.69,IT,1,0,2,5,70,79,71,73,70,0,Placed
22,Male,7.87,EEE,2,2,3,2,83,82,91,89,90,0,Placed
22,Female,7.23,CSE,2,2,3,2,62,56,69,60,79,1,Not Placed
24,Male,7.78,MECH,3,2,4,1,75,71,84,74,63,0,Not Placed
19,Female,7.26,CSE,2,2,5,3,64,72,77,65,57,1,Not Placed
21,Male,7.03,CSE,2,0,0,2,63,66,62,54,42,3,Not Placed
18,Male,7.51,ECE,3,1,3,2,52,70,65,63,71,3,Not Placed
24,Female,7.65,CSE,3,3,0,2,47,64,61,62,77,2,Placed
22,Female,6.7,IT,2,1,5,1,59,77,64,60,60,2,Not Placed
21,Male,8.39,CSE,2,3,2,2,80,62,68,77,72,0,Placed
22,Female,7.72,IT,2,3,1,1,75,83,73,66,74,1,Placed
20,Female,5.93,IT,2,0,1,3,56,61,62,54,43,4,Not Placed
21,Female,5.46,CSE,3,0,1,0,65,62,51,65,53,1,Not Placed
23,Female,6.84,IT,1,0,0,5,82,71,62,82,58,1,Placed
18,Male,5.98,EEE,2,1,4,1,58,79,61,53,67,2,Not Placed
25,Male,7.88,EEE,3,1,4,2,68,74,70,64,69,0,Not Placed
24,Male,7.75,IT,3,0,2,1,63,60,78,75,70,1,Placed
26,Female,5.53,CIVIL,1,1,3,1,55,60,58,53,56,1,Not Placed
23,Female,6.02,CSE,1,0,0,2,66,65,57,52,50,3,Not Placed
20,Female,9.15,MECH,3,2,3,2,93,80,87,87,81,0,Placed
21,Male,8.02,CIVIL,3,1,4,1,81,61,75,80,65,2,Placed
19,Female,7.11,ECE,2,0,0,2,64,56,70,52,74,0,Placed
22,Female,6.63,CSE,2,0,0,0,56,54,56,59,47,1,Not Placed
19,Female,6.77,CIVIL,1,1,0,4,66,76,61,69,77,1,Not Placed
23,Female,6.75,IT,3,1,1,2,62,62,54,51,61,0,Not Placed
19,Male,8.21,CSE,2,2,2,4,76,85,81,76,80,0,Placed
19,Male,6.76,MECH,2,1,2,4,65,67,57,59,40,1,Not Placed
18,Male,9.0,IT,3,0,2,4,75,76,77,69,74,0,Placed
22,Male,7.54,IT,3,0,1,1,65,54,81,44,50,0,Not Placed
19,Male,6.47,ECE,1,0,2,4,54,64,63,59,59,0,Placed
19,Female,6.95,MECH,1,1,0,3,65,62,68,61,49,2,Not Placed
19,Male,5.0,ECE,1,0,1,5,44,50,40,41,56,1,Not Placed
20,Male,6.38,MECH,3,1,0,4,67,81,76,58,75,0,Placed
25,Male,7.9,CSE,2,0,1,3,61,61,66,72,67,0,Placed
21,Female,7.9,ECE,2,1,1,4,66,91,85,72,65,0,Placed
19,Female,6.23,ECE,2,0,0,3,63,56,50,45,54,2,Not Placed
19,Male,8.57,IT,2,2,1,1,85,89,69,79,76,0,Placed
18,Female,8.93,CSE,2,0,4,0,75,74,73,80,58,0,Placed
20,Female,8.89,CSE,3,1,2,1,88,70,79,80,78,0,Placed
18,Female,7.91,CSE,2,1,2,1,68,71,66,73,59,1,Not Placed
18,Female,8.12,EEE,3,3,3,2,88,66,83,78,79,0,Placed
18,Female,5.53,CSE,1,0,0,1,49,59,67,70,63,1,Not Placed
20,Female,8.22,EEE,2,1,4,1,68,70,62,81,63,3,Placed
22,Male,5.85,MECH,1,0,0,4,52,59,56,61,51,0,Not Placed
18,Female,5.78,EEE,2,1,0,1,49,69,58,48,57,2,Not Placed
22,Male,5.89,MECH,2,0,5,3,42,72,52,49,46,0,Not Placed
21,Male,7.09,ECE,1,0,3,2,67,59,77,69,72,0,Placed
24,Female,7.06,CIVIL,2,1,2,2,54,68,55,58,61,0,Placed
19,Female,8.1,EEE,1,1,1,2,69,66,75,77,67,3,Placed
23,Female,5.79,IT,3,0,0,0,54,58,45,47,56,3,Not Placed
23,Female,5.75,EEE,1,0,0,1,51,70,52,50,47,1,Placed
26,Female,8.46,ECE,3,1,2,0,70,89,69,80,63,1,Placed
23,Male,9.53,EEE,3,0,1,3,84,71,74,77,66,0,Not Placed
19,Female,6.71,IT,3,0,2,2,52,63,58,59,68,0,Placed
25,Male,7.2,ECE,2,1,1,0,53,72,75,74,68,0,Placed
23,Male,8.86,MECH,2,1,1,2,63,80,85,78,81,1,Placed
19,Male,8.5,CIVIL,2,1,0,3,79,70,73,69,70,0,Not Placed
19,Female,7.25,IT,3,1,2,1,72,64,77,60,62,1,Placed
25,Female,7.78,IT,3,1,2,3,86,77,74,83,81,0,Placed
19,Female,6.23,IT,2,0,2,2,76,67,70,57,63,1,Placed
22,Male,7.19,EEE,2,1,1,2,66,67,76,66,57,1,Not Placed
20,Female,7.46,CSE,3,1,1,3,77,66,71,65,78,1,Placed
22,Female,6.44,CIVIL,1,0,4,2,60,72,72,58,75,0,Not Placed
18,Female,6.94,ECE,2,1,0,1,60,55,62,58,55,3,Not Placed
22,Male,7.46,CSE,1,1,1,2,75,55,70,68,70,0,Placed
21,Female,7.69,CSE,2,2,3,1,59,67,77,65,74,2,Placed
24,Female,6.86,ECE,2,1,1,2,45,71,61,52,58,5,Not Placed
19,Male,8.42,ECE,2,2,3,2,67,83,74,79,91,0,Placed
18,Male,7.52,EEE,1,1,4,2,52,58,62,66,56,0,Not Placed
19,Male,7.85,ECE,3,1,1,0,58,67,55,68,65,1,Not Placed
18,Male,7.35,ECE,1,2,3,1,60,82,69,66,86,2,Not Placed
27,Male,7.34,IT,2,4,3,0,78,87,65,54,61,0,Placed
19,Female,5.26,CSE,1,0,0,0,50,54,40,45,51,3,Not Placed
19,Female,7.59,CSE,3,4,6,1,74,70,76,82,79,1,Placed
23,Female,6.97,IT,2,0,0,3,65,62,69,61,68,0,Not Placed
19,Male,8.76,EEE,3,0,2,2,92,74,77,81,70,0,Placed
19,Male,7.52,CSE,2,0,1,4,67,69,66,70,74,0,Placed
22,Female,7.59,ECE,2,0,2,1,74,63,72,75,66,0,Not Placed
20,Female,9.75,CSE,1,0,4,1,85,68,87,89,77,0,Placed
23,Female,7.79,CSE,2,1,2,4,70,73,69,75,73,1,Placed
21,Female,8.1,CSE,3,1,3,1,87,77,78,75,66,0,Not Placed
20,Female,7.28,IT,2,1,2,1,53,86,64,69,67,1,Placed
21,Female,7.87,CSE,1,1,6,3,89,66,73,70,68,2,Placed
23,Female,7.21,MECH,2,1,2,1,65,65,78,59,66,1,Placed
20,Male,8.14,IT,2,1,4,5,73,72,72,73,82,0,Placed
22,Male,7.03,IT,2,0,3,2,61,44,62,61,58,3,Not Placed
20,Female,6.55,CIVIL,3,0,4,2,71,65,58,61,52,0,Placed
21,Male,6.93,CSE,2,1,1,2,49,61,78,68,52,1,Placed
22,Male,7.12,ECE,3,1,2,1,74,76,77,61,81,0,Not Placed
18,Male,7.55,EEE,2,2,1,3,64,74,63,83,49,0,Placed
20,Female,8.36,CSE,2,0,3,5,80,73,57,66,73,0,Not Placed
18,Male,8.29,CSE,2,3,1,2,77,81,84,80,81,0,Not Placed
22,Female,5.98,EEE,3,1,3,4,57,65,56,56,59,1,Not Placed
21,Female,7.45,CSE,2,0,1,2,56,40,47,51,61,2,Not Placed
20,Female,7.08,IT,1,1,0,0,55,79,51,59,55,0,Not Placed
18,Male,9.44,IT,3,4,6,1,83,65,95,87,79,0,Placed
24,Female,7.59,CSE,2,1,0,3,72,64,75,77,75,0,Placed
20,Female,8.45,MECH,1,1,2,1,76,61,69,59,49,0,Placed
19,Male,6.53,MECH,3,0,1,3,70,64,58,45,62,0,Not Placed
18,Female,7.39,MECH,1,2,3,7,69,77,70,65,81,1,Placed
21,Male,8.44,CSE,2,0,3,3,69,88,80,81,69,0,Placed
19,Female,6.87,CIVIL,2,2,2,2,61,57,68,68,70,0,Not Placed
23,Female,8.12,ECE,2,0,3,2,73,75,82,74,71,0,Placed
22,Male,9.76,ECE,3,2,4,2,87,76,84,91,87,0,Placed
18,Female,6.7,EEE,1,3,4,2,54,75,64,65,50,2,Placed
21,Male,6.9,EEE,3,0,1,2,66,66,42,60,58,1,Not Placed
19,Female,7.31,IT,2,0,0,2,59,69,69,59,68,3,Not Placed
18,Female,8.17,ECE,3,1,2,4,82,76,79,79,62,0,Placed
21,Male,8.46,ECE,1,3,0,0,80,86,83,75,70,0,Placed
19,Female,8.33,CSE,3,0,2,1,74,81,68,64,60,2,Placed
24,Female,7.23,CSE,3,0,1,4,62,69,56,75,89,2,Placed
21,Male,6.41,IT,2,0,0,5,59,58,51,50,66,3,Not Placed
19,Female,7.18,ECE,3,1,1,4,89,65,82,77,71,0,Placed
26,Male,7.21,EEE,2,3,1,1,56,67,62,68,81,0,Not Placed
21,Male,7.56,EEE,2,0,1,4,60,69,58,65,75,0,Placed
19,Male,8.34,ECE,2,2,4,3,79,80,77,80,67,2,Not Placed
21,Male,6.81,CSE,2,1,2,0,63,69,70,67,66,2,Placed
25,Male,7.28,ECE,2,1,1,3,62,74,64,69,78,1,Placed
20,Male,7.62,CSE,2,0,0,0,70,84,76,66,76,2,Not Placed
20,Female,8.24,MECH,3,1,1,1,70,60,68,88,73,0,Placed
21,Male,8.43,IT,3,1,5,1,88,69,79,74,86,0,Placed
20,Female,8.07,MECH,3,1,3,2,89,72,69,65,76,0,Placed
19,Male,7.82,CSE,2,2,3,0,66,64,89,64,81,1,Placed
21,Male,6.38,EEE,3,0,3,3,59,67,59,78,59,2,Placed
24,Female,7.2,IT,2,0,1,1,75,82,67,68,53,0,Placed
22,Male,8.16,CSE,2,1,6,5,70,87,82,81,72,0,Placed
18,Male,7.95,ECE,2,1,0,1,68,77,67,55,54,1,Not Placed
20,Other,5.95,CSE,2,0,0,2,43,47,52,64,71,3,Not Placed
18,Male,7.52,CSE,1,1,6,1,75,71,79,66,67,2,Placed
20,Male,7.94,IT,3,3,1,1,72,62,67,64,59,1,Not Placed
22,Female,7.92,IT,2,0,1,2,65,68,68,65,60,1,Placed
20,Male,9.24,IT,3,1,5,2,83,81,86,86,63,1,Placed
23,Female,8.12,IT,3,1,3,6,69,71,68,53,67,2,Not Placed
21,Male,8.05,CSE,2,2,5,1,80,95,73,84,89,1,Not Placed
22,Male,7.68,IT,2,1,2,1,75,67,64,76,53,0,Not Placed
24,Male,6.86,IT,2,1,1,5,61,61,58,62,55,0,Not Placed
22,Male,6.25,ECE,3,0,1,2,69,60,66,70,58,2,Not Placed
24,Female,8.49,IT,2,1,4,1,79,65,56,67,80,0,Placed
23,Female,7.0,CSE,2,1,3,2,74,73,69,60,69,0,Not Placed
21,Female,5.1,ECE,3,0,2,2,58,66,65,63,46,1,Not Placed
20,Male,7.42,CSE,1,2,0,1,69,61,45,75,62,1,Placed
20,Female,6.87,IT,2,2,2,2,78,79,56,62,61,1,Not Placed
24,Female,8.26,ECE,3,0,4,3,68,64,65,73,64,0,Not Placed
18,Male,7.33,ECE,2,4,2,6,80,67,78,88,59,1,Placed
25,Male,6.76,CSE,3,3,3,3,52,77,69,59,61,0,Placed
20,Male,8.52,IT,2,0,0,7,75,64,69,63,66,0,Placed
22,Male,6.68,IT,2,0,0,2,68,72,75,58,58,0,Not Placed
20,Male,5.0,IT,3,0,1,1,44,40,43,40,43,4,Not Placed
25,Male,7.21,EEE,1,0,2,4,54,80,66,51,65,1,Not Placed
18,Female,8.11,EEE,2,0,5,4,77,77,78,80,76,0,Placed
20,Male,6.11,CSE,1,0,0,1,54,60,60,64,54,1,Placed
23,Male,7.61,EEE,3,1,3,3,72,66,74,78,80,1,Placed
19,Female,9.19,MECH,1,0,4,1,84,79,84,84,93,0,Placed
19,Male,7.74,MECH,1,2,1,1,63,63,50,63,68,2,Not Placed
24,Male,8.84,CSE,2,0,1,2,69,83,74,78,80,1,Placed
23,Male,6.56,MECH,2,0,1,0,50,66,63,44,80,1,Not Placed
18,Female,8.91,CSE,2,2,2,1,83,81,84,82,77,0,Placed
21,Male,7.65,IT,2,3,6,1,57,77,76,60,79,1,Placed
19,Female,7.43,IT,2,0,0,2,67,57,73,67,64,1,Placed
19,Female,7.93,CSE,2,2,4,0,79,80,82,65,88,0,Placed
21,Female,8.07,CSE,2,0,5,3,68,78,81,81,81,2,Not Placed
19,Female,7.25,CSE,2,0,0,3,59,64,55,65,63,1,Placed
21,Female,6.19,ECE,2,3,1,1,59,63,65,73,68,2,Not Placed
19,Female,7.45,ECE,3,0,2,2,81,66,77,71,81,1,Not Placed
23,Male,6.65,ECE,2,1,1,1,70,66,73,66,66,1,Not Placed
21,Male,5.78,ECE,2,0,1,2,40,40,45,56,59,4,Not Placed
19,Male,8.64,CSE,2,0,4,4,65,76,62,55,63,0,Placed
24,Male,5.76,ECE,3,0,0,1,52,66,61,55,58,0,Not Placed
23,Male,9.0,ECE,3,4,4,2,85,89,81,86,76,0,Placed
19,Female,7.66,CSE,2,0,3,1,69,85,63,58,56,0,Placed
26,Male,6.53,CIVIL,2,0,1,2,54,55,63,62,62,4,Not Placed
19,Female,6.85,ECE,1,1,1,1,67,63,80,62,68,1,Not Placed
20,Male,5.57,ECE,3,1,0,2,53,47,56,56,50,1,Not Placed
20,Female,7.88,ECE,1,1,3,3,66,67,51,65,61,0,Placed
19,Male,8.79,EEE,2,1,1,2,74,86,73,74,95,1,Placed
22,Female,9.28,ECE,2,4,2,5,81,76,82,86,87,0,Placed
21,Female,8.75,EEE,2,1,1,2,83,75,68,67,85,0,Placed
24,Male,7.55,CSE,2,1,5,1,69,78,68,69,71,0,Placed
19,Female,7.14,CSE,2,3,3,1,59,71,61,57,64,0,Placed
19,Female,6.55,CSE,1,0,1,0,54,43,72,57,54,0,Not Placed
20,Female,9.23,CIVIL,1,2,2,1,79,77,83,95,78,0,Not Placed
19,Female,6.72,IT,2,1,1,3,65,69,71,63,48,3,Not Placed
25,Male,8.57,IT,2,4,5,4,87,89,91,86,80,0,Placed
22,Female,8.94,CSE,2,1,4,3,69,88,89,79,60,0,Placed
23,Female,5.84,IT,3,0,3,2,40,46,50,50,58,3,Not Placed
22,Female,7.34,MECH,1,1,0,2,60,81,54,56,65,2,Not Placed
19,Female,6.45,ECE,2,0,2,5,66,66,59,42,66,2,Not Placed
19,Female,6.88,CSE,2,0,5,0,54,67,73,60,65,1,Placed
20,Male,7.83,MECH,1,1,1,3,63,85,67,52,68,1,Placed
23,Female,10.0,CIVIL,3,0,6,1,95,93,92,95,91,0,Placed
20,Male,6.96,EEE,1,0,0,2,69,54,66,48,63,1,Not Placed
18,Female,7.72,ECE,2,0,1,1,70,65,74,62,73,0,Not Placed
22,Male,8.99,ECE,1,2,2,1,72,80,58,72,65,1,Placed
19,Female,7.88,EEE,2,1,2,1,73,66,64,83,81,1,Placed
21,Male,7.8,MECH,3,1,1,2,67,57,80,68,73,2,Placed
18,Male,6.96,ECE,2,1,1,0,46,57,61,58,49,2,Not Placed
21,Male,7.46,ECE,2,1,0,2,67,78,72,53,72,2,Not Placed
20,Male,7.14,CSE,1,2,0,2,79,65,62,89,83,0,Placed
24,Female,7.98,IT,1,1,6,1,78,71,77,78,60,2,Placed
22,Male,8.98,CSE,2,2,3,2,68,95,76,74,50,0,Placed
18,Male,7.63,EEE,1,1,4,4,66,81,81,88,68,0,Not Placed
23,Male,8.58,CIVIL,2,1,4,5,76,69,73,62,91,1,Placed
23,Male,6.8,CSE,3,0,3,3,71,72,73,77,58,1,Not Placed
22,Male,6.43,IT,2,0,1,3,63,65,52,47,63,3,Not Placed
24,Male,7.0,EEE,2,2,5,1,74,73,66,59,61,1,Not Placed
23,Female,7.68,CSE,3,0,0,0,78,71,62,74,86,2,Not Placed
19,Female,7.83,IT,3,4,3,1,71,79,67,89,80,2,Placed
20,Female,7.76,EEE,1,1,1,3,66,78,58,66,67,3,Placed
20,Male,7.24,CSE,3,0,0,2,49,70,67,75,56,0,Not Placed
21,Male,6.33,ECE,2,0,2,2,64,74,63,63,67,1,Not Placed
25,Male,6.56,ECE,3,0,0,3,61,53,61,49,40,2,Not Placed
21,Female,7.13,EEE,2,1,3,1,53,40,70,68,59,2,Not Placed
20,Male,5.93,CSE,3,0,1,1,56,40,58,68,58,0,Not Placed
25,Male,6.0,CSE,3,0,2,2,60,58,73,48,44,3,Not Placed
22,Female,7.8,CSE,2,2,1,1,74,60,64,64,64,0,Not Placed
19,Male,6.15,IT,2,0,0,0,56,65,70,68,41,1,Not Placed
24,Male,6.63,CSE,1,2,3,3,73,65,83,69,72,1,Not Placed
20,Female,8.44,ECE,2,1,2,1,79,85,84,75,71,0,Placed
21,Female,6.79,ECE,2,1,0,1,59,48,71,56,61,3,Placed
21,Male,6.96,MECH,2,0,0,3,56,70,79,70,66,2,Not Placed
24,Male,7.87,MECH,2,2,2,3,72,81,77,73,70,0,Placed
19,Male,6.69,IT,2,1,0,1,57,72,60,75,68,0,Not Placed
20,Male,8.16,CSE,1,1,0,2,60,67,59,51,51,1,Not Placed
22,Male,9.41,CSE,2,0,1,2,95,95,74,73,62,1,Placed
24,Male,8.65,EEE,1,1,1,5,81,65,86,87,88,0,Placed
18,Male,8.16,IT,2,0,1,0,69,73,83,82,64,0,Not Placed
19,Male,8.9,IT,2,0,2,2,73,81,83,69,72,0,Not Placed
25,Female,5.84,EEE,1,1,1,4,58,52,44,68,57,3,Placed
22,Female,9.13,CSE,1,0,6,1,81,84,89,88,71,0,Placed
20,Male,8.13,IT,2,2,5,4,79,70,70,75,57,1,Placed
20,Female,8.47,IT,2,0,5,2,70,80,72,72,75,0,Placed
21,Female,8.32,CSE,3,3,1,2,70,92,88,78,61,1,Not Placed
22,Male,7.33,EEE,3,1,1,1,66,45,65,78,84,2,Placed
21,Female,7.28,EEE,2,0,1,2,72,75,67,62,67,0,Not Placed
22,Male,7.34,ECE,2,1,3,2,73,79,65,55,83,1,Placed
18,Female,6.79,EEE,2,2,2,1,68,90,68,81,62,1,Placed
23,Male,7.02,CSE,2,1,1,1,81,85,82,85,79,1,Placed
18,Male,6.3,IT,3,0,0,4,52,71,64,55,51,1,Not Placed
24,Female,7.38,ECE,2,0,1,1,67,65,60,54,57,2,Not Placed
18,Female,9.88,IT,2,1,3,4,88,87,90,93,72,0,Placed
19,Male,6.39,EEE,3,0,6,2,72,82,58,61,68,0,Not Placed
19,Female,7.51,ECE,2,1,6,2,61,75,66,58,70,0,Not Placed
19,Female,6.71,IT,2,0,0,4,55,51,66,48,54,0,Not Placed
20,Male,8.17,IT,3,1,2,1,69,71,62,77,65,1,Placed
22,Male,6.51,EEE,2,0,0,0,54,65,68,70,68,0,Not Placed
24,Male,7.16,CSE,3,1,0,2,57,67,57,79,61,3,Not Placed
21,Female,7.49,MECH,1,2,1,1,75,72,78,77,71,0,Placed
21,Male,6.51,CSE,2,0,1,0,73,58,62,63,80,1,Placed
20,Male,8.21,CSE,1,1,0,5,78,72,73,79,73,1,Placed
23,Male,8.33,MECH,2,0,4,2,78,77,75,77,67,2,Placed
18,Male,7.61,IT,1,2,6,5,76,88,87,73,70,0,Placed
20,Male,7.37,IT,2,2,1,0,79,95,64,61,81,0,Placed
18,Male,10.0,IT,2,4,2,4,92,85,94,95,94,0,Placed
19,Male,9.15,CSE,2,3,4,3,70,81,94,89,74,0,Placed
21,Male,7.37,ECE,3,3,5,3,71,67,78,76,56,0,Placed
19,Male,6.96,EEE,3,2,4,0,62,65,64,55,40,0,Not Placed
18,Male,7.13,CSE,2,0,2,1,60,76,76,67,73,1,Not Placed
23,Male,8.56,EEE,2,4,6,2,79,80,82,79,63,0,Placed
18,Female,8.6,CSE,1,2,3,2,85,78,86,88,78,0,Not Placed
21,Male,8.31,EEE,2,1,3,5,94,75,76,83,71,0,Placed
20,Male,7.97,EEE,1,3,1,0,64,79,82,80,79,0,Placed
24,Female,6.89,MECH,2,0,2,1,59,79,53,59,55,3,Not Placed
22,Female,7.56,MECH,1,1,1,5,79,71,84,67,79,0,Placed
18,Female,5.93,MECH,2,0,1,2,69,64,53,64,59,0,Not Placed
24,Female,6.27,CIVIL,2,0,1,1,44,49,57,68,60,3,Not Placed
20,Male,7.72,MECH,1,2,2,1,63,78,63,67,75,2,Placed
20,Male,7.94,EEE,1,4,4,4,68,73,68,66,79,1,Placed
22,Male,8.44,CSE,2,0,2,5,67,85,73,79,87,0,Placed
22,Male,7.44,EEE,1,2,3,2,81,75,83,83,71,0,Placed
20,Female,7.53,ECE,2,1,1,2,76,71,79,75,58,1,Placed
20,Female,7.11,CIVIL,3,2,1,4,59,65,66,63,60,3,Not Placed
19,Female,7.33,EEE,2,1,1,4,70,60,79,56,67,2,Not Placed
21,Female,6.44,CSE,1,0,0,0,61,71,57,51,57,4,Not Placed
25,Female,6.31,CSE,3,0,0,2,40,59,40,55,43,3,Not Placed
20,Male,8.59,CSE,2,1,6,3,78,64,78,68,78,0,Placed
28,Female,6.14,IT,2,0,0,1,63,61,67,60,53,1,Not Placed
19,Male,8.23,ECE,2,0,1,5,81,65,76,75,84,0,Placed
23,Male,9.02,CSE,3,2,3,1,68,62,89,72,85,0,Not Placed
24,Male,7.2,CSE,2,1,2,3,61,55,60,66,75,1,Not Placed
22,Female,8.12,IT,2,3,1,2,67,81,63,79,70,0,Not Placed
18,Female,6.09,MECH,2,0,0,4,70,63,67,71,50,1,Not Placed
20,Male,5.53,IT,1,0,1,1,50,63,55,57,54,2,Not Placed
18,Female,7.65,CSE,2,4,2,3,68,73,63,65,74,0,Placed
21,Male,6.36,ECE,3,2,0,1,66,70,63,68,51,1,Not Placed
28,Female,7.5,CSE,2,0,2,1,55,73,68,65,54,2,Placed
20,Male,9.22,ECE,1,2,3,1,95,95,74,92,95,0,Placed
19,Male,5.14,MECH,2,0,0,1,62,46,55,65,69,4,Not Placed
19,Male,7.56,CSE,3,1,3,0,62,95,73,64,76,0,Placed
21,Female,6.46,MECH,1,2,2,1,66,78,70,60,60,0,Placed
21,Female,8.25,ECE,2,0,2,3,89,67,92,82,64,0,Placed
19,Male,8.48,CSE,1,1,2,4,66,71,71,71,75,2,Not Placed
22,Male,8.13,CSE,3,0,2,4,65,79,62,78,62,0,Not Placed
18,Male,5.97,CSE,2,0,3,0,52,81,70,47,80,1,Not Placed
21,Female,6.07,CSE,2,0,4,2,66,68,55,58,74,3,Not Placed
20,Male,8.2,IT,2,2,5,4,90,95,84,84,68,0,Placed
19,Female,9.16,MECH,2,2,3,1,82,95,88,77,85,0,Placed
21,Male,8.43,CSE,3,0,3,1,77,77,79,74,64,1,Placed
22,Male,7.56,CIVIL,3,1,0,0,63,67,66,52,62,2,Not Placed
20,Female,8.7,ECE,2,2,1,1,67,55,71,82,79,1,Placed
23,Female,9.46,ECE,2,2,2,6,88,76,95,81,88,0,Placed
21,Male,8.06,ECE,2,1,2,2,69,77,69,68,67,0,Placed
20,Male,9.03,MECH,2,2,6,6,84,73,95,82,85,0,Placed
25,Male,6.29,CIVIL,2,0,1,2,55,62,68,61,68,2,Placed
25,Male,6.52,CSE,1,2,2,2,65,76,69,65,56,1,Not Placed
18,Male,8.13,IT,1,0,4,0,77,71,70,76,69,1,Placed
25,Female,7.11,CSE,2,2,2,3,73,77,80,74,70,0,Not Placed
22,Male,6.38,CSE,2,0,1,1,76,60,60,59,62,0,Not Placed
18,Male,6.43,CSE,1,0,1,1,54,67,55,55,76,2,Placed
21,Male,8.5,EEE,3,2,4,2,90,89,80,76,72,0,Placed
18,Male,9.21,CSE,2,1,2,3,83,58,69,90,74,0,Not Placed
21,Male,8.87,MECH,1,0,3,1,82,85,87,81,73,0,Placed
25,Female,8.85,EEE,2,3,3,1,95,74,82,79,84,0,Not Placed
20,Male,6.59,IT,3,1,2,3,72,83,83,60,53,1,Not Placed
21,Female,7.45,IT,3,0,0,1,57,71,66,60,63,1,Not Placed
19,Male,8.73,ECE,2,0,3,0,83,67,86,69,82,0,Not Placed
21,Male,7.87,CSE,2,0,0,2,84,70,85,63,79,0,Placed
23,Male,7.2,IT,2,1,1,3,62,58,60,55,64,2,Placed
19,Female,5.97,CSE,2,0,0,1,63,63,66,51,55,2,Not Placed
21,Male,7.6,CSE,2,2,2,3,71,68,86,71,68,0,Placed
20,Female,7.22,ECE,1,1,2,2,66,70,65,69,67,0,Placed
22,Male,7.2,CSE,3,0,4,3,62,68,71,74,66,4,Placed
22,Female,8.74,IT,2,1,4,4,73,68,88,70,75,0,Placed
22,Male,8.42,EEE,2,2,0,2,79,82,75,86,66,0,Placed
20,Male,9.22,ECE,2,1,4,2,87,95,80,89,77,0,Placed
21,Female,6.01,IT,2,0,0,1,44,54,44,50,40,1,Not Placed
22,Male,7.67,CSE,3,1,1,2,67,68,60,68,71,0,Not Placed
22,Male,7.96,CSE,1,1,3,4,86,78,71,75,67,2,Placed
21,Female,6.35,IT,1,0,1,1,46,63,43,57,57,1,Not Placed
23,Female,6.82,IT,2,0,3,1,56,63,70,67,64,0,Not Placed
19,Female,6.77,EEE,2,0,2,0,48,54,56,50,62,1,Not Placed
18,Male,7.77,CSE,1,2,1,6,64,61,82,61,62,2,Not Placed
26,Male,9.03,MECH,1,3,1,2,84,77,95,81,91,0,Placed
18,Male,9.47,CSE,3,2,3,3,94,95,87,86,69,0,Placed
24,Male,6.37,IT,3,1,2,1,59,62,64,63,71,1,Not Placed
21,Male,8.65,MECH,2,1,3,0,78,66,76,68,72,0,Placed
24,Male,7.45,MECH,3,1,3,2,66,66,69,80,65,0,Not Placed
21,Male,8.07,ECE,3,0,0,2,65,71,60,69,80,2,Not Placed
23,Male,7.62,CSE,3,0,1,2,62,74,65,82,80,0,Not Placed
22,Male,8.31,ECE,2,1,0,2,76,68,56,66,64,0,Placed
21,Male,9.46,EEE,1,2,2,2,81,95,77,90,95,0,Placed
20,Male,8.49,CSE,2,0,6,2,94,94,90,77,75,1,Placed
18,Male,7.32,CSE,3,1,0,0,72,61,57,56,52,2,Not Placed
19,Female,8.12,IT,3,3,1,3,81,71,77,66,70,2,Not Placed
25,Male,8.74,EEE,1,3,4,4,65,74,89,73,62,1,Placed
19,Male,7.42,ECE,3,0,2,2,70,75,68,61,61,1,Not Placed
22,Female,8.72,CSE,1,2,2,3,80,72,78,73,62,1,Placed
21,Male,7.2,MECH,2,1,4,4,71,66,68,66,78,0,Not Placed
20,Male,7.69,MECH,3,3,2,4,55,59,83,74,68,1,Placed
28,Female,7.58,ECE,2,0,1,1,62,69,74,72,67,0,Placed
18,Female,6.12,CSE,2,0,1,1,40,50,56,51,40,5,Not Placed
21,Female,7.09,CSE,1,2,2,4,66,69,74,59,62,1,Not Placed
21,Female,8.44,ECE,3,1,1,2,64,56,63,76,47,0,Not Placed
18,Female,5.74,EEE,1,1,0,1,59,64,56,68,49,0,Not Placed
19,Male,8.91,IT,2,1,2,2,77,77,85,87,71,0,Not Placed
22,Male,8.1,IT,1,2,2,2,74,85,72,58,80,1,Placed
18,Male,7.74,MECH,1,2,0,2,69,60,69,66,62,0,Placed
23,Male,6.73,IT,2,1,3,1,58,78,70,59,74,1,Not Placed
21,Female,7.89,MECH,1,4,1,1,75,77,73,63,58,0,Placed
18,Male,8.11,ECE,1,2,3,3,86,71,82,76,69,0,Placed
20,Female,7.69,ECE,1,0,1,2,53,65,68,60,64,2,Not Placed
19,Male,7.18,CSE,3,2,2,1,63,81,58,69,66,0,Not Placed
23,Male,8.21,CSE,1,0,3,4,76,82,66,66,71,1,Not Placed
21,Female,5.43,CIVIL,2,0,1,1,56,56,45,50,53,2,Not Placed
18,Male,7.05,EEE,2,2,4,1,64,65,56,73,63,1,Placed
21,Male,6.41,IT,3,0,1,1,75,53,58,57,45,0,Not Placed
21,Male,7.72,ECE,2,1,1,4,76,66,80,65,47,0,Placed
22,Male,6.71,CSE,1,1,2,2,51,68,68,64,82,2,Not Placed
18,Male,7.23,EEE,1,1,2,0,71,65,75,62,81,1,Placed
18,Female,8.75,CSE,1,1,3,4,87,64,89,90,90,0,Placed
20,Female,7.36,IT,2,1,1,0,59,82,68,57,68,3,Not Placed
22,Female,7.77,IT,2,2,0,1,70,77,76,57,69,1,Not Placed
22,Female,9.31,ECE,3,3,5,0,92,95,90,95,88,0,Placed
19,Female,6.62,IT,3,0,2,1,60,64,70,58,56,5,Not Placed
19,Male,9.35,CIVIL,3,2,2,3,94,87,76,81,79,0,Placed
22,Female,7.17,EEE,1,2,3,3,61,70,75,53,76,2,Placed
18,Female,9.14,CIVIL,2,2,4,2,86,86,94,95,89,0,Placed
21,Male,8.11,ECE,1,1,4,3,75,77,67,77,74,0,Placed
20,Male,6.93,IT,3,1,1,3,64,75,70,60,65,0,Not Placed
19,Female,8.46,CIVIL,2,2,1,2,57,74,68,63,78,3,Not Placed
21,Female,7.23,CSE,2,0,3,2,64,71,63,60,56,2,Not Placed
19,Female,7.66,CIVIL,2,1,2,4,64,68,70,59,71,3,Not Placed
21,Male,8.48,CSE,2,1,1,2,66,79,86,69,92,1,Placed
19,Female,8.51,MECH,2,1,5,2,68,78,79,75,70,0,Placed
20,Male,7.78,EEE,3,0,4,2,62,69,65,61,64,3,Not Placed
21,Female,7.45,ECE,2,0,1,2,66,81,53,67,55,3,Not Placed
18,Female,8.04,EEE,3,2,0,5,85,86,70,78,79,1,Placed
21,Female,8.33,CSE,2,0,3,4,78,69,91,76,68,0,Placed
22,Other,6.0,IT,1,0,2,1,71,77,55,55,48,1,Not Placed
25,Male,6.71,IT,2,1,2,2,64,52,54,65,59,1,Not Placed
19,Female,8.17,CIVIL,1,3,4,1,74,80,72,62,67,1,Not Placed
19,Female,9.19,IT,2,1,2,8,69,77,82,82,74,0,Placed
20,Male,8.84,CSE,1,1,3,3,76,73,69,82,76,1,Placed
24,Male,6.12,CSE,3,0,2,2,59,45,60,58,59,0,Not Placed
20,Female,7.54,MECH,2,0,0,0,65,63,63,58,70,1,Not Placed
20,Male,7.07,MECH,1,1,3,2,51,70,68,49,66,1,Not Placed
22,Male,6.15,CIVIL,2,3,0,2,61,61,60,72,76,1,Not Placed
18,Female,9.1,CSE,3,2,2,2,93,77,86,90,77,0,Placed
21,Male,7.26,EEE,1,0,0,1,54,60,49,53,60,2,Not Placed
20,Male,5.9,IT,2,0,0,1,56,50,61,46,40,0,Not Placed
21,Female,5.49,EEE,3,1,1,1,67,76,54,58,62,2,Placed
22,Male,7.35,MECH,1,0,2,1,73,67,69,63,67,2,Placed
20,Female,7.15,CSE,3,2,5,2,76,73,75,74,59,1,Placed
21,Male,7.58,ECE,3,1,2,2,68,81,81,73,67,1,Not Placed
21,Female,7.95,IT,2,1,5,8,87,63,75,80,74,0,Placed
19,Male,6.38,IT,2,0,2,2,46,53,53,48,57,2,Not Placed
24,Female,8.96,CSE,3,3,3,5,85,94,76,79,76,0,Placed
22,Female,7.39,IT,1,0,3,3,72,75,61,62,62,0,Placed
24,Female,8.77,CSE,2,1,4,2,80,88,75,64,65,0,Placed
22,Male,6.03,CSE,1,0,5,3,57,69,51,65,66,1,Not Placed
19,Male,7.54,ECE,2,1,2,3,60,76,68,64,89,1,Placed
20,Male,8.81,ECE,2,4,2,3,81,74,73,58,68,0,Placed
20,Male,8.83,CIVIL,3,2,1,2,84,82,85,82,76,0,Placed
18,Male,6.36,IT,1,0,1,2,44,71,63,62,59,1,Not Placed
20,Female,7.14,ECE,2,1,3,0,66,79,81,64,55,0,Not Placed
20,Male,6.32,CIVIL,2,1,1,1,57,65,60,57,49,4,Not Placed
18,Male,7.45,IT,2,0,1,4,79,71,75,76,76,3,Placed
23,Male,9.04,EEE,3,2,4,1,63,81,73,93,81,1,Placed
19,Female,7.88,CIVIL,1,0,4,2,82,68,85,79,76,0,Not Placed
21,Female,7.48,EEE,1,2,2,0,64,58,66,58,65,0,Placed
23,Male,8.63,CSE,2,2,3,3,71,69,88,73,71,1,Placed
21,Male,7.92,CSE,3,1,5,3,87,77,85,79,83,0,Placed
19,Male,6.59,CSE,2,1,3,0,52,64,50,42,50,1,Not Placed
21,Female,7.92,EEE,3,4,3,3,78,73,80,70,70,1,Placed
22,Female,7.7,ECE,2,0,4,1,72,79,74,63,95,0,Placed
23,Male,7.45,CSE,3,0,3,2,69,75,61,74,67,0,Placed
20,Male,6.0,IT,2,2,0,1,60,74,59,43,54,1,Not Placed
18,Female,8.25,IT,3,1,0,6,73,86,63,78,80,1,Placed
21,Female,6.17,EEE,3,0,0,0,52,58,63,49,46,2,Not Placed
19,Male,6.9,CSE,2,2,4,2,58,82,66,61,54,4,Not Placed
23,Male,6.87,CSE,1,2,0,3,61,69,72,62,59,1,Not Placed
22,Male,8.54,ECE,3,4,3,2,71,74,87,69,88,0,Placed
22,Female,7.1,CSE,2,2,4,3,62,71,72,78,59,0,Not Placed
26,Male,7.01,ECE,2,0,3,1,65,60,63,65,64,0,Not Placed
21,Female,7.41,IT,2,1,0,4,72,50,69,73,65,0,Placed
24,Female,8.43,ECE,2,0,2,1,84,75,88,81,85,1,Not Placed
22,Female,9.19,MECH,2,4,4,1,87,83,83,88,80,0,Placed
19,Other,5.77,CSE,2,1,0,2,44,50,57,50,46,0,Not Placed
23,Male,8.64,CSE,2,2,1,5,64,79,84,65,74,0,Placed
22,Female,6.96,MECH,3,0,3,4,65,53,61,62,52,2,Not Placed
26,Female,8.14,EEE,2,1,5,3,64,85,83,71,73,0,Placed
19,Female,5.91,CSE,2,1,1,4,66,61,63,61,59,1,Not Placed
20,Male,6.04,EEE,2,1,2,2,52,70,62,57,63,1,Not Placed
23,Male,6.65,IT,2,0,2,2,64,62,60,45,64,0,Placed
18,Female,7.49,ECE,1,2,2,3,77,63,65,66,49,1,Not Placed
21,Male,7.85,EEE,2,2,1,2,72,43,69,72,58,1,Not Placed
21,Female,8.01,CSE,3,3,1,1,74,82,72,67,62,1,Not Placed
19,Male,7.66,ECE,1,0,3,3,62,71,76,70,71,1,Placed
19,Male,5.78,IT,2,1,1,1,57,64,59,59,62,2,Not Placed
23,Female,8.91,ECE,2,0,3,1,80,70,67,78,73,0,Placed
18,Female,7.35,IT,3,2,0,2,82,62,74,69,54,0,Not Placed
22,Female,8.69,CIVIL,2,2,0,3,79,87,77,79,81,0,Placed
22,Male,6.53,ECE,3,0,3,2,80,68,58,64,72,1,Not Placed
22,Male,6.21,MECH,2,0,0,2,44,53,49,51,61,3,Not Placed
20,Male,8.51,CSE,3,1,1,1,71,63,62,52,76,0,Placed
18,Female,8.17,IT,2,1,0,1,79,83,84,73,67,0,Placed
23,Male,7.09,EEE,2,1,0,3,68,65,88,65,65,1,Not Placed
19,Male,6.89,CSE,2,0,2,1,57,68,67,63,81,0,Not Placed
20,Male,6.55,CIVIL,2,1,1,0,65,70,54,66,53,0,Placed
25,Female,8.82,ECE,1,2,6,3,95,71,83,85,82,0,Placed
20,Female,6.05,MECH,3,2,0,1,60,70,50,59,45,2,Not Placed
19,Male,6.82,CSE,2,0,3,2,66,75,56,59,55,1,Not Placed
26,Female,8.79,IT,2,1,3,1,68,69,83,66,60,1,Placed
18,Male,5.75,IT,1,0,0,3,42,58,52,53,43,2,Not Placed
19,Male,8.6,CIVIL,2,2,2,2,86,67,89,82,80,1,Placed
20,Male,8.23,CSE,1,3,0,3,76,75,77,80,78,1,Not Placed
23,Female,8.63,EEE,1,3,4,2,87,87,70,70,83,0,Placed
24,Male,8.69,ECE,2,1,5,3,77,71,65,84,68,1,Not Placed
22,Male,7.48,MECH,1,2,1,3,53,64,76,74,64,4,Not Placed
26,Female,6.54,CIVIL,2,0,1,0,55,69,55,49,57,0,Not Placed
18,Female,6.88,MECH,2,0,3,4,75,68,63,68,78,0,Not Placed
21,Female,6.99,CSE,2,1,1,2,53,51,55,63,71,0,Not Placed
18,Female,7.52,MECH,2,1,1,3,73,68,77,81,76,1,Not Placed
24,Female,7.79,ECE,2,2,4,3,70,80,78,74,74,0,Placed
25,Male,8.93,ECE,2,2,2,3,90,77,82,91,79,0,Placed
20,Female,8.61,CSE,3,3,2,4,71,66,78,68,71,0,Placed
23,Male,8.7,MECH,2,1,3,2,78,85,71,80,64,1,Not Placed
21,Male,7.21,IT,2,1,2,4,66,64,65,69,66,2,Not Placed
18,Female,6.58,MECH,3,2,0,1,66,58,65,68,48,0,Not Placed
21,Male,8.69,IT,1,0,5,1,67,81,76,77,69,0,Placed
26,Male,7.12,ECE,2,1,1,0,72,72,71,60,61,1,Not Placed
20,Male,7.6,CSE,1,1,4,4,74,76,60,65,62,1,Not Placed
18,Female,6.82,CSE,2,0,1,1,60,70,63,54,56,1,Not Placed
26,Female,6.48,CIVIL,2,1,1,1,64,76,59,53,75,1,Not Placed
20,Male,7.7,EEE,3,2,1,1,75,78,72,68,65,0,Not Placed
20,Male,7.97,CSE,1,0,1,1,81,72,70,82,77,1,Placed
22,Female,6.28,ECE,1,0,1,1,55,64,51,52,65,0,Not Placed
21,Female,7.54,EEE,1,0,2,2,84,65,76,75,55,0,Not Placed
20,Male,6.4,ECE,3,0,3,2,46,68,60,66,70,1,Not Placed
18,Male,8.0,IT,1,1,2,0,71,63,67,66,61,0,Not Placed
23,Female,9.11,MECH,2,1,3,0,80,76,78,88,70,0,Placed
21,Male,7.82,CSE,1,2,1,6,91,81,70,65,77,0,Placed
22,Female,8.66,ECE,1,0,6,2,77,54,63,70,77,1,Placed
23,Male,9.37,IT,3,4,3,0,93,74,85,94,93,0,Placed
18,Female,6.7,ECE,2,0,0,2,50,73,61,60,53,0,Not Placed
23,Female,6.0,CSE,2,0,1,3,52,52,63,60,50,1,Not Placed
22,Female,7.02,CSE,3,1,0,1,61,76,56,52,57,4,Not Placed
25,Female,8.2,CIVIL,3,1,2,3,72,61,74,57,72,1,Not Placed
19,Male,5.39,MECH,3,0,1,1,43,53,66,48,46,1,Not Placed
20,Male,7.81,MECH,1,0,5,7,75,65,70,75,43,0,Not Placed
22,Male,6.9,EEE,1,1,3,1,64,60,52,55,60,2,Placed
24,Female,8.67,CSE,3,0,3,3,92,51,72,78,71,0,Not Placed
28,Female,7.74,ECE,2,2,2,1,69,74,59,77,62,2,Not Placed
20,Male,5.76,IT,2,0,1,1,71,72,50,57,67,2,Placed
21,Female,7.67,IT,2,0,1,3,78,77,78,78,74,0,Placed
19,Male,8.22,CSE,2,1,2,5,77,87,76,85,75,0,Placed
22,Male,7.35,CSE,2,0,2,0,57,66,67,67,56,4,Not Placed
23,Male,6.98,CSE,1,1,5,0,66,69,81,59,57,0,Not Placed
23,Female,5.51,CSE,1,1,1,2,40,50,44,45,40,1,Not Placed
20,Male,6.22,EEE,2,0,3,5,57,62,63,64,61,2,Not Placed
26,Male,7.61,CIVIL,3,0,2,2,52,63,58,69,70,0,Not Placed
19,Female,8.32,IT,2,3,3,2,75,71,69,60,72,1,Placed
21,Male,6.31,CSE,3,1,2,2,56,51,76,64,56,0,Placed
21,Male,6.28,CSE,2,0,4,3,70,67,60,57,62,0,Not Placed
21,Male,5.49,EEE,3,0,1,3,62,51,59,45,54,2,Placed
22,Male,7.96,IT,3,2,4,1,77,61,84,62,71,0,Not Placed
21,Male,7.95,ECE,2,1,5,2,68,72,74,76,72,0,Not Placed
18,Male,7.47,CSE,2,0,3,1,83,76,72,63,76,0,Placed
19,Female,7.65,EEE,2,1,1,2,73,73,73,69,77,0,Not Placed
21,Female,5.5,ECE,1,0,2,1,44,49,68,50,53,1,Not Placed
22,Female,7.34,CSE,1,0,2,1,61,78,67,55,56,1,Not Placed
21,Male,6.94,CIVIL,2,0,0,3,66,63,71,68,43,1,Placed
20,Male,6.6,ECE,3,1,1,1,66,66,66,56,71,1,Placed
18,Male,7.38,CSE,2,0,3,2,84,68,66,73,59,1,Placed
23,Male,8.58,ECE,2,3,4,4,77,75,85,83,77,0,Placed
21,Female,8.41,IT,3,0,2,0,76,71,70,67,72,0,Placed
21,Male,7.19,MECH,2,0,2,1,56,79,59,65,40,0,Placed
21,Female,8.67,IT,3,1,1,5,73,90,73,68,81,1,Placed
19,Female,8.16,MECH,1,1,0,1,88,76,84,83,82,1,Placed
19,Male,6.68,EEE,2,0,2,0,61,65,58,68,62,2,Not Placed
18,Female,7.98,ECE,1,0,1,2,83,80,85,68,63,0,Placed
22,Male,6.47,CSE,1,3,1,2,72,81,68,66,65,1,Placed
19,Female,6.22,CSE,2,2,0,3,57,40,56,51,60,0,Not Placed
20,Female,7.48,MECH,2,0,2,4,80,68,82,78,66,0,Not Placed
28,Male,8.3,ECE,1,2,4,1,75,62,67,63,84,0,Placed
20,Male,7.19,CIVIL,3,1,2,1,68,53,71,72,66,1,Placed
21,Male,7.84,ECE,2,1,0,4,66,70,63,73,79,2,Placed
20,Female,6.61,ECE,2,1,3,2,62,72,77,73,53,1,Placed
20,Male,7.71,CIVIL,2,4,2,4,78,75,71,79,82,0,Placed
18,Female,7.76,EEE,1,1,2,2,64,62,78,63,73,2,Placed
23,Male,7.79,IT,2,3,3,0,71,80,66,81,63,1,Placed
21,Female,7.98,MECH,1,2,4,2,69,56,78,80,71,1,Placed
22,Male,6.41,CSE,3,1,1,3,55,59,69,53,64,1,Placed
25,Female,7.09,ECE,2,0,0,1,60,54,65,56,49,1,Not Placed
18,Female,5.83,CSE,1,0,1,1,55,45,53,49,40,1,Not Placed
22,Male,6.92,CIVIL,2,3,1,1,76,87,68,81,59,1,Placed
18,Male,6.28,CIVIL,1,0,2,2,63,63,48,54,54,1,Not Placed
20,Female,8.13,MECH,3,1,3,2,76,69,72,63,66,1,Not Placed
23,Female,7.32,IT,2,2,4,3,82,93,82,67,66,1,Placed
18,Female,7.2,EEE,2,2,2,4,71,80,70,77,60,1,Not Placed
27,Male,6.35,CSE,2,1,1,0,54,64,55,47,67,1,Not Placed
21,Female,7.7,IT,2,0,3,2,73,60,72,68,73,3,Not Placed
20,Female,8.77,MECH,3,3,3,3,90,80,78,79,86,0,Placed
18,Female,9.69,CSE,2,0,3,3,91,90,87,95,79,0,Placed
21,Male,9.31,CSE,2,2,0,2,78,89,81,68,88,0,Placed
21,Male,6.84,ECE,1,0,4,2,87,81,69,64,74,0,Placed
19,Other,6.4,EEE,3,1,2,1,64,73,49,45,48,3,Not Placed
21,Female,7.01,IT,2,3,1,2,81,72,79,81,80,0,Placed
18,Female,7.69,ECE,2,1,2,2,58,63,67,60,59,1,Placed
28,Female,7.66,MECH,2,0,1,2,70,74,72,88,56,0,Placed
20,Male,6.69,CSE,1,2,3,3,51,64,67,64,77,5,Not Placed
21,Female,7.92,MECH,2,2,1,1,61,61,69,54,62,0,Placed
23,Female,6.98,ECE,3,0,3,0,77,78,63,67,58,1,Placed
22,Female,6.93,IT,2,1,4,1,65,64,71,67,72,2,Not Placed
24,Female,6.81,CSE,2,3,0,3,75,86,71,61,75,1,Placed
25,Male,7.61,IT,2,1,3,4,58,74,75,71,58,2,Not Placed
19,Male,6.81,EEE,2,0,1,1,57,58,56,53,41,2,Not Placed
20,Female,8.82,ECE,1,2,2,2,80,67,93,92,74,0,Placed
22,Female,9.1,CSE,2,3,4,4,95,95,95,77,92,0,Placed
18,Male,8.32,CSE,1,2,6,0,66,72,75,74,81,1,Placed
22,Female,7.69,MECH,2,0,1,4,52,61,45,60,81,2,Not Placed
18,Male,6.69,IT,2,0,1,0,51,51,69,54,44,0,Not Placed
24,Male,7.36,CSE,1,1,1,2,65,70,61,75,71,0,Placed
22,Female,9.33,CIVIL,2,2,3,3,81,76,82,82,73,0,Placed
21,Female,5.84,CSE,1,0,0,1,53,68,63,51,58,1,Placed
20,Female,7.2,EEE,3,0,1,0,59,49,64,62,51,1,Not Placed
27,Female,6.36,CSE,2,0,4,2,67,64,81,65,73,1,Placed
22,Male,8.13,CSE,1,2,0,0,63,79,91,76,72,0,Not Placed
23,Male,6.55,IT,1,1,2,1,60,54,72,62,68,2,Placed
23,Female,6.72,MECH,2,0,1,1,53,65,40,66,40,2,Not Placed
18,Male,7.57,EEE,2,0,4,4,71,73,75,64,77,2,Placed
18,Female,8.9,IT,2,1,3,0,74,73,69,72,61,0,Placed
19,Male,7.37,EEE,3,4,1,2,62,64,71,58,68,0,Placed
22,Male,7.93,MECH,1,0,1,0,78,70,78,71,88,0,Placed
21,Male,7.33,ECE,2,0,1,0,54,66,68,72,48,1,Not Placed
20,Female,6.71,ECE,1,2,2,1,53,84,48,66,58,1,Not Placed
26,Female,8.1,ECE,2,1,1,4,73,86,73,78,73,0,Placed
18,Male,7.44,CSE,2,1,2,2,79,80,70,69,70,1,Not Placed
22,Male,8.2,MECH,3,4,3,2,84,59,73,71,58,0,Placed
21,Male,7.9,EEE,2,2,2,2,90,90,85,91,77,0,Placed
20,Female,7.39,MECH,2,1,3,0,55,62,59,65,63,3,Placed
18,Male,7.07,MECH,1,0,2,2,67,63,58,53,66,1,Placed
22,Female,7.47,EEE,3,2,2,4,70,74,63,73,60,0,Not Placed
22,Female,7.13,EEE,1,0,2,3,60,85,59,62,50,1,Placed
20,Male,7.91,CIVIL,2,0,1,5,82,75,77,64,74,0,Not Placed
21,Female,7.24,ECE,3,3,4,3,55,53,78,64,67,2,Placed
21,Female,6.04,MECH,1,0,0,1,64,74,60,66,69,0,Placed
20,Male,7.75,MECH,2,0,0,1,73,67,60,70,74,3,Not Placed
21,Male,7.61,CSE,1,1,3,4,64,62,89,61,84,0,Placed
20,Male,8.43,ECE,3,2,2,1,73,61,78,83,71,1,Not Placed
24,Female,8.6,EEE,2,0,1,3,68,67,80,73,68,0,Placed
22,Female,7.51,CSE,2,0,0,2,79,74,71,76,68,1,Placed
18,Female,7.72,ECE,2,0,4,1,73,62,73,60,61,0,Placed
23,Female,6.5,CSE,2,2,0,2,59,57,63,58,75,0,Not Placed
20,Female,7.13,CSE,2,0,2,2,65,61,72,65,70,3,Not Placed
25,Male,7.75,IT,2,0,1,3,67,72,70,71,68,0,Not Placed
21,Male,7.21,IT,3,1,2,1,57,67,57,70,75,0,Not Placed
18,Female,8.94,EEE,2,1,4,0,91,84,84,84,76,0,Placed
22,Female,8.42,ECE,1,1,3,3,84,85,89,85,70,0,Placed
19,Male,9.32,CSE,2,0,0,0,74,77,66,56,86,0,Not Placed
24,Male,7.86,CSE,1,1,2,2,84,74,75,67,75,0,Placed
25,Male,7.57,CSE,2,0,0,2,65,65,65,66,76,0,Not Placed
22,Male,5.8,ECE,3,1,0,1,48,67,61,65,59,2,Not Placed
21,Female,7.75,EEE,2,1,3,4,69,71,70,63,67,1,Not Placed
21,Female,7.53,ECE,1,0,5,4,77,69,73,70,75,1,Not Placed
20,Female,7.93,CSE,3,1,2,3,76,63,60,76,66,1,Placed
18,Male,8.37,IT,2,0,4,1,77,53,72,64,74,0,Placed
24,Female,8.28,CIVIL,1,0,1,0,71,69,95,74,92,0,Placed
20,Male,6.54,MECH,2,1,0,0,51,61,47,57,65,0,Not Placed
20,Male,5.72,EEE,1,0,2,2,61,72,56,58,47,3,Not Placed
19,Female,8.61,CSE,1,2,1,2,76,82,89,73,77,0,Placed
28,Female,7.85,CSE,1,2,6,3,72,72,81,68,70,0,Placed
25,Female,6.58,IT,2,2,1,3,63,66,67,73,62,3,Not Placed
20,Male,8.13,IT,2,2,3,2,74,52,53,63,63,0,Placed
19,Male,7.9,ECE,2,0,2,2,74,65,79,55,71,0,Placed
23,Female,6.61,CSE,2,1,2,6,57,64,69,67,59,0,Placed
20,Female,8.0,CIVIL,3,0,1,1,80,64,76,68,70,0,Placed
26,Male,9.37,EEE,3,1,2,0,93,80,85,94,89,0,Placed
24,Male,7.85,CIVIL,1,0,1,2,66,64,76,79,92,2,Placed
22,Male,7.7,MECH,1,2,0,1,75,75,71,81,75,0,Placed
18,Male,5.71,IT,2,0,0,1,48,74,48,58,44,3,Not Placed
22,Male,7.55,ECE,1,0,3,1,58,56,71,61,52,2,Not Placed
27,Female,9.02,MECH,2,0,4,3,83,73,84,92,84,0,Placed
20,Male,8.62,CSE,1,1,4,4,76,83,73,72,86,1,Placed
24,Female,5.0,CSE,2,0,0,0,40,40,40,40,40,2,Not Placed
20,Female,7.38,IT,2,2,2,1,74,74,90,75,78,0,Not Placed
26,Male,9.69,IT,3,1,2,3,95,95,88,87,73,0,Placed
22,Male,6.17,ECE,2,0,0,1,52,65,45,49,50,3,Not Placed
18,Female,9.18,CSE,2,0,2,1,82,78,87,81,91,0,Placed
21,Female,5.0,IT,2,0,2,3,48,40,45,40,44,2,Not Placed
18,Female,7.81,ECE,2,2,2,3,70,70,81,67,70,0,Placed
20,Male,7.76,MECH,1,0,0,2,60,71,66,60,93,1,Not Placed
24,Female,5.0,CSE,3,0,0,5,46,63,58,45,66,4,Not Placed
19,Female,7.75,EEE,2,0,3,2,58,85,80,81,70,0,Not Placed
25,Male,9.99,CIVIL,2,4,5,5,77,63,78,70,78,0,Placed
18,Male,8.89,IT,1,0,2,4,75,85,62,86,66,0,Placed
22,Female,8.42,ECE,1,2,2,3,83,64,79,66,76,0,Placed
26,Male,6.8,CSE,2,0,0,1,63,74,67,72,51,0,Placed
22,Male,5.46,EEE,2,0,1,0,58,59,44,54,59,2,Placed
24,Other,8.48,MECH,2,2,3,1,66,82,74,69,52,0,Placed
28,Male,9.82,CSE,3,1,6,0,87,89,81,77,89,0,Placed
22,Female,8.26,MECH,3,3,1,2,86,79,84,81,79,0,Placed
23,Female,5.48,CSE,2,0,2,1,58,63,43,53,40,2,Not Placed
18,Female,6.18,MECH,2,0,1,1,49,46,63,66,66,1,Not Placed
20,Male,6.04,ECE,2,0,1,0,67,67,71,70,55,2,Not Placed
20,Male,5.39,IT,2,0,2,1,64,70,50,58,65,5,Not Placed
23,Female,6.95,CIVIL,1,2,3,4,63,79,69,71,49,0,Placed
22,Female,8.13,ECE,3,0,1,1,77,74,71,72,59,1,Placed
21,Male,6.35,CSE,2,0,2,0,49,47,53,45,47,2,Not Placed
25,Male,8.77,EEE,3,1,5,0,75,76,86,64,73,0,Placed
18,Male,7.17,CSE,2,2,1,4,84,86,73,76,74,0,Not Placed
25,Male,6.25,CIVIL,1,1,0,2,55,60,63,73,65,2,Not Placed
18,Female,7.57,CSE,1,0,2,0,69,68,65,67,52,0,Placed
20,Female,5.31,IT,1,0,0,2,42,55,42,40,43,4,Not Placed
21,Male,6.8,ECE,2,0,2,2,82,48,70,77,58,3,Not Placed
20,Female,8.01,ECE,1,1,1,0,66,74,83,73,52,1,Placed
22,Female,7.38,ECE,3,1,1,4,71,78,73,67,66,1,Placed
22,Female,7.62,IT,2,1,3,1,78,69,67,83,59,0,Placed
23,Female,7.59,EEE,2,1,1,0,67,77,71,60,64,0,Placed
19,Male,7.17,CSE,2,3,1,1,62,63,71,61,64,1,Not Placed
19,Female,8.1,EEE,3,0,0,2,75,79,78,65,71,0,Placed
18,Male,7.8,CSE,1,1,1,3,85,78,77,73,72,0,Placed
21,Male,7.32,MECH,2,2,1,0,63,68,71,70,65,3,Placed
19,Female,8.37,EEE,2,2,1,2,70,85,61,70,69,1,Placed
20,Male,8.4,EEE,3,1,2,2,68,48,62,63,67,1,Not Placed
23,Female,6.24,CSE,3,0,2,1,67,58,69,71,40,3,Not Placed
25,Male,8.14,MECH,3,2,2,1,72,76,70,57,65,0,Not Placed
23,Male,6.91,EEE,2,1,3,1,57,67,56,77,69,2,Not Placed
18,Female,7.8,CIVIL,3,0,2,1,62,64,72,72,54,1,Placed
21,Male,7.13,CSE,2,1,6,4,63,69,68,51,77,2,Not Placed
19,Male,7.6,EEE,2,0,0,2,69,69,70,69,65,0,Placed
20,Male,7.56,ECE,3,0,1,3,65,68,67,64,67,2,Not Placed
20,Female,8.3,CIVIL,1,1,0,5,62,71,72,56,68,1,Placed
25,Female,5.36,IT,3,0,2,2,51,72,44,49,58,2,Not Placed
21,Male,6.97,CSE,2,0,2,1,74,70,79,71,78,0,Placed
19,Female,8.74,MECH,3,2,6,1,75,78,73,70,75,1,Placed
22,Female,8.24,IT,2,0,1,2,70,74,85,77,67,0,Placed
25,Male,6.79,EEE,1,0,0,2,48,65,71,55,58,2,Placed
18,Male,9.3,IT,3,4,3,2,84,89,89,82,94,0,Placed
23,Female,6.46,CIVIL,1,0,3,3,58,82,70,68,71,0,Placed
19,Male,6.9,ECE,1,0,2,0,50,51,68,63,70,0,Not Placed
19,Female,6.57,IT,1,0,1,1,57,62,54,64,53,4,Not Placed
24,Male,6.48,MECH,3,0,2,1,42,57,55,53,46,1,Not Placed
18,Female,9.31,CSE,3,2,4,4,95,90,78,82,83,0,Not Placed
22,Male,9.2,CSE,2,2,6,1,79,68,77,90,80,0,Placed
18,Female,8.14,MECH,2,1,3,1,71,90,75,72,80,0,Not Placed
21,Female,7.5,IT,2,0,0,2,74,57,54,72,66,2,Not Placed
21,Male,9.42,CSE,1,1,4,4,93,80,91,76,79,0,Placed
23,Male,6.92,ECE,1,1,1,0,65,68,65,57,83,1,Not Placed
23,Female,6.85,CSE,3,1,1,1,61,72,71,78,68,2,Not Placed
22,Male,8.45,CIVIL,1,0,3,3,81,87,83,75,81,0,Placed
20,Male,8.39,MECH,1,0,2,5,83,68,73,69,49,0,Not Placed
19,Female,8.82,MECH,1,1,1,7,88,75,95,80,81,0,Placed
21,Male,7.8,MECH,3,1,3,3,74,57,71,76,51,1,Not Placed
21,Male,6.73,MECH,2,0,3,0,67,62,70,70,47,2,Not Placed
18,Male,6.32,IT,2,2,0,1,68,78,58,66,66,1,Placed
25,Male,5.29,ECE,1,0,0,1,47,50,48,50,53,2,Placed
20,Female,7.24,MECH,2,0,1,5,76,63,62,57,72,3,Not Placed
18,Male,8.91,EEE,2,1,4,2,76,67,63,68,86,0,Not Placed
24,Male,7.7,CIVIL,1,2,3,1,84,69,63,70,74,1,Not Placed
21,Female,6.48,MECH,2,0,0,1,70,62,68,69,75,1,Not Placed
22,Female,8.18,CSE,2,1,4,1,59,53,62,59,59,1,Placed
19,Male,8.26,ECE,3,2,2,2,72,70,65,75,82,0,Placed
20,Female,8.88,CSE,2,2,1,2,82,70,76,76,77,0,Not Placed
22,Female,8.7,MECH,3,1,3,2,79,61,76,80,79,0,Placed
19,Male,7.7,CIVIL,2,0,1,1,85,78,60,59,75,3,Placed
22,Male,6.72,ECE,2,1,1,0,51,76,60,59,59,1,Not Placed
19,Female,8.96,CSE,2,3,0,2,76,79,79,71,81,0,Placed
19,Male,5.36,IT,2,1,0,0,40,63,49,40,42,0,Placed
18,Male,8.15,CSE,2,0,3,1,81,70,58,81,79,1,Placed
20,Female,10.0,ECE,1,3,3,1,90,87,92,82,88,0,Placed
19,Male,5.52,CIVIL,1,0,0,1,53,62,52,58,45,3,Not Placed
22,Male,7.15,IT,3,0,6,3,78,75,65,78,66,0,Not Placed
21,Male,8.34,EEE,3,2,1,3,66,84,58,70,68,1,Placed
19,Female,7.49,MECH,3,0,3,3,56,81,60,73,69,1,Placed
21,Female,7.7,MECH,1,1,2,2,93,85,93,70,78,1,Placed
19,Male,7.66,CSE,1,1,2,5,58,95,82,78,73,0,Placed
20,Male,8.41,CSE,1,2,2,2,66,76,81,54,89,1,Placed
24,Female,8.45,CSE,3,2,1,3,82,77,80,78,74,1,Not Placed
22,Female,7.61,CSE,1,0,2,4,71,59,66,61,43,0,Not Placed
22,Female,10.0,CSE,1,0,2,6,95,92,88,89,89,0,Placed
20,Male,7.59,ECE,2,1,2,2,60,72,70,54,68,0,Placed
19,Male,7.41,EEE,2,0,3,1,71,83,76,71,74,1,Not Placed
22,Male,5.54,CSE,2,0,2,2,44,55,76,48,56,2,Not Placed
21,Female,7.52,ECE,2,2,3,2,62,61,63,71,64,1,Not Placed
21,Female,8.65,ECE,2,4,2,3,75,77,89,84,78,1,Not Placed
26,Male,6.65,CSE,3,0,1,3,52,61,50,59,48,0,Placed
20,Female,5.83,CSE,1,0,1,1,43,61,52,55,43,2,Not Placed
23,Female,8.23,CSE,1,1,1,0,78,84,64,69,82,1,Placed
21,Female,8.96,IT,2,3,6,2,95,69,84,94,76,0,Placed
19,Male,7.95,ECE,2,2,1,0,65,83,79,69,71,2,Not Placed
18,Male,7.28,IT,2,0,4,5,75,61,77,68,70,2,Placed
21,Female,5.35,CSE,2,1,1,1,41,69,60,57,54,1,Not Placed
20,Male,7.79,CSE,2,3,1,3,80,78,64,63,72,0,Placed
22,Male,8.39,CSE,2,2,1,2,77,71,78,77,72,0,Placed
22,Male,6.24,EEE,3,0,0,4,40,55,62,48,40,2,Placed
20,Male,9.25,EEE,1,1,2,1,74,70,73,78,84,0,Placed
21,Male,7.96,ECE,3,0,4,1,73,57,75,71,71,1,Placed
21,Female,8.63,ECE,2,3,3,2,81,74,86,79,77,0,Placed
21,Female,7.96,CSE,1,1,2,1,76,76,51,68,70,0,Placed
24,Male,8.9,CSE,1,0,1,1,71,68,70,66,85,0,Placed
18,Female,8.16,ECE,2,1,1,1,65,66,88,66,63,1,Placed
26,Female,8.48,EEE,2,3,1,4,63,67,95,79,71,0,Placed
18,Female,5.85,MECH,2,0,3,3,46,41,63,61,55,3,Not Placed
19,Female,6.04,EEE,2,0,1,1,52,56,40,58,64,1,Not Placed
22,Female,6.11,ECE,2,0,2,1,72,77,69,68,59,0,Not Placed
18,Female,6.75,MECH,2,2,1,3,67,73,75,72,63,0,Placed
19,Male,7.94,EEE,3,1,3,1,67,80,70,69,76,1,Not Placed
19,Female,7.82,CIVIL,2,2,3,0,81,77,90,73,73,0,Not Placed
22,Male,8.6,CSE,2,1,4,3,83,86,70,78,83,0,Placed
21,Female,9.0,CSE,1,4,0,2,78,86,87,81,70,1,Placed
18,Male,6.76,ECE,2,0,0,2,47,57,56,54,59,2,Not Placed
21,Male,7.54,IT,3,0,5,0,65,84,80,80,68,0,Placed
19,Female,6.63,IT,3,0,0,2,60,46,71,65,75,0,Not Placed
26,Female,7.45,EEE,2,1,3,2,63,58,71,57,80,1,Not Placed
18,Male,7.6,ECE,2,0,5,2,75,77,58,67,67,0,Not Placed
21,Female,5.0,ECE,1,0,0,0,40,44,40,46,40,3,Not Placed
21,Male,9.66,CSE,2,4,5,3,76,83,95,90,69,0,Placed
21,Male,8.14,IT,2,0,4,2,72,66,69,87,71,1,Placed
25,Female,6.56,ECE,3,1,3,0,64,73,56,55,57,0,Placed
20,Male,9.77,CSE,1,2,0,3,95,95,89,85,95,0,Placed
22,Male,7.91,CSE,3,1,0,0,54,59,63,78,75,0,Placed
20,Male,6.94,ECE,3,1,3,3,63,62,63,72,85,2,Not Placed
22,Male,7.26,MECH,1,0,2,3,65,95,59,66,67,2,Not Placed
20,Female,8.93,CSE,1,2,1,2,77,89,85,89,59,0,Placed
19,Male,7.55,IT,2,1,5,2,71,64,73,85,62,1,Placed
18,Female,7.86,CSE,3,0,2,0,71,80,62,72,57,1,Not Placed
18,Female,7.47,IT,2,1,2,0,85,91,85,72,84,0,Placed
25,Male,8.41,EEE,2,0,2,2,91,81,70,70,63,1,Placed
23,Female,8.01,IT,3,1,1,2,65,77,77,72,71,1,Not Placed
19,Male,9.11,IT,1,1,4,2,76,75,85,78,73,0,Placed
21,Male,9.31,CIVIL,3,3,3,2,95,95,94,94,82,0,Placed
22,Female,7.77,IT,3,0,6,2,84,82,73,72,89,1,Placed
20,Female,7.34,ECE,2,0,2,3,75,68,84,61,69,0,Not Placed
20,Male,6.7,CIVIL,3,1,4,4,78,64,73,67,65,0,Not Placed
22,Female,8.37,ECE,3,1,1,2,80,78,86,86,73,0,Placed
19,Female,6.42,CSE,2,0,2,1,65,61,80,51,64,0,Not Placed
21,Male,7.42,CSE,3,0,0,3,63,72,69,75,76,2,Placed
19,Female,5.3,MECH,2,0,0,2,43,40,58,52,73,0,Placed
18,Male,5.94,MECH,3,0,0,2,56,64,55,59,54,2,Placed
22,Male,6.77,CSE,3,1,0,1,64,71,53,64,57,1,Placed
22,Male,7.83,ECE,3,0,3,2,66,58,68,61,74,0,Placed
28,Male,10.0,CSE,3,2,4,5,93,95,81,87,84,0,Placed
19,Female,8.13,CSE,3,2,0,3,78,70,73,68,62,0,Not Placed
22,Male,6.16,CIVIL,1,2,1,2,62,63,70,69,45,4,Not Placed
25,Male,6.51,IT,2,0,3,0,56,89,57,66,50,2,Placed
22,Male,9.07,CSE,2,1,4,4,82,83,68,81,74,1,Placed
26,Male,7.84,ECE,1,1,4,5,76,70,67,92,89,0,Placed
28,Female,8.07,MECH,3,1,2,3,66,80,63,60,54,2,Not Placed
23,Male,7.24,MECH,1,1,1,3,62,85,55,66,66,0,Placed
28,Male,8.45,ECE,2,2,3,2,81,88,78,85,79,1,Placed
21,Male,5.76,MECH,2,0,0,1,59,72,47,62,68,0,Placed
21,Male,8.31,EEE,3,1,5,1,66,74,68,81,60,1,Not Placed
24,Female,9.16,CIVIL,2,1,1,3,91,93,82,89,79,0,Placed
23,Male,7.76,ECE,3,0,3,1,74,83,66,70,73,1,Placed
18,Female,6.72,ECE,2,1,2,2,65,64,74,69,69,1,Not Placed
20,Female,7.08,MECH,1,2,2,1,64,82,77,64,71,1,Placed
19,Male,6.96,IT,2,1,0,2,63,82,76,85,66,1,Placed
23,Male,5.64,IT,3,0,4,1,43,53,62,56,62,1,Not Placed
19,Male,7.8,MECH,1,1,4,4,71,78,84,79,57,3,Not Placed
20,Male,8.72,CIVIL,1,0,1,4,79,85,73,78,71,1,Placed
21,Male,7.57,IT,2,0,1,1,70,76,64,55,57,2,Not Placed
18,Female,7.15,ECE,2,1,0,0,70,77,69,62,65,1,Not Placed
26,Male,6.19,MECH,2,2,1,1,53,65,57,50,47,2,Not Placed
21,Male,7.04,ECE,1,0,5,1,69,74,62,64,61,1,Placed
19,Female,6.66,IT,2,0,2,0,60,65,72,75,60,1,Not Placed
19,Female,5.52,CSE,2,1,1,0,59,61,62,61,60,0,Not Placed
23,Male,9.24,CSE,2,2,3,3,84,86,90,83,91,0,Placed
21,Male,7.09,IT,2,1,2,4,66,70,61,84,92,1,Placed
21,Male,8.05,IT,3,1,1,2,82,82,66,80,73,0,Placed
20,Female,7.57,EEE,2,1,0,3,81,64,75,84,64,1,Not Placed
24,Female,7.59,CSE,3,0,1,3,81,67,72,89,76,0,Placed
22,Male,7.46,CSE,2,0,2,2,70,67,60,61,63,1,Placed
22,Male,7.76,ECE,2,1,1,1,68,90,65,74,73,0,Placed
20,Male,6.32,CSE,2,1,1,3,66,44,67,58,66,2,Placed
27,Female,7.62,CIVIL,2,1,2,1,68,68,74,62,62,3,Not Placed
22,Male,7.94,CSE,1,1,3,1,77,58,60,80,75,0,Placed
20,Male,6.85,MECH,2,0,2,2,76,83,64,71,73,0,Placed
26,Male,6.13,IT,2,0,2,0,62,57,64,49,59,1,Placed
24,Female,7.75,CIVIL,2,2,0,0,72,61,72,67,77,0,Placed
22,Male,7.34,ECE,1,1,0,3,59,76,75,63,66,0,Placed
22,Female,5.3,CIVIL,1,0,0,3,46,66,47,49,43,0,Not Placed
20,Male,7.97,IT,2,2,1,3,75,71,72,58,74,1,Placed
21,Male,8.23,EEE,2,4,4,4,87,87,67,72,75,0,Placed
19,Male,10.0,CSE,2,1,5,2,95,95,91,95,89,0,Placed
21,Male,7.1,IT,2,0,2,0,64,78,62,70,62,4,Placed
20,Male,7.08,CSE,2,2,1,2,57,54,61,56,61,2,Not Placed
20,Male,6.63,EEE,1,1,2,3,57,58,51,55,63,1,Not Placed
25,Male,7.53,ECE,1,2,2,1,74,70,74,63,78,0,Placed
19,Male,7.32,ECE,2,1,2,3,75,64,71,72,54,0,Placed
23,Female,7.0,CSE,2,0,0,1,61,66,68,62,65,3,Placed
20,Male,7.58,CSE,2,0,3,2,59,56,57,62,79,0,Not Placed
18,Female,6.76,EEE,1,1,1,2,57,65,55,53,59,3,Not Placed
18,Female,8.7,IT,3,1,4,1,82,88,81,76,75,0,Placed
20,Female,7.19,IT,2,0,3,2,57,50,49,82,61,1,Placed
20,Male,7.83,CIVIL,1,0,2,2,78,95,77,65,66,1,Placed
20,Female,5.87,CSE,2,0,0,2,63,64,63,61,70,1,Placed
22,Female,6.35,ECE,2,0,6,3,64,73,72,73,62,1,Placed
21,Male,6.75,CSE,2,1,2,2,62,79,69,69,57,1,Not Placed
18,Male,7.83,EEE,3,1,4,2,65,73,66,71,67,0,Placed
20,Male,8.64,ECE,3,2,2,0,73,69,77,74,63,0,Not Placed
18,Male,9.16,EEE,2,1,2,2,68,78,76,78,85,0,Placed
18,Male,8.08,EEE,2,4,1,2,79,85,84,55,65,0,Placed
19,Male,9.2,CSE,2,3,0,1,78,80,71,79,92,0,Placed
22,Female,8.58,CSE,2,2,1,2,80,64,86,80,87,0,Placed
22,Male,7.44,CSE,2,4,5,2,69,83,70,77,61,1,Not Placed
23,Male,7.59,ECE,2,0,1,5,73,61,64,65,67,0,Placed
22,Female,9.05,CSE,1,2,6,0,71,72,82,75,63,0,Not Placed
21,Male,8.04,ECE,1,4,2,3,84,81,87,65,73,0,Placed
20,Male,7.23,IT,2,3,3,3,73,94,69,74,85,0,Placed
18,Male,6.21,ECE,2,0,1,0,59,85,60,57,42,3,Not Placed
22,Male,7.13,IT,3,0,2,0,54,58,70,49,50,2,Placed
20,Male,5.77,CIVIL,1,1,3,1,74,75,69,64,62,3,Not Placed
19,Male,8.69,CIVIL,3,0,3,1,75,82,83,77,73,0,Placed
26,Female,6.8,IT,1,1,2,2,70,60,66,52,66,1,Not Placed
19,Female,8.89,MECH,1,2,0,2,70,89,81,93,65,1,Placed
18,Male,7.69,EEE,3,0,0,2,87,65,81,82,55,0,Placed
25,Female,7.84,CSE,2,2,6,2,79,95,88,76,86,0,Placed
20,Female,8.89,ECE,2,1,1,3,75,65,76,76,79,0,Placed
20,Female,7.17,IT,2,0,1,5,76,61,62,49,47,1,Placed
18,Male,7.93,MECH,2,2,4,2,85,82,65,75,68,0,Placed
20,Female,8.15,MECH,3,0,1,0,50,76,59,70,58,0,Placed
26,Male,5.5,ECE,3,0,0,2,50,56,66,44,42,2,Not Placed
22,Male,6.72,ECE,2,1,2,4,51,76,81,73,58,2,Not Placed
21,Female,8.54,EEE,2,1,2,2,76,81,79,78,62,1,Placed
20,Male,7.74,IT,1,1,3,2,62,89,68,70,66,0,Placed
20,Male,9.46,IT,3,0,2,2,88,82,95,95,81,0,Placed
21,Male,7.29,ECE,1,1,1,1,58,73,65,69,49,2,Placed
19,Female,9.99,MECH,1,3,4,2,95,93,92,95,82,0,Placed
19,Male,7.93,ECE,2,2,5,3,65,65,75,71,66,0,Not Placed
22,Male,8.33,CSE,3,1,3,2,75,76,80,56,49,2,Not Placed
23,Female,6.1,CSE,2,0,0,1,62,60,49,49,68,2,Not Placed
24,Male,8.67,IT,2,3,3,4,95,66,74,80,84,0,Placed
23,Male,7.35,ECE,3,2,3,2,66,65,63,61,73,2,Not Placed
21,Female,6.91,IT,2,0,1,4,63,68,60,61,51,2,Placed
23,Female,8.55,IT,1,4,1,1,73,78,91,82,88,0,Placed
24,Female,7.51,MECH,1,0,1,2,80,68,76,64,71,0,Not Placed
18,Male,8.56,MECH,2,2,4,2,75,89,73,71,88,0,Placed
20,Male,7.47,IT,3,0,2,2,66,56,57,64,62,1,Not Placed
19,Female,7.43,EEE,2,0,5,2,67,67,58,63,59,0,Placed
28,Male,7.05,IT,2,1,1,2,66,59,68,63,59,1,Placed
24,Female,7.36,ECE,2,1,1,1,65,62,79,81,85,1,Not Placed
23,Male,9.12,CSE,2,4,4,2,92,84,69,80,87,0,Placed
20,Female,7.85,IT,1,0,2,2,78,74,71,62,58,1,Placed
25,Male,9.97,ECE,1,2,2,1,91,68,81,95,81,0,Placed
18,Female,7.58,IT,1,1,2,3,77,64,75,81,63,0,Placed
19,Male,7.05,EEE,2,0,0,2,71,74,62,74,69,1,Not Placed
21,Female,7.59,CSE,1,3,2,2,76,73,75,69,64,0,Not Placed
23,Male,9.55,CSE,1,4,3,1,95,94,74,82,77,0,Placed
24,Male,9.92,MECH,2,4,2,2,89,88,89,71,80,1,Placed
20,Male,9.53,IT,2,1,4,2,86,69,77,83,90,1,Placed
20,Male,7.78,CSE,2,1,2,2,68,83,76,77,54,2,Placed
20,Male,7.7,IT,1,0,2,0,64,68,69,60,61,2,Placed
18,Male,8.24,CSE,1,3,6,2,74,88,69,63,78,0,Placed
23,Female,9.29,EEE,2,3,6,3,86,79,86,74,87,0,Placed
20,Female,7.91,IT,2,1,4,2,62,71,80,76,62,0,Placed
19,Female,8.22,CIVIL,2,0,2,1,80,79,71,82,75,3,Placed
20,Male,8.62,CSE,2,3,0,3,63,84,72,77,77,1,Placed
22,Male,7.31,IT,1,0,1,5,59,66,68,65,71,1,Not Placed
24,Male,7.37,ECE,3,1,2,1,63,77,70,52,59,1,Placed
19,Male,7.72,CSE,1,0,2,4,70,71,72,81,64,2,Not Placed
19,Female,8.97,CSE,2,4,1,1,84,80,75,74,69,0,Placed
25,Female,7.41,CSE,2,0,4,3,68,68,58,65,61,1,Placed
21,Male,7.46,CSE,2,0,0,1,65,66,58,72,65,3,Not Placed
20,Male,7.29,EEE,2,2,1,1,70,59,53,47,58,1,Not Placed
19,Male,8.67,MECH,3,1,1,1,73,95,77,82,75,0,Placed
28,Male,9.81,IT,2,1,3,1,85,78,85,90,78,0,Placed
22,Male,8.95,ECE,3,0,1,2,71,79,77,80,76,0,Placed
19,Male,7.83,ECE,1,1,3,0,59,89,62,65,52,2,Placed
18,Male,8.14,CSE,2,1,2,0,67,77,77,79,70,0,Placed
19,Male,7.46,IT,1,1,4,2,62,70,65,68,75,1,Placed
19,Female,8.54,CIVIL,2,1,0,1,72,80,63,81,78,0,Placed
18,Other,6.97,CSE,2,1,4,0,78,74,87,75,55,0,Placed
19,Male,7.78,CSE,2,1,0,0,55,70,71,81,65,1,Not Placed
18,Male,8.62,CSE,2,4,3,1,73,80,72,68,65,0,Placed
20,Male,8.59,ECE,2,3,6,6,68,55,67,69,73,0,Placed
21,Female,7.86,MECH,2,1,1,1,61,65,76,68,61,0,Placed
20,Male,7.7,IT,2,0,4,1,80,66,70,65,80,0,Not Placed
23,Female,8.74,IT,3,0,2,1,85,84,95,84,79,0,Placed
19,Male,9.56,IT,1,3,4,3,92,95,87,95,71,0,Placed
24,Female,6.05,MECH,2,0,2,2,48,67,57,61,64,0,Not Placed
24,Male,5.8,IT,3,0,0,3,60,60,42,52,61,1,Not Placed
25,Male,7.11,IT,2,0,3,0,51,63,66,52,53,2,Not Placed
19,Male,8.14,CSE,2,0,2,3,57,69,71,57,65,3,Not Placed
19,Male,8.52,CSE,2,1,5,1,68,53,87,79,77,0,Placed
21,Male,8.43,CIVIL,3,1,1,2,69,75,69,77,61,0,Placed
19,Female,7.8,IT,2,0,3,2,79,64,74,73,73,1,Not Placed
18,Female,8.26,CSE,3,0,3,4,78,72,73,73,68,1,Not Placed
18,Female,5.82,MECH,2,0,3,3,55,74,64,64,52,1,Not Placed
21,Female,7.44,CIVIL,2,2,1,0,70,71,64,59,66,0,Not Placed
23,Male,7.27,CSE,2,1,2,4,58,66,56,82,58,0,Not Placed
19,Female,6.05,IT,3,0,3,1,40,58,56,53,67,2,Not Placed
25,Female,6.57,CIVIL,2,1,2,0,67,66,59,61,60,0,Placed
23,Male,6.13,CSE,1,0,2,0,69,55,66,61,65,3,Not Placed
18,Female,7.65,IT,2,1,2,0,70,68,73,68,48,0,Not Placed
20,Female,7.35,IT,2,1,3,3,62,85,76,76,69,1,Placed
18,Female,7.33,EEE,1,3,1,0,77,75,69,66,83,0,Not Placed
24,Female,5.27,IT,2,0,0,1,52,60,46,56,41,0,Not Placed
22,Male,5.66,IT,3,0,0,3,50,67,58,57,65,0,Not Placed
22,Female,7.38,EEE,2,0,3,4,69,76,70,76,66,0,Placed
22,Male,5.26,MECH,1,0,0,3,47,55,59,40,43,3,Not Placed
20,Female,8.15,CSE,3,1,3,5,83,75,72,81,69,0,Placed
25,Female,5.0,CSE,2,0,0,1,47,61,62,49,57,2,Not Placed
24,Male,8.06,ECE,3,3,3,1,70,64,65,72,76,0,Not Placed
22,Male,6.14,IT,1,2,1,2,60,62,66,59,65,2,Not Placed
21,Female,9.17,ECE,1,3,5,3,71,68,87,81,64,0,Placed
18,Male,10.0,CSE,1,2,1,2,95,95,95,95,95,0,Placed
18,Male,5.0,MECH,2,0,3,0,53,40,55,40,40,1,Not Placed
19,Male,8.41,IT,3,1,4,3,86,66,78,64,78,0,Placed
21,Female,5.92,IT,2,0,1,1,44,53,54,65,63,1,Not Placed
23,Male,7.76,CSE,1,1,1,2,68,90,74,63,65,2,Not Placed
25,Male,8.1,CSE,1,1,1,2,68,73,62,71,67,0,Placed
19,Female,7.13,ECE,2,1,1,1,79,66,69,72,66,0,Placed
19,Male,7.2,ECE,1,0,0,4,58,73,61,60,40,0,Placed
18,Female,8.0,MECH,1,0,3,5,73,64,62,74,81,0,Not Placed
27,Male,6.19,ECE,2,0,1,2,40,58,56,55,52,4,Not Placed
23,Male,8.24,IT,1,0,1,0,85,79,87,70,75,0,Placed
21,Female,6.79,MECH,2,2,0,2,55,72,72,71,73,2,Not Placed
21,Male,6.02,CSE,2,0,1,2,54,50,45,60,54,0,Not Placed
21,Female,7.99,EEE,2,3,4,4,80,73,79,83,81,0,Placed
19,Male,7.61,ECE,2,2,2,0,75,85,75,73,85,0,Placed
19,Female,9.27,CSE,2,0,0,4,84,91,77,84,89,0,Placed
20,Male,7.85,ECE,1,1,2,3,81,67,87,82,82,0,Not Placed
19,Female,7.11,CIVIL,3,0,1,1,60,66,55,54,60,1,Not Placed
21,Male,8.15,IT,2,1,5,0,63,60,68,67,72,2,Placed
20,Female,7.28,ECE,2,0,1,0,80,95,58,75,77,0,Not Placed
22,Male,8.48,IT,2,3,2,1,95,91,94,83,79,0,Placed
21,Female,8.45,IT,2,0,2,0,65,82,61,76,59,0,Not Placed
21,Male,7.86,IT,2,1,1,0,68,64,67,70,72,0,Not Placed
25,Male,7.25,CSE,2,0,4,1,61,67,67,69,73,1,Not Placed
20,Female,7.86,CSE,1,0,2,1,70,77,59,60,63,0,Not Placed
21,Male,8.81,EEE,1,2,1,2,83,75,82,81,75,0,Placed
18,Female,8.22,IT,3,1,0,0,74,66,72,65,60,0,Not Placed
22,Female,7.14,ECE,2,0,0,2,55,57,61,64,72,1,Placed
21,Male,7.21,CSE,3,1,3,1,69,62,70,61,59,1,Placed
19,Female,7.55,CSE,1,0,1,1,49,68,58,57,59,0,Not Placed
18,Male,5.01,ECE,3,1,1,1,58,56,53,61,53,2,Not Placed
22,Female,7.39,ECE,2,0,1,2,55,73,53,61,67,0,Not Placed
22,Male,8.6,ECE,1,2,4,2,74,91,79,75,86,0,Placed
22,Male,7.56,EEE,1,1,2,0,68,71,73,61,69,2,Not Placed
20,Female,8.97,ECE,3,2,3,1,71,74,73,86,72,0,Placed
21,Female,5.12,CSE,2,2,2,0,53,66,41,40,42,2,Not Placed
21,Female,7.78,CSE,1,3,3,2,78,78,67,76,73,1,Placed
19,Female,7.33,CSE,1,0,2,0,64,65,67,74,65,0,Placed
21,Male,6.34,IT,2,0,5,2,60,59,68,64,71,0,Placed
21,Male,8.76,CSE,2,2,1,3,69,86,76,54,75,1,Placed
23,Male,7.03,IT,2,3,0,1,77,78,73,62,69,1,Not Placed
20,Female,6.41,CSE,3,0,0,0,40,62,58,50,66,2,Not Placed
20,Male,8.16,IT,1,1,1,2,68,79,84,82,95,0,Placed
27,Female,7.74,IT,2,2,3,0,81,70,70,81,73,1,Placed
24,Male,7.69,CIVIL,3,1,1,3,57,61,66,52,68,1,Placed
19,Male,6.08,MECH,1,0,0,2,60,67,65,63,66,4,Not Placed
24,Female,6.13,CIVIL,3,1,2,1,59,48,59,53,71,4,Not Placed
19,Male,8.15,ECE,2,1,2,3,68,89,77,73,64,0,Placed
23,Male,8.85,CIVIL,2,1,3,1,89,94,66,94,75,0,Not Placed
19,Male,7.44,CSE,1,0,0,2,56,85,73,69,65,1,Placed
20,Female,6.81,ECE,2,0,0,2,57,54,51,51,67,2,Not Placed
27,Male,8.4,EEE,1,1,3,3,83,79,71,72,83,0,Placed
18,Male,8.23,IT,1,0,1,2,69,84,74,64,62,0,Not Placed
23,Male,7.94,CSE,1,2,2,1,82,69,65,80,75,0,Not Placed
21,Female,7.76,ECE,3,1,2,1,92,72,82,73,89,2,Placed
18,Male,5.0,CIVIL,3,0,0,0,40,49,40,41,47,3,Not Placed
25,Female,8.35,ECE,2,2,2,3,64,90,65,79,72,0,Placed
21,Male,6.0,CSE,2,0,2,1,42,43,47,64,70,1,Not Placed
24,Female,5.65,CSE,3,1,0,0,55,72,69,65,51,1,Not Placed
23,Female,6.97,CSE,3,0,1,3,58,83,61,68,86,2,Not Placed
18,Female,7.4,EEE,3,2,1,1,78,85,72,73,86,0,Placed
19,Male,6.47,IT,2,0,1,0,59,52,56,40,40,2,Not Placed
20,Male,8.54,CSE,2,0,1,5,72,69,72,71,65,0,Not Placed
21,Male,7.95,MECH,3,0,2,2,64,64,62,82,71,0,Not Placed
18,Male,7.45,IT,2,1,2,0,74,78,71,62,61,0,Not Placed
20,Male,5.45,EEE,2,0,0,1,57,68,70,63,48,0,Not Placed
23,Male,6.39,MECH,1,0,2,2,64,43,57,57,49,1,Not Placed
19,Male,9.05,EEE,1,3,2,2,79,85,84,74,72,0,Placed
22,Male,5.88,CIVIL,3,0,1,0,55,62,66,43,50,0,Not Placed
21,Male,7.91,MECH,2,1,1,3,82,85,65,66,86,0,Not Placed
18,Male,8.04,CSE,2,0,4,1,65,76,77,58,75,2,Not Placed
19,Female,6.86,IT,1,0,1,1,72,67,80,74,67,0,Placed
19,Male,6.74,CIVIL,2,1,1,3,62,58,56,62,54,2,Not Placed
21,Female,8.81,ECE,2,0,2,3,57,68,71,65,59,1,Placed
18,Male,8.0,IT,3,3,4,0,66,79,89,82,80,1,Placed
23,Other,6.92,MECH,2,1,0,2,54,68,59,62,45,1,Not Placed
23,Male,7.11,ECE,2,3,0,2,65,65,88,79,69,1,Placed
18,Male,6.72,IT,1,2,3,2,57,67,77,63,62,0,Placed
24,Female,6.52,CSE,2,2,1,1,68,67,56,61,86,1,Not Placed
25,Male,8.68,MECH,2,4,5,3,80,68,72,73,76,0,Placed
18,Male,5.52,MECH,3,0,0,2,41,52,55,53,65,3,Not Placed
25,Male,7.72,MECH,3,0,2,1,81,70,64,62,73,0,Placed
19,Female,8.31,EEE,2,2,5,2,95,79,92,82,89,0,Not Placed
22,Female,8.73,CSE,2,0,1,0,87,83,87,70,79,1,Not Placed
19,Male,7.53,IT,3,0,3,2,82,67,76,75,65,2,Not Placed
23,Female,6.77,IT,2,2,3,3,66,73,54,57,54,1,Placed
23,Male,6.42,CSE,2,1,2,0,63,59,66,54,49,0,Placed
26,Male,7.32,EEE,1,0,0,1,58,75,64,49,69,4,Not Placed
28,Male,7.63,CSE,2,1,1,4,73,71,76,86,92,1,Placed
18,Male,6.77,IT,1,0,1,0,64,71,59,60,49,0,Not Placed
22,Female,7.3,MECH,1,1,2,7,76,84,67,77,70,0,Placed
19,Female,9.67,EEE,1,2,0,0,92,72,87,79,92,0,Placed
19,Female,7.56,CSE,2,0,4,1,77,71,64,70,65,3,Not Placed
19,Female,6.17,CSE,2,0,2,1,60,58,44,52,71,1,Not Placed
25,Male,6.37,IT,3,0,1,1,62,65,70,48,63,1,Not Placed
22,Female,8.67,ECE,2,0,2,3,79,95,72,74,51,0,Placed
18,Male,6.72,MECH,1,0,1,0,63,69,63,62,67,2,Placed
27,Female,8.32,ECE,2,3,3,6,66,90,72,75,82,0,Placed
23,Male,6.37,CSE,1,0,3,2,58,61,65,45,63,0,Not Placed
20,Female,8.29,EEE,1,0,3,3,73,73,77,82,79,0,Placed
21,Female,7.23,IT,1,0,1,1,63,62,61,70,61,1,Not Placed
22,Male,6.83,MECH,3,0,4,0,63,74,52,65,71,1,Not Placed
22,Male,7.56,CSE,2,0,0,1,80,60,74,65,59,0,Placed
21,Male,6.83,IT,1,1,2,1,64,42,48,57,40,0,Not Placed
21,Male,9.83,IT,2,3,2,5,88,88,85,88,75,0,Placed
18,Female,7.22,ECE,1,0,2,1,61,77,73,63,64,1,Not Placed
21,Male,8.43,IT,2,3,3,1,76,80,67,69,73,0,Placed
20,Male,7.27,IT,3,2,1,1,72,55,66,67,51,1,Placed
20,Male,6.37,EEE,1,0,2,3,72,48,55,47,58,2,Not Placed
19,Male,7.35,CSE,2,1,0,0,59,66,63,63,70,3,Not Placed
22,Male,8.42,CSE,2,3,2,0,90,73,78,78,88,0,Placed
20,Female,7.73,CSE,2,0,3,2,61,53,73,61,42,1,Placed
20,Female,7.12,CSE,3,0,2,2,58,58,49,59,51,1,Not Placed
19,Female,7.47,ECE,2,0,2,3,69,76,76,57,83,2,Not Placed
26,Male,7.75,CSE,1,1,1,2,79,67,86,93,71,0,Placed
19,Male,9.46,CSE,3,1,1,2,83,84,87,76,71,0,Placed
20,Male,8.49,CIVIL,1,2,3,2,78,79,74,66,75,1,Placed
19,Male,8.24,IT,1,1,4,0,78,61,81,69,77,0,Placed
22,Male,8.48,MECH,3,2,2,5,78,72,74,83,49,0,Placed
20,Male,7.11,EEE,2,0,3,1,58,60,40,64,60,3,Not Placed
20,Female,6.55,CSE,2,0,1,0,58,40,75,63,53,0,Placed
24,Male,6.57,ECE,2,0,1,6,54,71,50,53,59,3,Not Placed
22,Female,6.54,ECE,1,1,1,1,67,67,59,60,58,2,Not Placed
21,Female,8.0,CSE,2,0,0,0,73,74,74,78,82,1,Not Placed
21,Female,8.61,CSE,3,1,3,3,78,71,70,80,79,2,Placed
25,Male,7.35,CSE,2,0,2,0,80,64,67,77,81,1,Not Placed
25,Female,5.2,CSE,3,0,0,3,44,51,54,49,53,1,Not Placed
22,Male,10.0,CSE,2,1,6,2,91,84,89,86,94,0,Placed
22,Male,5.76,CSE,1,0,2,1,51,62,61,54,49,0,Placed
24,Male,9.45,ECE,2,3,0,3,79,89,85,80,95,0,Placed
26,Male,5.87,CSE,1,0,3,0,43,73,54,47,62,2,Not Placed
18,Male,6.77,EEE,1,0,2,0,61,77,68,62,79,1,Not Placed
28,Female,5.0,CSE,1,0,1,0,40,52,47,62,59,2,Not Placed
22,Female,7.64,ECE,3,1,3,2,68,75,66,87,63,0,Placed
21,Male,6.52,EEE,1,1,0,1,59,63,57,62,65,2,Not Placed
20,Male,6.65,IT,2,0,0,0,60,62,56,65,64,1,Not Placed
20,Male,6.71,IT,3,0,1,1,51,53,50,48,60,0,Not Placed
23,Female,7.04,IT,2,2,4,4,79,79,88,71,90,0,Placed
22,Male,8.08,IT,1,3,3,2,68,78,72,63,80,1,Placed
19,Male,9.04,CSE,2,3,4,3,76,80,83,84,80,0,Placed
21,Male,6.85,ECE,3,1,1,1,59,85,57,62,61,1,Placed
19,Female,7.71,ECE,2,0,2,0,82,79,68,65,71,2,Not Placed
21,Male,5.92,IT,1,2,2,1,49,74,63,52,60,0,Not Placed
21,Male,6.42,CIVIL,2,2,0,1,72,62,68,69,58,1,Not Placed
21,Male,7.14,MECH,2,1,0,0,61,67,63,75,65,1,Placed
19,Female,7.42,CSE,2,0,6,0,78,58,70,85,65,1,Placed
18,Male,8.62,EEE,1,2,3,0,90,69,82,83,64,0,Placed
19,Female,7.92,CSE,3,0,3,1,68,88,72,82,76,0,Not Placed
21,Female,7.09,EEE,3,1,2,2,57,73,58,68,49,2,Placed
25,Male,8.37,EEE,2,2,1,1,81,62,77,81,77,0,Placed
22,Female,7.47,IT,2,2,3,5,75,64,70,65,58,0,Placed
22,Female,7.08,IT,1,0,2,4,65,65,77,63,62,2,Placed
20,Male,6.66,ECE,2,0,1,2,66,62,56,56,53,1,Not Placed
18,Female,6.88,CSE,1,1,1,3,63,61,60,54,61,0,Placed
24,Male,9.66,ECE,2,4,4,0,91,76,92,87,90,0,Placed
21,Male,7.01,MECH,3,0,3,3,73,76,75,72,61,0,Placed
18,Male,7.33,IT,1,2,3,1,59,70,70,62,72,1,Not Placed
21,Female,7.79,CSE,1,0,5,0,70,52,68,73,70,0,Placed
22,Female,10.0,ECE,1,3,2,2,95,94,92,83,76,0,Placed
20,Male,9.35,ECE,2,3,3,1,82,77,83,70,87,0,Placed
18,Female,6.82,ECE,3,1,0,1,65,73,63,52,67,0,Not Placed
21,Female,6.59,CSE,1,1,1,3,80,71,70,71,71,1,Placed
18,Female,6.75,ECE,2,0,1,1,65,81,77,66,69,1,Not Placed
20,Male,7.48,CSE,2,1,2,5,71,59,82,51,68,1,Placed
23,Male,7.25,IT,2,2,1,4,65,63,54,59,69,1,Not Placed
28,Male,7.77,IT,1,1,2,0,62,79,85,63,73,2,Placed
20,Male,8.64,MECH,3,0,3,3,79,81,90,62,76,0,Placed
18,Male,6.52,MECH,3,0,1,6,60,55,54,57,50,0,Not Placed
21,Male,6.5,EEE,1,0,2,4,46,58,64,56,49,0,Not Placed
19,Male,6.84,MECH,2,2,1,0,63,55,77,72,51,1,Not Placed
24,Female,6.61,CSE,2,0,1,3,72,79,60,62,69,0,Placed
22,Male,9.77,EEE,1,1,2,4,85,79,85,90,95,0,Placed
20,Male,8.93,EEE,2,2,3,2,69,80,83,92,75,0,Placed
22,Female,7.82,EEE,1,1,2,2,73,81,81,76,83,0,Placed
20,Male,7.06,EEE,3,0,0,1,66,77,68,70,57,0,Not Placed
21,Female,7.58,CSE,2,1,0,1,74,85,67,72,83,0,Placed
24,Female,5.62,CSE,3,1,2,4,54,54,55,54,72,1,Placed
19,Male,8.39,EEE,3,1,2,3,66,88,83,82,61,0,Placed
20,Male,7.78,CSE,2,2,1,6,68,84,73,84,67,0,Placed
24,Male,8.05,CSE,2,2,6,3,78,65,78,78,72,0,Placed
21,Male,8.2,CIVIL,3,0,2,2,72,63,72,60,68,0,Placed
20,Female,7.2,CIVIL,1,0,3,1,65,80,66,70,74,1,Placed
18,Male,7.92,IT,1,0,4,4,64,69,79,76,73,1,Placed
20,Male,7.74,CSE,2,0,2,2,78,75,85,72,64,0,Placed
21,Male,6.95,IT,2,0,2,1,57,73,69,47,52,3,Not Placed
20,Male,9.14,CSE,3,2,2,1,71,78,78,71,76,0,Placed
19,Male,6.73,CSE,2,1,4,0,73,84,73,71,82,3,Placed
20,Male,6.46,CSE,2,0,2,1,67,72,62,55,45,3,Not Placed
22,Male,6.29,MECH,2,0,0,0,43,66,55,40,49,2,Not Placed
24,Female,7.14,IT,2,0,3,1,73,75,65,67,55,2,Placed
22,Female,9.01,CSE,3,4,2,3,82,89,82,85,81,0,Placed
22,Female,8.17,ECE,2,1,3,6,83,82,93,90,75,0,Placed
23,Male,7.43,CSE,3,0,2,5,72,85,81,84,66,0,Placed
19,Male,9.42,MECH,1,0,6,5,94,77,80,89,65,0,Placed
20,Female,7.17,CSE,3,1,2,2,61,68,71,77,70,5,Placed
18,Female,8.18,CSE,3,1,2,3,74,70,85,75,78,0,Not Placed
20,Female,6.34,IT,3,0,2,0,66,74,76,60,66,2,Not Placed
28,Male,7.36,CSE,3,2,2,3,65,62,71,66,66,0,Not Placed
20,Male,6.22,CSE,2,2,0,3,74,61,61,59,65,1,Placed
23,Male,6.42,MECH,2,0,0,1,55,43,54,62,40,0,Not Placed
18,Female,8.32,MECH,1,0,2,1,86,80,80,70,74,0,Placed
20,Female,7.32,MECH,2,0,4,0,80,74,50,77,58,1,Not Placed
20,Female,7.13,ECE,3,0,2,0,47,47,61,54,59,1,Not Placed
19,Female,5.95,CSE,2,1,0,2,57,65,59,63,56,2,Not Placed
20,Female,7.03,CIVIL,2,1,1,2,64,61,67,72,54,0,Not Placed
22,Male,8.86,EEE,2,1,6,2,73,79,93,86,84,0,Placed
21,Female,9.19,IT,2,1,6,3,94,88,86,93,75,0,Placed
23,Female,5.36,EEE,2,0,3,3,44,66,57,54,52,1,Not Placed
24,Female,7.45,ECE,3,0,0,1,55,70,70,60,50,0,Not Placed
21,Female,6.22,ECE,1,1,1,4,62,64,58,48,44,2,Not Placed
27,Male,8.33,MECH,3,1,2,1,73,74,79,73,83,0,Not Placed
18,Female,8.26,CIVIL,1,1,2,2,79,80,60,74,63,1,Placed
19,Female,7.21,EEE,3,0,3,1,59,77,60,57,73,1,Placed
20,Female,7.25,MECH,3,0,1,1,71,80,69,47,50,1,Not Placed
21,Female,7.59,ECE,3,1,0,2,75,69,59,68,57,2,Placed
21,Female,9.29,IT,1,1,6,1,95,75,75,87,71,0,Placed
21,Male,7.64,ECE,3,1,0,3,72,76,84,73,62,3,Not Placed
24,Female,7.85,ECE,2,2,1,3,70,84,73,64,95,0,Placed
19,Female,5.6,CSE,1,1,1,1,43,51,40,45,41,1,Not Placed
23,Female,7.83,ECE,1,0,2,2,69,65,70,60,87,2,Not Placed
21,Male,8.62,IT,2,2,1,4,85,95,89,81,95,0,Placed
21,Female,8.19,IT,3,3,3,3,91,74,71,79,80,0,Placed
20,Female,6.19,EEE,2,1,0,1,42,80,52,43,69,1,Not Placed
20,Male,6.63,MECH,2,2,1,2,64,64,72,59,57,1,Not Placed
20,Female,6.82,CSE,2,0,0,1,55,62,69,52,52,2,Not Placed
22,Female,10.0,EEE,1,0,3,2,80,82,79,90,80,0,Placed
21,Female,7.91,CSE,1,0,0,1,66,54,65,79,78,1,Placed
19,Male,6.35,ECE,3,0,4,0,55,69,63,60,67,1,Not Placed
22,Male,7.62,MECH,1,2,6,0,72,71,69,67,62,0,Not Placed
22,Female,5.67,MECH,2,1,1,0,45,43,45,45,56,4,Not Placed
25,Female,6.57,IT,2,1,2,2,50,61,59,63,54,1,Not Placed
21,Male,7.77,MECH,1,1,2,1,55,73,78,62,76,1,Placed
22,Female,7.86,MECH,2,0,3,2,78,70,78,68,90,1,Not Placed
21,Male,5.39,CSE,1,0,0,3,53,62,60,47,45,2,Not Placed
22,Male,7.61,IT,2,1,2,0,67,69,68,68,61,0,Not Placed
20,Female,8.05,EEE,2,3,2,6,69,90,84,78,74,0,Placed
19,Male,5.0,CSE,3,0,0,2,64,64,60,55,45,2,Not Placed
27,Male,7.55,ECE,2,0,0,2,69,70,65,70,77,0,Not Placed
22,Female,7.72,IT,1,1,1,5,70,52,67,82,68,2,Placed
21,Male,9.57,ECE,2,1,2,3,83,80,94,85,83,0,Placed
21,Male,8.12,IT,3,1,3,1,66,66,69,65,55,0,Placed
22,Male,7.39,CSE,2,4,1,1,61,89,63,69,62,0,Not Placed
19,Female,8.6,IT,3,0,2,2,68,67,71,70,66,0,Placed
20,Female,6.37,MECH,1,1,0,2,67,70,46,53,65,2,Not Placed
19,Male,7.48,ECE,2,0,1,4,60,72,52,76,66,0,Not Placed
19,Male,7.0,IT,2,2,3,3,72,59,52,69,71,1,Placed
18,Male,7.57,EEE,1,1,1,2,64,71,74,74,55,0,Placed
22,Female,7.9,CSE,1,3,3,2,94,78,73,74,73,0,Placed
19,Female,8.99,CSE,2,2,3,1,81,76,76,82,68,0,Placed
23,Male,5.63,ECE,2,0,3,5,62,74,68,56,57,1,Not Placed
24,Female,7.91,CSE,2,1,1,2,65,76,54,55,84,1,Not Placed
19,Other,9.0,CSE,2,1,2,6,80,89,85,77,79,0,Placed
22,Male,6.94,EEE,1,0,0,3,67,84,56,56,45,4,Not Placed
21,Male,7.04,MECH,2,4,2,3,64,82,77,80,40,0,Not Placed
24,Female,6.49,CSE,2,1,4,2,80,53,71,59,73,0,Placed
21,Female,7.75,IT,1,0,2,3,64,62,67,74,67,0,Not Placed
20,Male,6.7,EEE,2,0,1,0,65,65,56,55,60,3,Not Placed
20,Male,8.88,MECH,2,1,2,3,82,86,82,75,95,0,Placed
24,Female,7.21,CSE,1,0,0,2,62,64,60,67,68,0,Placed
19,Female,8.19,MECH,2,0,4,2,84,72,78,76,77,0,Placed
23,Male,7.11,CIVIL,2,1,6,3,64,76,65,65,60,2,Placed
19,Male,7.55,CSE,2,0,1,1,58,77,69,64,67,1,Placed
22,Male,8.44,CSE,2,0,2,3,75,79,81,86,73,0,Not Placed
20,Female,8.99,EEE,2,2,1,4,75,87,77,80,71,0,Placed
18,Female,6.87,CSE,2,3,1,3,61,95,72,61,72,1,Placed
19,Male,7.88,CSE,2,2,1,2,72,69,68,73,85,2,Placed
20,Female,7.51,MECH,2,2,2,2,67,65,79,45,63,1,Not Placed
22,Male,8.44,EEE,2,2,1,2,58,54,72,76,54,0,Placed
22,Female,6.91,ECE,3,1,4,0,54,47,60,57,56,1,Not Placed
19,Male,7.8,ECE,1,0,2,2,76,79,79,87,77,0,Placed
21,Male,7.82,ECE,2,0,2,1,52,80,63,64,56,1,Not Placed
18,Male,8.77,EEE,1,1,0,2,68,83,89,82,82,0,Placed
22,Male,7.55,MECH,2,0,1,1,56,80,58,67,58,1,Placed
23,Female,7.35,EEE,3,0,1,0,61,95,79,64,68,1,Not Placed
24,Male,8.25,IT,2,2,6,3,90,76,84,77,77,0,Placed
24,Male,7.24,EEE,1,0,3,1,72,61,75,75,55,2,Not Placed
20,Female,8.36,EEE,2,1,3,1,65,81,65,55,76,1,Not Placed
19,Male,8.07,IT,2,1,0,1,66,77,63,71,83,1,Placed
24,Male,9.19,IT,3,4,1,2,70,92,93,76,70,0,Placed
19,Male,6.51,IT,3,0,0,1,59,65,49,67,69,0,Not Placed
18,Other,6.47,IT,2,0,2,1,68,72,66,59,72,0,Placed
20,Female,7.36,CSE,3,2,5,3,74,53,78,77,71,2,Not Placed
22,Female,9.54,CSE,2,4,4,4,71,70,78,78,65,1,Placed
22,Female,7.25,CSE,2,1,4,2,67,73,69,63,74,1,Placed
27,Male,9.65,CSE,1,2,2,3,92,82,95,84,88,0,Placed
20,Male,6.85,ECE,3,1,1,1,63,66,62,68,57,1,Not Placed
19,Female,6.87,EEE,2,2,0,2,59,60,53,73,49,0,Not Placed
20,Male,7.31,ECE,3,0,2,1,70,63,77,65,65,0,Placed
23,Female,7.37,EEE,3,0,2,2,59,51,55,63,48,2,Not Placed
19,Male,7.12,IT,2,0,4,0,54,67,64,62,64,3,Not Placed
25,Male,6.0,EEE,3,1,1,2,55,63,64,69,56,2,Not Placed
21,Female,8.86,EEE,2,1,1,0,69,78,75,91,74,0,Placed
23,Male,6.9,EEE,3,2,0,1,66,64,52,66,66,1,Not Placed
23,Female,6.72,EEE,1,0,3,2,60,68,59,55,46,2,Not Placed
21,Female,8.86,CSE,2,2,2,3,87,90,82,79,76,0,Placed
22,Female,9.6,ECE,3,0,2,2,82,82,78,87,65,1,Placed
20,Female,9.3,EEE,1,0,2,2,95,68,93,73,82,0,Placed
23,Male,6.9,CSE,3,1,1,3,64,58,59,59,82,0,Not Placed
23,Male,7.23,CSE,1,2,2,4,59,79,70,61,82,1,Placed
21,Female,9.81,IT,2,3,3,3,87,79,92,77,80,0,Placed
19,Male,6.93,IT,2,3,3,1,81,76,71,69,79,0,Placed
26,Male,8.17,MECH,1,2,2,2,73,64,74,80,65,1,Not Placed
25,Male,7.78,EEE,3,2,5,5,72,54,73,63,83,0,Placed
21,Female,8.54,CSE,1,1,5,4,69,69,82,59,66,0,Placed
27,Female,6.74,IT,3,1,0,1,62,57,60,65,61,2,Not Placed
21,Male,7.12,EEE,3,3,1,1,89,94,62,79,69,1,Placed
20,Male,8.56,ECE,2,2,2,2,79,71,79,79,81,1,Placed
21,Male,6.57,ECE,3,0,0,0,65,78,61,45,56,1,Placed
18,Male,7.46,CSE,2,2,0,4,66,81,57,70,65,0,Not Placed
21,Male,6.42,MECH,3,2,1,0,57,64,64,48,54,1,Not Placed
22,Female,7.38,IT,3,1,0,1,61,61,64,63,47,0,Not Placed
18,Female,8.09,CSE,2,2,0,1,57,69,68,68,67,0,Placed
19,Female,8.56,CSE,3,0,2,3,77,59,87,73,67,0,Not Placed
22,Female,7.35,EEE,2,0,2,0,61,73,65,63,65,0,Placed
23,Other,6.1,ECE,2,0,1,1,69,72,67,65,40,0,Not Placed
27,Female,7.86,CSE,3,2,3,1,76,91,65,66,67,1,Placed
19,Female,6.8,ECE,2,0,0,3,67,68,68,45,54,1,Not Placed
23,Female,8.27,CIVIL,1,1,2,2,70,66,68,65,77,0,Placed
19,Female,7.95,IT,2,1,2,5,87,75,71,67,71,0,Placed
19,Male,7.85,IT,2,2,2,3,63,73,62,63,63,0,Placed
22,Male,8.1,IT,1,1,5,2,74,62,67,61,55,0,Not Placed
20,Female,7.34,CSE,2,1,2,0,75,63,72,70,66,2,Not Placed
23,Female,6.02,MECH,1,0,0,1,49,42,48,65,46,3,Not Placed
20,Female,7.58,CSE,1,2,3,1,82,82,83,78,73,1,Placed
19,Male,10.0,CSE,3,3,1,3,93,89,95,95,87,0,Placed
21,Female,6.92,CSE,2,3,0,2,67,64,83,71,50,1,Placed
18,Female,7.22,CSE,3,1,2,0,72,64,79,75,59,2,Not Placed
19,Female,8.0,IT,2,0,0,2,64,93,67,77,75,2,Not Placed
19,Male,9.19,MECH,3,3,1,2,80,83,81,81,71,0,Placed
20,Male,8.82,CSE,2,1,5,1,75,79,74,77,91,2,Placed
22,Male,6.17,CSE,2,0,0,2,40,79,51,55,70,5,Not Placed
19,Female,7.68,IT,1,2,3,2,72,72,77,89,66,1,Not Placed
21,Male,9.99,MECH,3,2,1,4,95,95,88,94,95,0,Placed
21,Female,7.51,CIVIL,2,0,4,2,79,81,69,71,67,0,Placed
21,Male,6.41,CIVIL,1,1,1,1,53,60,65,62,56,1,Placed
21,Female,7.78,CSE,3,2,1,5,77,72,68,75,86,0,Not Placed
22,Male,5.89,EEE,2,0,1,1,63,64,49,43,61,1,Not Placed
23,Female,8.89,ECE,1,0,2,4,74,67,78,81,74,0,Placed
19,Female,6.56,CSE,2,0,0,1,60,66,59,49,64,1,Not Placed
23,Female,7.64,ECE,3,0,1,3,70,82,65,75,66,1,Not Placed
18,Female,7.34,EEE,2,1,1,1,59,59,65,54,51,0,Placed
21,Male,6.79,ECE,3,0,1,0,63,68,63,67,62,1,Not Placed
21,Male,9.26,CSE,2,0,1,4,87,86,73,95,74,0,Placed
19,Male,8.31,IT,1,1,2,6,66,72,67,65,74,0,Placed
18,Female,7.69,ECE,1,2,3,1,64,56,61,68,60,1,Not Placed
18,Female,6.38,CSE,3,0,0,5,42,52,62,55,67,1,Not Placed
18,Male,5.33,CSE,1,0,0,2,46,69,52,55,44,3,Not Placed
21,Female,6.02,EEE,3,0,1,1,42,68,61,46,44,3,Not Placed
19,Male,6.81,CSE,2,0,2,3,67,76,69,60,76,1,Placed
23,Male,8.73,CSE,3,2,3,2,69,84,83,79,74,0,Placed
24,Male,7.37,CSE,1,1,5,3,62,61,82,72,81,0,Not Placed
20,Female,8.97,CSE,2,1,3,1,78,95,85,88,79,0,Placed
19,Male,6.17,CSE,1,1,2,1,56,49,64,59,61,2,Not Placed
20,Female,7.1,EEE,2,0,1,5,66,73,62,53,69,0,Placed
24,Female,7.22,EEE,3,0,1,0,55,55,63,69,51,2,Not Placed
20,Female,8.7,CSE,1,2,2,3,79,82,93,83,82,0,Placed
18,Male,9.78,ECE,3,1,1,3,81,72,85,92,88,0,Placed
27,Female,7.57,CSE,2,0,1,1,47,69,48,55,43,2,Not Placed
21,Female,7.35,CSE,2,0,4,5,69,63,59,69,76,2,Not Placed
20,Male,7.56,EEE,2,0,3,3,82,76,74,68,59,0,Placed
24,Male,5.65,CIVIL,3,0,1,0,52,66,44,51,50,1,Not Placed
24,Male,8.16,CSE,3,1,2,5,66,94,66,73,84,2,Placed
21,Male,8.61,EEE,3,4,3,3,72,72,70,76,72,0,Placed
20,Male,7.48,IT,1,1,1,1,64,60,64,61,72,1,Not Placed
21,Female,7.92,EEE,2,2,3,1,67,69,82,64,76,1,Placed
19,Male,8.69,ECE,3,2,4,2,81,95,82,76,76,0,Placed
21,Female,9.44,ECE,2,2,4,4,83,78,79,88,73,0,Placed
19,Male,8.14,MECH,2,0,2,2,64,61,61,76,54,0,Not Placed
21,Female,7.89,EEE,2,1,3,2,64,44,64,70,64,1,Not Placed
22,Female,7.52,CIVIL,2,0,2,2,52,60,58,65,55,1,Placed
26,Male,7.9,IT,2,1,5,2,72,72,79,82,69,0,Placed
23,Male,6.26,CIVIL,2,1,0,0,45,65,66,52,52,2,Placed
18,Male,7.12,MECH,2,1,0,3,65,68,63,68,82,0,Placed
19,Male,7.89,IT,2,3,2,2,76,64,58,67,74,1,Not Placed
21,Female,7.01,ECE,2,1,3,2,65,55,60,73,55,2,Not Placed
19,Female,7.64,MECH,1,1,2,3,60,73,77,83,58,2,Not Placed
18,Female,10.0,ECE,1,2,2,5,80,84,73,91,91,0,Placed
22,Female,7.44,IT,2,1,3,0,84,73,59,62,56,0,Placed
20,Male,7.17,CSE,3,2,3,3,69,63,59,57,64,3,Not Placed
18,Male,8.62,CSE,1,3,3,4,78,77,75,86,86,1,Placed
21,Male,8.05,CSE,3,1,6,1,76,72,74,60,82,0,Placed
26,Female,9.14,CSE,2,2,2,2,81,73,85,83,64,1,Placed
22,Male,8.42,ECE,3,2,3,0,69,70,73,71,72,0,Not Placed
19,Male,6.63,IT,2,1,2,4,60,76,62,62,40,1,Not Placed
21,Female,6.06,CSE,2,0,1,0,48,58,58,60,44,5,Not Placed
24,Male,5.99,IT,2,1,3,1,53,60,48,55,50,0,Not Placed
18,Male,5.7,CSE,3,0,2,1,48,69,58,43,55,0,Not Placed
21,Male,8.22,ECE,1,0,1,4,70,57,80,73,75,2,Placed
22,Male,6.92,IT,1,0,0,1,43,70,42,48,54,3,Not Placed
22,Male,8.33,CIVIL,3,3,1,1,87,95,70,83,83,0,Placed
19,Male,8.37,ECE,1,1,0,4,72,76,81,58,76,1,Placed
24,Male,6.56,EEE,3,2,1,1,54,58,57,75,54,0,Placed
20,Female,7.04,IT,1,1,3,3,55,80,62,66,63,0,Placed
18,Male,7.61,EEE,1,2,1,4,63,70,79,75,65,0,Placed
18,Female,6.46,EEE,2,0,0,1,69,70,63,58,67,1,Not Placed
20,Female,6.64,CIVIL,2,1,0,1,68,55,57,54,68,1,Placed
18,Female,8.37,ECE,2,1,4,3,81,80,76,71,79,0,Not Placed
22,Female,6.39,MECH,3,4,0,1,71,80,82,73,79,0,Placed
23,Male,7.59,MECH,2,2,3,2,71,62,66,55,60,0,Not Placed
18,Male,8.47,MECH,2,0,5,3,80,71,72,76,85,1,Not Placed
23,Male,7.43,ECE,2,1,4,3,79,68,71,62,59,0,Not Placed
27,Male,7.72,CSE,2,0,2,1,81,74,74,73,75,1,Placed
18,Female,6.58,ECE,2,1,2,2,64,55,70,52,62,1,Not Placed
22,Female,8.51,CIVIL,3,4,2,5,89,79,88,83,88,0,Placed
28,Male,6.07,CIVIL,3,1,5,2,59,44,64,48,56,1,Not Placed
23,Male,9.3,CIVIL,1,3,6,4,89,78,78,76,89,0,Placed
21,Female,7.86,IT,2,0,2,2,62,71,72,59,80,0,Not Placed
24,Male,8.52,MECH,2,3,2,2,77,65,68,72,82,2,Not Placed
22,Male,8.35,IT,2,2,3,2,71,77,69,73,79,1,Placed
20,Female,8.92,EEE,2,4,2,2,69,95,60,77,73,0,Placed
19,Female,7.1,IT,3,1,2,3,61,54,73,64,87,4,Not Placed
21,Male,8.08,IT,2,3,3,3,85,60,85,70,83,0,Placed
20,Male,9.27,IT,2,4,6,5,79,77,76,78,81,0,Placed
20,Female,7.12,IT,3,1,4,0,60,70,59,63,40,1,Not Placed
19,Male,7.39,IT,2,0,4,1,71,63,59,77,62,1,Not Placed
23,Other,7.6,ECE,3,1,2,1,60,66,65,75,72,1,Not Placed
22,Female,7.98,CSE,1,2,0,2,66,53,70,67,62,1,Placed
20,Female,7.87,ECE,1,4,1,5,87,85,81,95,76,0,Placed
19,Female,6.47,CSE,3,1,0,0,69,55,58,66,65,0,Not Placed
19,Other,6.5,CSE,2,0,1,2,66,62,47,65,53,0,Placed
18,Male,9.53,CSE,1,2,2,3,92,74,81,84,81,1,Placed
21,Male,7.34,CSE,2,1,2,2,82,63,85,76,81,0,Placed
18,Female,7.91,MECH,3,2,5,6,92,90,81,83,78,0,Placed
26,Male,7.51,EEE,3,0,0,1,70,68,65,56,57,1,Not Placed
19,Female,8.1,ECE,3,0,2,1,76,53,77,75,73,1,Not Placed
18,Male,6.01,EEE,1,1,1,5,48,51,66,68,69,2,Not Placed
23,Male,7.57,ECE,3,0,2,1,73,62,77,69,59,2,Not Placed
20,Male,6.67,MECH,1,0,1,0,61,72,58,41,50,1,Not Placed
20,Female,7.58,ECE,2,3,4,3,78,82,95,74,86,1,Placed
18,Male,7.84,CSE,1,2,6,3,66,75,75,70,69,1,Placed
22,Male,7.7,MECH,2,4,4,0,74,72,48,57,72,2,Placed
20,Male,6.43,IT,1,1,4,1,56,64,58,69,65,0,Placed
23,Male,6.41,CIVIL,3,0,1,3,60,73,53,60,70,0,Placed
21,Female,7.31,MECH,3,3,6,1,79,80,58,80,67,0,Placed
24,Other,6.36,IT,1,0,2,4,71,55,60,76,71,0,Placed
21,Female,7.57,CIVIL,1,1,5,3,81,73,80,68,64,1,Placed
22,Female,9.47,CSE,1,2,3,3,89,72,95,88,95,0,Placed
22,Male,9.15,ECE,2,1,3,2,86,76,81,71,84,1,Placed
21,Female,6.84,EEE,3,0,0,2,43,43,62,60,56,0,Not Placed
22,Female,8.18,MECH,2,0,4,2,62,57,62,61,58,2,Not Placed
22,Female,7.98,IT,2,1,3,0,64,55,80,68,66,0,Placed
18,Male,7.28,CSE,3,1,1,1,83,67,80,61,58,2,Placed
22,Male,6.05,CSE,2,0,2,2,51,63,60,57,60,1,Placed
19,Male,7.36,IT,3,0,2,3,66,60,84,73,70,2,Not Placed
21,Male,7.72,IT,2,2,3,3,67,65,82,69,60,0,Placed
18,Male,8.98,IT,2,4,2,3,95,81,85,89,81,0,Placed
18,Female,7.53,ECE,2,1,0,0,64,76,64,50,75,2,Placed
18,Male,8.08,ECE,1,2,2,3,77,65,82,74,70,0,Placed
19,Male,6.13,CSE,2,0,1,0,55,73,56,70,74,0,Not Placed
18,Female,6.79,CSE,2,1,4,0,61,79,67,61,59,2,Not Placed
19,Female,8.09,MECH,2,2,0,5,68,74,82,68,51,0,Not Placed
21,Male,7.52,EEE,2,2,1,2,85,87,79,72,89,0,Placed
20,Male,6.63,IT,2,1,3,3,64,61,57,66,54,1,Not Placed
27,Female,7.12,IT,1,0,1,1,76,74,69,67,55,2,Not Placed
23,Female,6.85,CSE,3,0,0,4,50,66,63,58,42,1,Not Placed
19,Female,7.82,CSE,1,1,1,3,66,88,72,58,54,2,Placed
20,Male,7.11,MECH,1,1,1,2,82,85,82,84,66,0,Placed
20,Female,7.51,CSE,2,1,0,1,73,62,64,55,75,0,Not Placed
20,Female,7.47,CSE,1,1,6,2,76,85,64,66,42,0,Not Placed
21,Male,5.74,ECE,2,1,3,0,52,68,57,58,51,5,Not Placed
22,Male,7.36,MECH,3,0,1,2,61,64,67,65,91,1,Not Placed
22,Female,8.44,IT,3,3,6,1,84,82,89,83,83,0,Placed
20,Female,8.14,ECE,2,0,4,2,77,74,69,83,65,1,Placed
22,Male,6.27,MECH,1,0,1,0,57,59,57,60,59,1,Not Placed
20,Female,6.46,MECH,3,0,2,4,71,70,86,67,77,2,Not Placed
23,Female,7.12,IT,3,0,0,1,48,55,55,52,41,2,Not Placed
26,Male,5.81,CSE,1,0,1,1,47,69,60,58,72,1,Not Placed
20,Male,8.32,ECE,2,3,1,1,80,73,87,78,93,0,Placed
23,Male,7.07,CIVIL,3,1,1,4,63,74,64,64,62,0,Not Placed
23,Other,8.97,EEE,3,3,4,4,81,95,82,88,78,0,Placed
21,Male,7.76,CIVIL,2,1,3,3,61,82,61,65,83,0,Not Placed
18,Female,7.5,ECE,2,0,3,1,58,67,75,63,84,0,Placed
23,Male,8.58,CSE,2,0,6,5,70,75,90,76,66,0,Not Placed
20,Female,5.28,IT,2,1,0,0,40,40,40,45,40,3,Not Placed
19,Female,6.85,MECH,3,1,1,2,77,73,68,66,80,1,Not Placed
21,Female,7.73,CSE,2,2,3,3,63,70,67,56,44,2,Not Placed
20,Female,8.95,ECE,1,1,6,1,84,85,90,76,84,0,Not Placed
18,Male,8.06,IT,2,0,6,1,80,82,73,77,62,1,Placed
27,Male,7.52,IT,3,0,1,3,52,51,52,49,55,1,Not Placed
19,Male,8.92,ECE,3,1,1,0,95,84,88,95,72,0,Placed
21,Female,7.73,IT,1,1,1,0,70,67,60,60,72,0,Placed
22,Male,7.17,CIVIL,3,0,2,1,61,52,47,61,60,1,Placed
18,Male,7.47,IT,1,1,3,1,72,72,67,75,66,0,Not Placed
22,Male,7.63,EEE,3,0,1,0,65,73,63,78,67,0,Not Placed
22,Female,9.04,CSE,2,3,3,2,78,88,84,80,95,0,Placed
21,Male,7.53,IT,1,1,2,1,68,75,67,61,63,0,Placed
21,Male,7.07,CSE,1,1,0,4,66,74,69,76,77,2,Placed
25,Female,8.32,CSE,2,0,5,1,73,86,76,80,66,0,Placed
24,Male,8.78,ECE,1,1,0,2,80,59,64,79,73,0,Placed
18,Female,8.21,IT,1,1,2,1,62,68,89,69,65,1,Placed
20,Female,8.69,CSE,3,2,3,1,83,59,94,76,79,0,Placed
21,Female,8.06,MECH,1,2,0,1,72,72,76,72,78,0,Placed
24,Male,7.51,ECE,3,3,1,1,72,65,54,73,59,1,Not Placed
23,Male,9.39,CIVIL,2,2,0,3,95,66,85,73,79,0,Placed
20,Female,7.55,MECH,2,0,1,0,57,65,68,72,69,2,Placed
24,Male,7.29,ECE,2,2,3,3,60,85,75,68,70,1,Placed
20,Female,8.15,IT,2,0,3,2,84,91,90,75,68,0,Placed
19,Female,8.86,CIVIL,2,1,3,4,95,91,76,85,91,0,Placed
21,Male,7.2,IT,3,2,1,0,57,77,70,71,65,0,Placed
20,Female,6.78,ECE,1,2,3,0,63,58,78,54,61,1,Placed
21,Male,9.29,IT,2,1,2,1,78,65,79,79,75,0,Placed
20,Male,8.26,CSE,3,0,3,4,75,63,85,64,62,0,Placed
23,Male,6.94,MECH,2,1,2,2,62,71,62,72,74,0,Not Placed
25,Female,7.52,CSE,1,0,3,1,63,69,74,66,66,1,Placed
19,Female,7.01,CSE,1,2,0,2,75,71,56,75,78,0,Placed
21,Male,7.83,EEE,2,1,2,1,64,70,67,59,76,2,Not Placed
22,Female,6.66,MECH,3,0,2,2,66,71,51,67,58,0,Not Placed
19,Male,7.66,CIVIL,1,3,2,4,82,77,81,73,77,0,Placed
23,Male,7.73,ECE,2,0,3,1,76,74,69,72,64,2,Placed
21,Female,7.09,IT,1,1,3,2,72,64,67,70,76,0,Not Placed
19,Female,8.42,ECE,3,2,3,1,83,84,83,81,84,0,Not Placed
23,Female,8.7,CSE,3,1,1,4,78,76,73,76,69,0,Placed
20,Female,9.31,CSE,2,1,1,1,64,68,87,69,84,0,Placed
19,Male,7.36,MECH,1,1,4,2,59,60,77,67,63,1,Placed
19,Male,8.3,MECH,2,2,2,0,82,80,70,76,65,2,Placed
23,Male,7.22,CSE,2,0,2,0,60,78,72,54,71,0,Not Placed
25,Female,6.58,IT,2,1,1,3,55,65,66,45,40,2,Placed
20,Male,7.59,CIVIL,2,1,2,1,75,58,75,73,68,0,Placed
18,Male,8.21,IT,1,0,2,1,62,81,79,69,74,0,Not Placed
18,Female,9.09,IT,1,1,3,2,95,77,93,93,83,0,Placed
22,Male,8.39,CSE,3,2,0,3,86,67,79,72,73,0,Placed
20,Female,7.33,IT,2,0,3,1,86,89,79,84,70,1,Not Placed
20,Other,7.93,IT,2,3,2,2,79,73,68,71,78,0,Placed
20,Male,7.44,EEE,3,0,1,2,76,78,63,67,64,2,Not Placed
21,Male,6.94,IT,3,1,1,0,45,75,63,59,60,1,Not Placed
22,Female,5.45,IT,3,0,3,0,43,49,46,58,58,3,Not Placed
21,Female,6.98,IT,2,1,1,2,59,72,65,61,63,1,Placed
19,Male,7.75,IT,2,2,0,0,66,81,71,68,57,1,Not Placed
21,Female,5.71,CSE,2,0,1,1,43,65,50,40,62,1,Not Placed
21,Male,7.03,IT,1,4,3,2,62,65,61,53,57,0,Placed
21,Female,7.35,IT,2,1,1,2,84,69,67,73,55,1,Placed
18,Female,6.85,CSE,2,0,4,0,65,70,54,57,70,2,Not Placed
19,Male,6.37,CIVIL,2,2,2,2,60,83,70,57,69,0,Not Placed
21,Female,7.46,IT,2,1,4,3,65,68,52,53,73,3,Not Placed
19,Male,8.87,EEE,2,4,6,4,89,85,78,74,82,0,Placed
21,Female,8.32,MECH,2,1,2,0,78,60,76,71,69,0,Placed
20,Female,7.77,CSE,1,0,1,3,63,70,64,77,65,1,Placed
19,Female,7.21,CSE,3,0,0,3,63,77,72,77,58,0,Placed
22,Male,7.17,CSE,3,1,2,1,63,57,66,67,77,1,Placed
20,Male,6.65,MECH,2,1,1,3,60,78,66,57,64,1,Not Placed
19,Male,6.83,ECE,2,0,2,3,57,83,71,63,61,0,Placed
23,Male,8.72,IT,2,0,0,2,71,85,74,83,94,0,Not Placed
20,Male,7.11,CSE,3,1,3,1,55,71,67,63,72,2,Not Placed
24,Female,7.55,CSE,2,0,1,3,62,65,68,47,47,2,Not Placed
19,Male,7.67,ECE,3,1,4,1,59,65,70,65,71,1,Not Placed
24,Female,8.0,EEE,2,0,4,2,71,73,64,72,76,0,Not Placed
23,Male,5.71,IT,3,1,0,2,61,67,49,40,54,0,Not Placed
18,Male,7.97,CSE,2,3,0,1,54,71,57,63,63,1,Not Placed
21,Female,8.18,MECH,2,2,2,0,76,71,72,81,85,0,Placed
22,Male,7.58,MECH,1,0,3,4,68,78,68,73,75,1,Not Placed
21,Female,9.96,IT,3,0,6,1,89,91,95,85,79,0,Placed
20,Female,8.6,EEE,2,1,5,1,72,65,83,72,69,0,Placed
25,Female,8.93,MECH,2,2,4,0,77,89,90,72,84,0,Placed
22,Female,10.0,IT,1,3,6,7,95,82,95,95,95,0,Placed
26,Female,8.25,CSE,2,3,2,5,83,68,66,80,76,2,Not Placed
23,Other,7.57,IT,2,1,3,1,70,79,75,74,74,1,Placed
23,Male,8.11,CSE,2,0,2,4,70,73,79,78,74,0,Placed
22,Male,7.53,CSE,2,2,3,2,61,52,67,60,78,0,Not Placed
22,Female,7.43,MECH,2,0,6,3,82,58,75,62,72,2,Placed
24,Male,6.89,MECH,3,1,3,0,58,66,65,58,67,1,Placed
21,Male,8.0,ECE,2,2,5,2,90,57,79,69,75,2,Placed
18,Female,7.05,MECH,3,3,0,2,64,68,63,60,66,2,Not Placed
21,Male,7.39,CIVIL,1,0,0,0,60,71,59,56,70,0,Not Placed
18,Male,7.84,EEE,2,1,2,2,72,73,66,73,54,0,Placed
25,Female,8.06,MECH,2,1,2,1,63,65,65,72,59,0,Placed
22,Male,5.64,MECH,3,0,0,3,46,53,51,48,58,2,Not Placed
21,Male,6.38,CSE,2,0,1,4,61,53,62,55,52,0,Not Placed
19,Female,6.38,CIVIL,2,0,1,1,68,73,56,71,63,0,Not Placed
21,Female,7.75,CIVIL,3,0,0,1,52,69,47,64,64,0,Not Placed
20,Female,7.7,CSE,3,2,3,1,74,76,65,79,67,1,Placed
22,Male,7.57,ECE,3,0,1,4,56,66,76,77,79,0,Placed
21,Male,8.52,CSE,2,1,2,4,71,83,66,87,73,0,Placed
21,Female,8.04,IT,3,0,5,2,78,74,77,74,79,0,Placed
19,Male,8.62,ECE,3,0,3,3,80,88,79,81,82,0,Placed
21,Female,8.66,CSE,2,3,6,1,80,80,71,75,63,0,Placed
21,Female,7.76,ECE,2,0,3,1,71,69,66,76,70,0,Placed
23,Male,8.58,IT,2,1,6,2,78,70,95,74,83,0,Placed
24,Female,8.21,CSE,2,2,1,4,63,83,82,83,63,0,Placed
22,Female,7.59,EEE,2,1,0,2,72,70,62,55,64,0,Placed
20,Female,8.69,CIVIL,1,1,0,2,81,88,87,80,69,0,Placed
18,Female,5.39,CSE,2,0,1,1,40,47,42,45,60,2,Not Placed
24,Male,7.83,IT,3,1,3,3,64,68,66,58,67,0,Placed
28,Female,6.75,CSE,2,2,0,3,66,72,71,66,75,1,Not Placed
19,Female,9.26,CSE,1,2,1,6,86,82,82,71,73,0,Placed
22,Female,8.84,IT,2,2,2,0,95,84,87,83,94,0,Placed
20,Male,6.27,CSE,3,0,2,1,43,51,56,47,52,1,Not Placed
19,Female,8.24,ECE,2,1,3,3,72,67,77,71,66,0,Placed
28,Male,6.73,CSE,3,0,0,3,47,68,55,49,45,2,Not Placed
25,Male,5.99,EEE,1,0,2,0,59,66,60,51,52,3,Not Placed
27,Male,7.48,CSE,2,2,6,4,57,73,60,60,64,2,Placed
19,Male,7.35,MECH,2,0,2,0,64,77,70,67,62,0,Placed
21,Male,5.93,IT,3,1,1,1,56,63,43,58,54,2,Not Placed
24,Male,7.05,CSE,2,4,3,6,65,71,77,63,69,1,Placed
22,Male,9.19,CSE,3,2,0,1,76,74,72,70,76,0,Placed
20,Male,7.92,ECE,1,2,6,1,81,65,91,81,61,0,Placed
21,Male,7.25,MECH,2,1,1,3,52,67,80,62,53,0,Placed
18,Male,7.1,ECE,2,0,4,1,63,80,72,74,93,0,Placed
21,Male,8.0,IT,3,1,2,4,60,63,59,59,72,0,Not Placed
23,Male,8.83,EEE,2,3,2,1,84,88,86,92,67,0,Placed
18,Male,5.0,CSE,2,0,0,1,40,40,49,46,43,2,Not Placed
19,Female,6.94,ECE,3,0,3,1,81,73,59,57,49,1,Placed
21,Male,6.87,CSE,1,2,1,1,71,68,81,61,72,0,Not Placed
21,Female,6.32,MECH,2,1,3,2,55,54,59,62,55,2,Not Placed
20,Male,7.61,MECH,2,0,1,3,66,65,72,59,74,3,Placed
18,Male,8.14,CSE,1,0,6,3,64,51,75,66,57,0,Not Placed
22,Male,6.43,CSE,2,0,0,1,58,65,48,67,59,1,Not Placed
19,Male,7.25,EEE,2,1,1,3,65,79,62,65,80,0,Placed
22,Female,8.24,ECE,1,0,3,1,72,79,79,79,79,1,Placed
21,Female,6.29,ECE,1,3,5,4,68,67,68,65,74,2,Not Placed
20,Female,7.77,ECE,1,0,1,0,56,64,76,67,66,1,Not Placed
21,Male,6.85,CSE,2,2,3,3,56,68,72,66,82,0,Not Placed
22,Male,7.27,EEE,2,0,3,1,73,61,82,77,70,2,Placed
21,Female,6.06,CSE,1,0,2,3,61,64,52,66,55,4,Placed
21,Male,7.94,ECE,3,1,2,2,71,70,72,82,62,1,Not Placed
20,Male,6.61,IT,1,0,1,2,64,57,53,72,57,2,Not Placed
20,Male,9.5,IT,2,1,6,4,80,90,73,66,89,0,Placed
21,Other,6.74,MECH,2,1,1,3,73,72,79,73,65,0,Placed
20,Female,7.99,IT,1,1,1,2,87,82,76,84,74,1,Placed
20,Male,6.27,IT,3,0,0,1,54,56,62,52,70,3,Placed
19,Male,6.69,MECH,2,1,1,3,70,73,72,73,75,1,Not Placed
22,Female,6.99,ECE,2,0,0,1,52,51,59,46,51,1,Not Placed
19,Male,6.04,MECH,3,0,1,1,59,61,50,58,72,2,Not Placed
24,Male,9.41,MECH,2,3,2,2,77,84,84,74,81,0,Placed
21,Male,8.7,EEE,3,0,3,2,73,71,76,70,78,0,Placed
18,Male,5.79,CSE,2,0,0,3,58,50,55,71,65,1,Placed
22,Male,6.04,CSE,1,1,2,2,67,57,68,65,66,1,Not Placed
20,Female,7.32,IT,2,0,4,4,60,74,75,65,67,2,Placed
24,Female,7.68,CSE,2,0,4,3,75,75,83,81,69,1,Not Placed
25,Female,6.03,IT,3,0,0,1,48,56,62,53,48,2,Not Placed
23,Male,5.83,CSE,1,0,2,1,51,58,55,45,60,1,Not Placed
21,Male,8.42,CSE,1,1,4,0,70,77,68,87,84,0,Not Placed
24,Female,5.67,IT,2,0,0,0,49,51,40,52,40,1,Not Placed
22,Male,6.89,CSE,2,0,5,2,63,80,65,54,59,2,Placed
24,Male,8.13,CSE,2,0,3,3,69,59,81,52,66,0,Placed
19,Male,7.99,EEE,2,1,3,0,76,84,74,80,56,1,Placed
24,Male,7.76,MECH,2,0,5,2,70,63,74,79,47,0,Placed
22,Male,7.75,ECE,1,1,1,0,57,75,78,75,72,0,Placed
20,Male,8.11,CIVIL,3,1,4,5,82,67,75,74,65,0,Placed
28,Female,7.78,CSE,2,2,4,1,78,68,59,60,65,0,Not Placed
22,Male,7.34,EEE,3,0,0,2,58,60,69,54,46,0,Not Placed
24,Female,6.31,IT,2,0,3,3,56,73,58,50,66,1,Not Placed
18,Female,7.79,IT,3,0,2,1,64,79,65,69,76,1,Placed
21,Male,8.93,ECE,3,3,3,1,88,84,89,80,79,0,Placed
22,Female,8.39,EEE,2,1,2,1,73,91,69,77,81,0,Placed
18,Female,8.19,CSE,3,2,2,2,83,83,64,75,83,0,Not Placed
22,Male,7.5,IT,1,0,3,4,74,58,56,61,50,3,Placed
22,Female,6.66,EEE,1,3,1,1,56,76,65,67,68,1,Placed
19,Female,7.06,ECE,2,1,3,1,64,74,68,73,57,0,Placed
22,Female,7.04,IT,1,0,3,3,76,54,68,75,66,0,Placed
19,Male,7.21,CSE,2,0,1,2,54,65,73,48,52,1,Placed
23,Male,7.6,CSE,1,4,5,3,70,76,83,77,76,0,Placed
23,Male,9.19,IT,1,2,2,4,77,76,75,85,66,0,Placed
21,Male,7.96,IT,2,0,4,0,76,67,67,68,64,1,Not Placed
21,Male,7.8,CSE,3,2,5,2,80,70,83,67,67,0,Not Placed
20,Female,8.21,EEE,2,1,2,2,62,47,71,87,67,1,Placed
20,Male,8.21,EEE,3,0,5,1,70,73,83,70,73,0,Placed
24,Male,7.12,CSE,3,0,3,3,42,56,64,51,70,0,Placed
20,Male,7.84,CSE,3,1,1,0,70,65,69,68,76,1,Placed
20,Male,8.54,MECH,1,1,2,3,73,79,73,69,70,0,Placed
20,Female,7.28,MECH,3,1,3,2,75,73,82,61,60,0,Placed
22,Female,7.03,CIVIL,2,4,0,3,58,44,50,65,53,0,Not Placed
23,Male,5.0,EEE,2,0,1,1,44,40,48,51,53,1,Not Placed
19,Male,6.27,CIVIL,3,3,3,2,47,49,55,63,61,0,Placed
19,Male,8.57,CSE,3,1,2,3,65,88,75,71,60,3,Placed
18,Female,7.79,CSE,2,0,6,2,72,60,63,56,83,0,Not Placed
19,Male,9.51,CSE,2,4,2,1,89,89,95,82,67,0,Placed
20,Male,8.28,ECE,2,0,1,3,76,67,81,86,73,0,Placed
22,Male,7.8,CSE,1,1,3,1,56,79,69,71,60,1,Placed
21,Male,7.21,ECE,2,0,2,4,59,88,71,71,80,1,Placed
18,Male,8.14,CSE,2,2,1,4,75,76,89,70,68,0,Placed
21,Female,6.69,ECE,2,1,1,1,69,76,65,62,54,2,Not Placed
23,Male,6.01,MECH,1,2,5,4,64,87,61,65,52,5,Not Placed
20,Male,6.48,EEE,2,1,0,2,56,58,48,62,58,0,Placed
19,Male,8.9,IT,1,1,4,2,85,76,84,85,84,0,Placed
22,Male,7.54,CSE,2,1,5,1,71,75,69,68,69,0,Placed
18,Female,6.8,CSE,3,0,2,1,61,56,65,65,54,0,Not Placed
23,Female,7.66,ECE,1,2,0,1,60,73,67,70,66,0,Placed
23,Female,8.4,CSE,3,0,0,3,68,79,81,73,78,1,Placed
24,Female,6.68,EEE,2,2,1,1,66,54,81,76,65,0,Placed
18,Female,6.62,CIVIL,2,1,2,2,73,62,67,64,62,1,Not Placed
18,Female,7.29,CSE,1,1,0,2,55,55,69,54,58,2,Placed
24,Male,8.1,CSE,1,0,5,3,69,49,80,72,75,0,Placed
21,Female,7.85,CSE,3,1,4,2,66,66,71,67,63,0,Placed
20,Female,7.74,MECH,1,0,4,2,75,58,76,66,72,0,Placed
21,Female,7.5,CSE,2,0,2,1,61,65,49,63,69,2,Not Placed
18,Male,7.42,EEE,3,1,0,2,60,88,74,68,58,2,Not Placed
22,Female,8.13,IT,2,0,4,1,63,68,78,59,63,1,Placed
25,Male,6.75,IT,2,0,1,1,61,81,51,53,62,1,Not Placed
22,Female,8.88,EEE,2,1,3,0,62,74,72,80,76,0,Placed
21,Male,8.4,IT,3,0,0,1,75,79,72,71,79,0,Placed
26,Male,8.4,MECH,3,3,6,1,86,85,67,72,71,0,Placed
22,Male,8.49,CSE,3,1,1,4,74,74,71,94,79,0,Placed
18,Female,6.61,EEE,1,0,2,3,67,63,61,56,75,1,Not Placed
22,Female,6.45,MECH,2,1,2,3,55,55,54,68,58,1,Not Placed
18,Male,6.62,CSE,2,1,1,1,64,56,60,69,70,2,Not Placed
20,Male,7.14,ECE,3,1,3,2,64,62,68,60,44,1,Not Placed
21,Male,8.56,ECE,2,1,2,2,70,70,79,66,49,0,Placed
19,Male,6.32,CSE,2,0,0,2,66,60,66,47,56,2,Placed
18,Male,8.36,ECE,2,0,4,1,65,69,67,72,70,0,Placed
21,Female,6.5,CSE,3,1,1,1,48,61,69,58,53,3,Not Placed
20,Female,5.87,EEE,2,0,1,0,53,61,54,58,51,1,Placed
21,Male,8.16,ECE,1,1,3,3,75,79,72,68,74,0,Placed
19,Female,6.92,IT,3,1,1,2,60,84,71,78,53,3,Not Placed
22,Male,6.99,EEE,2,1,1,2,70,63,73,50,64,2,Not Placed
24,Female,6.32,EEE,1,3,2,1,65,72,53,67,60,3,Not Placed
18,Male,7.18,CSE,2,2,1,2,74,67,68,77,67,1,Not Placed
23,Female,8.6,CSE,2,2,3,5,75,94,90,93,95,0,Placed
19,Male,7.37,CSE,2,2,2,1,90,73,71,61,54,2,Not Placed
20,Male,6.6,MECH,2,1,4,3,69,66,72,82,58,1,Not Placed
20,Male,8.76,IT,3,2,5,1,78,69,88,78,88,0,Placed
19,Female,6.46,CSE,1,0,2,1,46,50,64,40,47,1,Not Placed
18,Female,10.0,IT,2,2,1,1,86,94,88,90,86,0,Placed
22,Female,9.87,IT,1,0,4,3,86,78,95,94,79,0,Placed
23,Female,5.0,IT,1,0,0,0,40,49,62,52,48,3,Not Placed
28,Male,7.74,IT,3,0,3,1,66,76,67,79,52,0,Not Placed
25,Female,7.34,CSE,3,1,3,1,68,60,67,68,55,4,Not Placed
20,Female,6.91,CSE,3,0,0,1,65,67,62,55,72,1,Placed
19,Male,7.09,EEE,2,1,2,3,45,74,71,59,72,1,Not Placed
18,Male,8.47,ECE,2,3,0,1,87,86,68,82,73,0,Placed
21,Male,8.29,ECE,2,1,0,1,57,75,62,70,63,0,Placed
23,Male,6.55,CSE,2,0,2,6,52,70,62,66,54,1,Not Placed
19,Male,7.79,CIVIL,2,2,1,5,73,69,72,56,67,1,Not Placed
19,Female,8.12,CSE,1,0,1,3,77,67,69,82,64,0,Placed
20,Female,6.53,EEE,3,1,2,3,65,65,47,61,66,2,Not Placed
24,Male,6.68,EEE,3,0,2,1,57,44,62,46,71,1,Not Placed
20,Female,8.88,CSE,3,2,2,0,94,65,84,91,93,0,Placed
22,Female,7.04,CSE,1,0,2,1,56,70,65,57,63,2,Placed
21,Female,7.39,EEE,2,1,3,1,62,70,67,67,73,1,Not Placed
20,Female,6.39,ECE,2,1,2,3,66,76,75,70,72,0,Not Placed
20,Female,8.61,CIVIL,2,2,5,1,71,82,66,72,70,1,Placed
22,Male,9.51,EEE,2,2,6,2,87,64,89,81,71,0,Placed
22,Female,8.04,CIVIL,2,2,1,0,83,83,88,70,88,2,Not Placed
20,Male,6.0,ECE,1,0,0,1,58,71,54,68,58,1,Placed
19,Male,6.25,IT,1,0,0,2,64,61,56,40,67,1,Placed
19,Male,7.49,CIVIL,1,2,0,3,63,68,64,65,76,2,Not Placed
18,Female,7.29,MECH,2,2,1,1,64,62,62,60,60,1,Placed
18,Female,5.62,CSE,2,0,3,0,57,73,50,44,57,1,Not Placed
19,Male,7.98,ECE,3,1,4,4,59,76,80,73,67,1,Not Placed
22,Female,6.52,CSE,1,1,1,3,65,56,62,42,40,0,Placed
23,Male,8.38,CIVIL,2,2,3,3,81,71,83,80,73,0,Placed
22,Female,9.31,ECE,1,2,3,2,83,79,78,82,95,0,Placed
22,Male,6.88,IT,2,1,0,2,59,82,56,72,62,0,Not Placed
28,Female,7.42,CIVIL,1,1,1,1,74,72,72,74,78,0,Placed
26,Female,7.99,IT,2,0,0,0,61,61,63,62,54,1,Not Placed
19,Male,9.03,IT,3,1,2,3,76,66,72,81,92,0,Placed
19,Female,7.12,IT,3,1,2,0,53,77,70,63,45,0,Placed
19,Female,6.95,CSE,2,1,3,0,67,51,62,55,59,3,Not Placed
24,Male,7.75,CSE,2,3,3,4,52,61,51,55,81,1,Placed
18,Female,7.04,ECE,3,0,0,2,67,57,56,58,62,0,Placed
20,Female,7.35,CSE,2,0,3,1,59,52,62,63,77,1,Placed
21,Male,8.22,CIVIL,2,2,3,5,72,84,77,69,81,0,Placed
21,Male,7.42,IT,3,0,1,2,47,67,58,63,57,0,Not Placed
21,Female,9.7,IT,2,2,3,1,75,94,94,84,59,0,Placed
23,Female,7.09,CSE,3,0,1,1,65,57,66,52,45,3,Not Placed
21,Female,9.09,IT,3,2,3,2,84,93,90,73,79,0,Placed
23,Female,7.67,EEE,3,0,3,2,57,52,44,46,47,1,Not Placed
18,Female,7.46,CIVIL,1,0,2,3,68,66,72,70,69,1,Not Placed
23,Male,8.08,CSE,2,1,1,4,69,79,65,61,61,1,Placed
21,Male,6.96,CSE,2,0,4,2,65,76,71,75,73,0,Placed
19,Male,7.57,CSE,2,3,3,1,77,90,75,80,72,1,Placed
26,Male,9.86,ECE,2,0,3,3,84,76,84,86,75,0,Placed
25,Female,8.9,CSE,1,1,2,5,79,87,82,73,71,0,Placed
23,Female,7.4,CSE,2,2,3,3,61,55,65,65,61,2,Not Placed
24,Male,7.49,EEE,2,0,0,1,75,82,69,66,80,1,Placed
20,Female,6.37,EEE,3,1,4,1,56,67,55,71,73,1,Placed
19,Male,6.23,IT,3,0,1,2,66,63,59,61,60,1,Not Placed
19,Male,6.54,ECE,2,0,2,2,63,67,47,66,50,0,Not Placed
24,Female,7.03,EEE,1,2,2,2,70,68,71,57,84,2,Not Placed
23,Male,6.75,CSE,2,1,3,3,64,76,71,69,76,0,Not Placed
27,Female,6.63,ECE,2,0,2,1,57,52,54,40,47,1,Not Placed
23,Male,7.25,CSE,2,1,1,2,73,95,59,74,60,0,Placed
21,Male,9.48,IT,2,2,1,4,73,71,76,79,81,0,Placed
19,Female,8.16,IT,2,2,4,2,76,80,71,86,82,0,Placed
19,Female,7.05,EEE,1,0,3,2,76,57,43,46,72,2,Not Placed
21,Female,6.73,IT,2,0,1,1,52,66,52,50,72,1,Not Placed
22,Female,8.33,EEE,3,2,0,0,83,64,58,63,64,1,Not Placed
19,Female,5.28,IT,3,1,0,0,52,55,54,61,40,2,Not Placed
24,Female,8.75,ECE,2,2,2,4,74,86,81,75,69,0,Placed
22,Male,7.65,MECH,2,1,1,0,69,68,83,63,61,1,Not Placed
20,Male,9.07,IT,3,1,6,6,86,81,82,78,93,0,Placed
24,Female,5.39,ECE,2,0,1,1,40,58,54,54,47,1,Not Placed
21,Female,8.01,ECE,2,2,3,2,74,79,82,76,85,0,Placed
22,Male,7.22,MECH,2,1,2,2,74,73,65,72,70,0,Not Placed
20,Male,7.22,ECE,3,2,2,5,63,58,72,54,49,2,Placed
20,Male,7.06,ECE,3,2,3,1,47,74,61,72,60,1,Not Placed
18,Male,8.49,MECH,2,1,4,2,82,71,82,82,89,3,Placed
21,Male,7.7,CIVIL,2,2,4,1,74,92,68,66,78,0,Placed
22,Female,10.0,MECH,2,3,3,2,95,93,82,89,77,0,Placed
26,Female,8.37,CSE,2,1,2,2,71,75,74,83,73,0,Placed
24,Other,7.3,ECE,1,1,2,2,74,55,61,68,61,2,Placed
18,Female,6.13,IT,2,0,3,1,61,67,49,52,64,0,Not Placed
27,Male,6.04,IT,1,0,0,2,60,65,61,59,60,0,Not Placed
19,Female,9.34,ECE,3,3,4,3,87,55,84,67,69,0,Placed
18,Female,6.36,CSE,2,0,0,2,59,57,73,60,56,1,Not Placed
22,Female,8.86,EEE,2,4,2,1,74,72,71,81,87,0,Placed
24,Male,8.21,CSE,3,1,1,3,66,43,82,57,75,0,Not Placed
25,Female,7.29,MECH,2,0,2,1,78,70,70,77,61,1,Not Placed
23,Male,6.34,IT,2,1,2,0,64,66,66,75,60,0,Placed
19,Male,8.55,CSE,2,2,3,4,80,64,75,67,79,0,Placed
19,Male,8.92,ECE,3,3,2,3,70,72,78,72,73,0,Placed
18,Male,7.4,EEE,2,0,2,2,64,48,67,58,72,0,Placed
21,Female,8.45,ECE,2,1,4,0,76,80,76,69,75,0,Placed
21,Male,6.93,EEE,2,1,3,2,74,75,64,75,68,0,Not Placed
18,Male,7.52,MECH,2,1,0,2,54,44,65,69,56,1,Not Placed
21,Female,7.85,CSE,2,0,5,3,73,75,67,76,66,1,Placed
21,Female,8.02,CSE,2,0,2,1,73,60,85,66,49,0,Placed
22,Male,8.24,CSE,2,2,3,0,55,76,64,77,69,0,Placed
20,Male,7.41,CSE,2,1,3,2,66,67,57,64,64,2,Placed
20,Male,6.71,ECE,2,0,2,0,51,71,53,61,52,1,Not Placed
22,Female,9.34,CSE,2,4,5,5,89,74,84,93,86,0,Placed
22,Female,9.03,IT,3,2,3,2,72,63,69,82,95,0,Placed
19,Male,8.78,IT,2,3,1,1,83,72,72,69,76,1,Not Placed
18,Female,6.79,ECE,3,1,1,1,53,80,61,63,72,1,Not Placed
25,Female,7.11,CIVIL,2,2,0,1,59,74,67,72,57,0,Not Placed
22,Female,9.48,EEE,2,2,2,3,82,69,74,78,85,0,Placed
19,Male,7.27,CSE,2,1,2,2,58,55,75,72,63,2,Not Placed
21,Female,6.77,IT,2,1,2,1,61,74,58,61,64,0,Not Placed
21,Male,9.7,CSE,2,2,0,1,79,90,85,82,83,0,Placed
19,Male,7.88,IT,3,3,1,2,64,75,64,69,63,1,Placed
19,Male,8.44,ECE,2,0,2,5,91,79,95,85,67,0,Placed
25,Male,6.61,CIVIL,2,0,2,3,56,55,49,56,52,2,Not Placed
21,Male,8.04,CSE,2,1,3,0,83,70,74,63,67,0,Not Placed
19,Male,9.72,CSE,2,1,2,2,86,75,82,80,74,0,Placed
23,Male,7.53,CSE,2,1,1,1,74,74,73,69,63,0,Placed
21,Male,7.49,ECE,2,2,1,1,69,79,69,70,60,0,Placed
21,Female,5.53,CIVIL,2,0,3,0,71,62,55,51,64,1,Not Placed
20,Female,8.03,IT,1,1,3,2,95,81,80,89,81,0,Placed
18,Female,7.18,IT,1,0,1,0,64,69,64,47,76,1,Placed
19,Male,8.73,CSE,2,1,0,1,62,76,71,65,91,0,Not Placed
26,Male,6.57,ECE,2,2,2,1,51,58,61,48,64,2,Placed
21,Female,8.55,CSE,1,1,3,4,90,83,85,79,62,0,Placed
23,Female,8.61,CSE,3,0,6,6,76,93,69,69,73,0,Placed
18,Male,7.02,EEE,1,2,2,3,69,55,65,72,57,0,Not Placed
22,Female,7.09,CSE,2,0,2,2,48,61,63,54,76,0,Placed
21,Female,8.91,CSE,2,1,1,1,82,88,82,72,80,0,Not Placed
22,Female,7.7,CSE,1,0,2,1,63,56,60,71,63,1,Placed
20,Female,6.43,CSE,2,0,4,1,55,56,58,42,70,2,Not Placed
21,Male,6.49,ECE,1,1,2,2,59,74,42,53,50,0,Not Placed
18,Female,6.11,CSE,1,0,3,2,65,69,69,48,62,2,Not Placed
18,Female,6.2,ECE,2,0,1,0,59,59,64,58,51,2,Not Placed
23,Female,7.21,ECE,3,0,2,2,65,69,58,57,62,2,Not Placed
19,Female,8.04,IT,2,0,3,5,66,67,78,73,85,1,Placed
18,Female,7.34,CSE,2,2,3,3,69,76,60,61,55,0,Placed
24,Female,7.99,ECE,1,0,4,2,65,78,67,64,86,0,Placed
19,Male,7.37,ECE,3,1,3,2,56,63,73,71,64,0,Not Placed
21,Male,7.87,EEE,2,1,2,2,64,67,69,63,64,1,Placed
23,Female,9.43,ECE,1,1,3,3,95,91,84,82,75,0,Placed
22,Female,7.63,MECH,2,2,1,6,66,70,55,69,73,1,Not Placed
18,Male,7.17,ECE,3,2,3,0,74,87,80,66,74,1,Not Placed
21,Male,5.71,MECH,2,2,1,0,62,55,45,53,48,3,Not Placed
21,Other,8.18,ECE,1,3,4,2,79,88,75,83,93,0,Placed
20,Male,7.34,CIVIL,1,0,1,3,73,60,52,68,65,1,Not Placed
22,Male,8.65,MECH,3,0,2,1,75,71,76,71,86,0,Placed
26,Female,8.08,CSE,3,0,2,0,66,67,79,66,80,2,Not Placed
19,Male,8.23,EEE,1,0,2,1,71,93,72,66,74,0,Placed
19,Male,7.79,CSE,2,2,1,2,70,63,72,72,72,0,Not Placed
22,Female,7.16,MECH,1,2,1,0,63,57,64,61,55,2,Placed
20,Female,7.55,IT,1,1,3,1,86,80,80,83,82,0,Placed
23,Male,6.61,IT,1,1,2,1,75,83,64,67,63,1,Placed
19,Male,7.03,CSE,2,1,2,3,62,78,68,71,72,0,Placed
18,Male,7.31,MECH,1,1,3,4,73,63,85,63,58,1,Placed
22,Female,7.67,CIVIL,2,2,3,2,72,69,79,71,74,1,Placed
28,Male,7.02,IT,2,1,3,2,62,73,69,71,76,1,Not Placed
18,Male,7.08,CSE,2,1,0,1,68,60,72,68,80,2,Not Placed
23,Female,6.2,EEE,3,0,2,1,66,82,69,53,52,2,Placed
20,Female,8.07,CSE,2,2,5,3,76,54,78,72,71,1,Not Placed
18,Male,6.82,CIVIL,1,1,5,2,64,63,66,54,56,0,Placed
21,Female,7.27,IT,2,0,3,4,68,76,64,66,57,1,Placed
19,Female,7.04,ECE,2,0,0,3,67,71,77,75,70,1,Placed
22,Male,6.78,CSE,2,0,0,0,65,70,75,72,64,1,Not Placed
20,Female,7.56,CIVIL,2,1,4,0,53,66,69,71,49,2,Placed
21,Male,8.05,ECE,2,2,1,5,60,78,71,65,57,1,Placed
19,Male,6.33,CIVIL,2,0,0,1,60,64,54,57,77,0,Placed
23,Male,9.34,IT,3,1,2,1,88,87,87,71,75,0,Placed
24,Male,8.33,ECE,2,4,1,4,82,66,87,71,74,0,Placed
20,Female,7.34,CSE,2,1,3,2,78,64,73,71,74,1,Placed
20,Female,8.24,EEE,3,2,1,2,78,86,82,76,77,0,Placed
27,Female,5.94,CSE,2,0,0,2,47,64,66,49,51,5,Not Placed
19,Female,6.24,IT,1,0,0,0,40,48,51,40,54,0,Not Placed
23,Male,6.96,ECE,2,0,3,0,72,67,67,66,76,1,Not Placed
21,Female,6.77,CSE,2,1,2,1,61,68,66,49,58,1,Not Placed
24,Female,7.46,EEE,3,3,1,2,65,59,74,64,52,0,Placed
20,Male,6.85,MECH,3,1,1,2,68,84,72,74,70,2,Not Placed
20,Female,8.32,ECE,3,3,2,2,76,95,66,87,82,0,Placed
20,Female,6.4,ECE,2,0,0,3,58,58,64,48,59,3,Not Placed
18,Male,8.59,CSE,2,1,1,1,75,91,78,79,69,0,Placed
19,Male,8.27,IT,2,0,1,2,68,77,76,66,78,1,Placed
28,Male,8.0,MECH,2,2,1,2,71,72,72,77,83,0,Placed
19,Female,7.64,CSE,3,2,2,2,68,78,62,58,84,0,Placed
18,Female,8.67,CIVIL,1,0,5,1,86,59,81,75,77,0,Not Placed
19,Female,7.97,IT,2,1,1,0,79,57,62,67,72,0,Not Placed
20,Female,9.15,CSE,2,2,3,2,93,73,83,87,94,0,Placed
21,Male,7.34,IT,3,0,3,2,52,64,67,53,62,1,Not Placed
18,Female,8.77,ECE,2,2,1,4,75,80,73,83,83,1,Placed
23,Male,7.8,CIVIL,1,1,1,0,65,67,65,70,63,2,Placed
23,Female,6.83,EEE,2,0,0,1,58,63,79,65,65,2,Not Placed
19,Male,7.86,ECE,2,3,0,3,75,76,72,74,66,0,Placed
23,Male,7.61,CIVIL,2,0,2,0,71,67,61,67,57,0,Not Placed
20,Male,5.55,CSE,1,0,1,2,40,47,40,43,42,1,Not Placed
20,Male,5.0,IT,2,0,1,1,40,48,40,53,41,2,Not Placed
25,Male,8.49,EEE,2,2,1,4,81,88,74,71,90,0,Not Placed
24,Male,8.7,ECE,1,2,4,0,83,91,83,76,74,0,Placed
20,Female,9.06,CSE,2,1,1,1,80,91,76,76,87,0,Placed
21,Female,7.35,EEE,3,0,5,1,79,56,56,59,56,1,Not Placed
20,Male,7.32,CSE,1,0,1,2,58,76,53,46,58,1,Not Placed
21,Male,6.88,ECE,2,0,3,2,60,50,67,66,49,1,Placed
22,Female,7.76,MECH,2,1,3,0,83,69,78,53,57,0,Placed
18,Female,6.67,CSE,2,0,0,1,55,57,62,42,61,0,Not Placed
24,Female,8.37,EEE,2,3,5,5,81,95,84,74,86,0,Placed
22,Female,8.89,MECH,2,4,3,2,92,86,73,86,92,0,Placed
18,Male,7.89,IT,2,3,4,2,75,74,81,74,66,1,Placed
23,Male,6.51,CSE,3,0,1,1,75,67,62,62,70,4,Not Placed
22,Female,7.25,MECH,2,0,0,4,64,53,53,55,59,2,Not Placed
20,Female,8.71,IT,3,4,4,3,85,66,68,91,82,0,Placed
21,Female,7.35,IT,3,1,0,2,71,71,71,66,84,2,Placed
23,Female,7.85,CSE,1,2,2,6,57,67,84,62,61,2,Placed
26,Male,7.86,CSE,1,0,1,2,85,71,72,79,75,1,Not Placed
20,Male,7.3,ECE,3,0,3,0,56,65,58,62,65,2,Not Placed
22,Male,7.35,MECH,2,3,3,0,71,75,69,71,77,2,Placed
23,Female,6.22,ECE,2,1,0,2,61,54,64,55,51,2,Placed
27,Female,8.96,CSE,1,1,0,4,75,74,85,75,80,0,Placed
18,Male,6.98,CIVIL,3,2,1,2,75,87,65,55,73,0,Placed
21,Male,8.81,IT,2,0,3,2,76,86,87,85,87,1,Placed
24,Female,6.11,CSE,2,2,2,1,69,69,78,73,68,2,Not Placed
18,Male,8.01,CIVIL,1,1,1,2,69,60,75,77,64,3,Not Placed
20,Female,6.13,IT,1,0,1,1,44,66,53,49,59,1,Placed
21,Male,8.14,IT,3,1,0,0,77,67,81,79,69,0,Placed
21,Female,6.66,MECH,2,0,5,2,56,51,60,53,71,1,Not Placed
22,Female,6.57,CSE,3,1,1,2,75,77,65,57,75,3,Not Placed
18,Male,6.98,ECE,1,0,6,1,67,87,64,57,42,2,Placed
23,Female,7.87,MECH,2,1,1,1,68,58,60,71,68,0,Not Placed
20,Female,6.25,CSE,3,0,0,0,50,55,50,57,53,1,Not Placed
23,Male,6.85,MECH,2,0,0,4,61,70,57,76,64,0,Not Placed
20,Male,8.49,CSE,2,2,2,2,83,72,69,76,92,0,Placed
18,Female,7.44,MECH,1,1,4,5,44,71,64,63,76,1,Placed
26,Female,7.11,IT,2,0,4,3,69,74,64,72,56,3,Placed
23,Female,7.0,ECE,2,0,1,1,73,75,62,72,62,0,Not Placed
20,Male,7.37,ECE,1,0,3,0,57,61,58,66,75,0,Not Placed
19,Female,6.76,CSE,2,1,1,5,57,60,61,57,65,0,Not Placed
21,Female,7.44,CSE,1,0,4,3,68,66,73,72,75,0,Placed
27,Male,8.1,EEE,3,4,2,3,77,70,77,74,78,2,Not Placed
20,Male,6.79,MECH,3,0,0,3,56,55,58,47,65,3,Not Placed
25,Male,7.8,CSE,1,2,0,2,54,66,58,60,58,3,Not Placed
20,Female,5.87,EEE,3,1,3,1,51,43,50,69,60,2,Not Placed
22,Male,8.2,IT,2,1,2,1,82,67,80,84,76,0,Placed
20,Female,8.79,ECE,3,1,3,1,68,91,59,71,83,1,Placed
18,Male,6.88,ECE,2,0,0,2,55,61,60,78,56,2,Not Placed
25,Female,6.95,EEE,1,1,0,3,68,54,65,71,78,1,Placed
19,Male,6.18,ECE,3,0,2,3,57,82,51,61,45,5,Not Placed
25,Female,6.19,CSE,3,1,1,0,55,64,56,58,70,0,Not Placed
18,Female,6.38,CSE,2,0,0,0,53,47,66,55,43,3,Not Placed
19,Female,6.69,IT,2,0,0,3,56,67,61,58,51,1,Not Placed
24,Female,8.4,ECE,3,2,5,2,80,82,95,91,78,0,Placed
22,Male,7.77,CSE,1,2,1,3,51,60,61,64,57,1,Placed
19,Male,7.96,IT,3,0,2,1,80,64,76,95,65,1,Not Placed
21,Male,6.52,CSE,3,0,3,1,64,55,46,59,50,2,Not Placed
19,Male,7.57,IT,2,0,1,2,69,81,71,76,56,1,Placed
24,Female,6.13,ECE,1,0,2,0,61,63,53,54,62,3,Not Placed
18,Male,6.91,CIVIL,1,1,2,0,75,75,64,61,73,0,Placed
21,Female,7.45,CSE,3,1,3,5,67,83,76,66,81,1,Placed
18,Male,9.15,CSE,3,2,2,4,95,82,91,93,83,0,Placed
22,Female,8.46,IT,2,1,0,3,72,90,64,74,74,1,Placed
25,Male,6.67,ECE,3,0,2,4,68,64,55,45,73,1,Not Placed
23,Female,8.54,ECE,3,1,4,1,72,81,76,81,74,2,Placed
20,Female,9.67,IT,3,3,1,4,83,82,88,95,95,1,Not Placed
19,Female,6.36,CSE,2,0,2,3,42,66,62,53,59,4,Not Placed
19,Female,7.19,MECH,3,0,2,1,48,84,50,58,57,0,Placed
24,Male,8.28,ECE,1,0,6,4,83,86,72,51,66,0,Not Placed
18,Female,6.7,EEE,1,0,0,2,56,77,70,65,57,2,Not Placed
21,Male,7.62,IT,2,1,0,3,66,74,60,60,44,1,Not Placed
20,Male,6.53,MECH,1,0,2,0,52,51,54,44,47,0,Not Placed
28,Male,9.3,EEE,1,2,1,3,85,74,88,88,52,0,Placed
21,Female,6.28,CSE,1,0,0,2,68,49,40,65,52,1,Not Placed
21,Female,7.91,CSE,2,1,1,2,64,57,70,60,62,0,Not Placed
24,Male,7.8,CSE,2,1,1,6,72,79,84,73,72,0,Placed
26,Female,6.97,MECH,3,3,1,2,65,65,69,69,59,0,Not Placed
21,Male,6.33,CSE,2,0,1,2,60,73,61,68,52,3,Not Placed
23,Male,6.25,IT,2,1,2,1,58,62,46,56,51,2,Not Placed
21,Male,7.32,ECE,3,2,1,2,63,68,55,69,61,0,Not Placed
20,Male,6.45,ECE,3,0,4,1,67,73,61,66,57,1,Placed
18,Female,7.19,IT,2,4,2,0,69,68,79,72,71,0,Placed
22,Male,5.91,IT,2,0,2,4,52,52,54,52,52,2,Not Placed
22,Male,7.38,IT,3,3,3,3,69,83,78,62,89,1,Placed
18,Male,7.46,CSE,3,0,0,1,81,88,60,64,71,0,Placed
19,Female,7.64,CSE,2,0,3,2,66,57,69,70,80,0,Placed
22,Female,9.02,MECH,2,1,2,2,93,75,72,87,81,0,Placed
19,Male,7.19,CIVIL,2,3,2,1,57,74,74,55,58,0,Not Placed
22,Female,7.74,MECH,1,0,5,1,56,68,55,65,65,2,Not Placed
22,Male,7.41,IT,2,0,4,0,64,53,61,62,63,1,Not Placed
20,Female,7.7,CSE,1,0,0,1,62,63,67,61,59,1,Not Placed
19,Male,7.6,ECE,2,0,2,0,65,76,66,67,56,1,Placed
20,Male,7.02,CSE,1,1,2,2,46,70,59,60,68,1,Not Placed
20,Male,5.57,MECH,1,0,1,0,40,53,51,50,61,0,Placed
21,Male,7.04,EEE,1,1,1,5,66,70,61,55,59,3,Not Placed
22,Male,8.78,CIVIL,3,0,3,1,75,47,80,69,64,0,Not Placed
23,Female,7.59,MECH,1,2,4,4,63,71,78,84,78,0,Placed
18,Male,7.91,IT,1,3,3,1,79,81,67,82,77,0,Placed
22,Male,9.61,IT,3,2,3,0,78,72,84,77,83,0,Placed
20,Female,8.62,MECH,2,2,5,1,79,82,80,78,58,1,Placed
23,Female,8.82,ECE,2,0,3,0,91,79,77,76,76,0,Placed
18,Female,7.25,MECH,3,1,0,4,65,70,87,75,75,0,Placed
21,Male,9.68,IT,2,4,2,0,87,81,81,92,74,0,Placed
21,Female,9.28,ECE,2,0,3,4,75,57,73,95,78,0,Placed
20,Female,8.2,IT,2,0,1,4,86,83,72,75,73,1,Placed
26,Female,8.73,CSE,2,0,0,1,91,86,73,75,65,1,Placed
18,Male,6.3,ECE,3,1,1,2,68,78,65,68,72,1,Not Placed
19,Male,7.52,CSE,2,2,0,1,61,64,57,76,77,2,Placed
22,Male,6.93,IT,1,2,3,2,63,70,57,63,60,1,Placed
21,Female,8.81,ECE,2,3,3,0,76,86,70,70,50,1,Not Placed
19,Female,6.97,CSE,2,1,2,3,65,59,55,61,56,1,Placed
20,Male,6.9,EEE,1,0,0,0,59,72,79,66,67,0,Placed
19,Male,5.95,CSE,2,0,0,0,41,52,48,48,45,0,Not Placed
23,Female,7.82,EEE,3,2,1,3,92,80,95,95,95,0,Placed
21,Male,7.56,CSE,1,2,3,4,69,87,74,58,66,1,Placed
19,Female,7.28,EEE,2,0,3,2,68,71,79,64,61,1,Not Placed
20,Female,8.58,IT,2,1,3,1,95,82,76,79,81,0,Placed
24,Male,7.65,EEE,2,0,3,3,68,77,74,71,85,1,Not Placed
24,Female,9.25,ECE,1,1,3,1,71,95,95,82,70,0,Not Placed
18,Female,7.48,IT,3,1,2,0,50,54,63,72,58,2,Not Placed
22,Male,8.77,ECE,1,3,5,5,95,79,92,88,95,0,Placed
19,Male,8.7,IT,3,2,5,2,86,76,85,76,75,0,Placed
19,Female,8.79,IT,1,4,3,5,74,65,60,74,68,2,Placed
23,Male,8.5,IT,3,4,2,3,89,87,76,94,78,0,Placed
24,Male,6.13,EEE,2,0,1,1,61,65,69,45,66,2,Placed
18,Male,7.36,ECE,3,0,1,0,59,57,76,72,76,2,Not Placed
24,Female,9.21,MECH,3,1,5,2,76,79,79,90,95,0,Placed
22,Male,6.15,CSE,3,0,3,4,45,60,40,56,64,1,Not Placed
22,Male,7.83,CSE,3,0,2,2,77,91,61,76,73,0,Placed
23,Male,7.58,IT,2,1,4,4,78,75,77,80,64,0,Placed
21,Male,9.93,ECE,2,4,1,2,95,80,84,93,85,0,Placed
25,Female,5.69,CSE,3,0,0,1,65,62,47,46,63,3,Not Placed
19,Female,7.99,CSE,3,3,1,0,93,78,89,74,87,0,Placed
21,Male,6.27,CIVIL,2,1,2,3,71,73,61,71,60,1,Not Placed
20,Female,6.81,IT,2,1,0,3,66,70,55,56,46,0,Not Placed
23,Female,7.15,IT,1,0,2,1,55,51,59,57,65,2,Not Placed
18,Female,5.93,CSE,2,0,0,1,58,80,63,62,66,1,Not Placed
20,Female,8.62,CSE,2,3,3,2,67,76,62,67,73,3,Placed
22,Male,7.15,CSE,3,0,3,1,44,56,50,63,71,0,Placed
20,Female,8.28,CSE,2,0,1,2,87,70,68,53,68,1,Placed
19,Female,5.63,IT,2,3,1,2,58,76,65,65,60,2,Not Placed
19,Female,5.82,CSE,1,0,0,0,55,50,64,56,51,1,Not Placed
22,Male,6.71,IT,1,2,1,2,64,68,57,64,54,0,Placed
20,Male,8.67,CSE,3,2,2,1,71,72,67,76,67,1,Placed
20,Male,6.97,MECH,1,1,1,0,61,77,56,67,71,1,Not Placed
21,Male,7.14,CSE,3,1,1,2,62,72,71,70,67,1,Placed
25,Male,8.22,CSE,1,0,1,3,61,75,70,83,56,1,Not Placed
23,Male,7.77,EEE,3,2,1,6,81,75,80,74,66,0,Placed
19,Male,7.21,MECH,1,1,4,2,76,67,64,76,53,0,Not Placed
24,Male,6.16,ECE,2,0,1,2,60,70,60,62,71,3,Not Placed
23,Other,8.91,IT,3,1,3,0,63,66,55,64,62,0,Placed
22,Male,7.46,MECH,1,3,3,1,71,76,72,64,74,0,Placed
21,Male,7.15,ECE,2,0,2,1,57,71,57,58,51,1,Placed
18,Female,6.13,IT,3,1,4,2,64,54,47,59,49,1,Not Placed
22,Male,6.98,IT,1,0,0,3,56,70,71,65,43,1,Placed
21,Male,7.56,CSE,2,2,1,3,58,73,74,84,73,1,Not Placed
20,Male,6.89,CSE,2,1,3,2,53,71,69,60,66,1,Not Placed
18,Male,8.18,CSE,3,0,2,2,78,71,75,64,88,4,Placed
19,Female,6.49,CSE,2,0,1,0,42,78,60,52,52,1,Not Placed
21,Male,6.29,CIVIL,2,0,1,0,46,57,67,57,65,1,Placed
18,Male,7.11,MECH,3,1,2,2,64,85,57,72,55,0,Placed
22,Male,7.0,CSE,2,0,2,0,78,74,75,72,51,1,Placed
23,Male,6.11,CSE,1,1,0,4,50,76,57,53,43,2,Placed
20,Female,6.86,ECE,1,0,1,1,67,85,50,64,80,0,Not Placed
18,Male,7.04,IT,2,1,1,2,55,71,67,59,61,1,Placed
19,Male,7.18,MECH,2,1,1,3,62,80,70,64,48,3,Not Placed
20,Male,6.93,CIVIL,2,2,1,1,57,88,76,60,74,2,Placed
23,Female,6.39,IT,2,0,0,1,63,80,67,52,60,1,Placed
21,Male,9.25,CSE,3,1,3,4,78,70,88,80,75,0,Placed
23,Female,6.81,MECH,3,2,2,3,74,69,76,74,77,0,Placed
28,Male,7.37,IT,1,0,1,2,55,64,54,50,46,0,Not Placed
19,Other,7.31,IT,2,0,2,1,79,79,69,69,79,0,Not Placed
22,Male,8.45,EEE,2,1,4,2,67,64,75,65,73,0,Placed
21,Female,9.21,IT,1,2,4,3,78,71,79,69,87,0,Placed
21,Male,6.8,CSE,1,2,0,2,59,69,62,58,76,2,Not Placed
20,Male,8.08,EEE,3,2,0,1,77,73,65,78,62,0,Not Placed
20,Female,8.33,CSE,3,3,1,2,70,61,72,71,70,0,Placed
22,Female,9.48,CSE,3,2,1,2,77,80,88,76,88,0,Placed
21,Female,9.15,IT,3,4,4,3,79,80,83,82,70,0,Placed
20,Male,8.25,CSE,2,2,2,3,73,80,73,73,75,1,Placed
18,Male,6.72,EEE,3,2,1,3,75,65,65,62,65,1,Placed
21,Male,8.06,CIVIL,2,3,2,1,80,63,80,79,56,0,Placed
22,Female,6.95,CIVIL,2,3,0,3,69,79,83,52,89,3,Placed
21,Male,8.46,CSE,1,1,4,2,94,82,82,73,89,0,Placed
18,Male,7.65,CIVIL,2,2,0,1,60,75,77,78,72,2,Placed
20,Male,6.93,CSE,1,1,1,0,73,56,59,75,63,1,Not Placed
22,Female,7.0,IT,3,2,2,2,64,66,61,70,65,0,Placed
22,Male,6.16,CSE,2,0,2,2,52,60,49,45,51,4,Placed
18,Male,7.37,MECH,3,1,0,1,71,70,80,69,67,1,Placed
21,Male,7.61,CSE,2,0,1,2,66,62,60,69,60,2,Not Placed
20,Male,8.57,ECE,2,3,6,4,76,62,69,60,71,0,Placed
22,Male,5.62,EEE,2,1,2,3,56,64,65,61,57,2,Not Placed
19,Female,7.71,IT,2,2,2,2,72,62,61,70,56,0,Placed
21,Male,9.3,EEE,2,1,1,3,86,63,84,80,73,1,Not Placed
25,Male,6.04,IT,1,0,1,2,40,58,51,51,46,3,Not Placed
20,Male,9.06,CSE,3,0,4,1,86,81,71,86,80,1,Placed
20,Male,6.87,IT,1,0,4,2,69,72,65,70,65,1,Not Placed
18,Female,7.15,EEE,3,0,0,3,79,88,67,71,75,0,Placed
18,Male,7.64,CSE,2,3,6,3,69,77,63,77,78,1,Placed
25,Female,7.82,MECH,2,1,5,2,87,63,80,64,55,2,Placed
26,Male,7.01,CSE,3,2,2,3,72,73,71,71,73,1,Placed
18,Male,8.18,EEE,2,0,1,0,69,55,80,71,87,3,Placed
24,Male,8.14,CSE,2,2,0,2,76,77,69,75,84,2,Not Placed
19,Male,8.88,IT,2,2,3,6,84,95,89,80,82,0,Placed
21,Male,8.08,IT,1,0,3,2,68,73,69,81,69,1,Not Placed
22,Male,10.0,IT,2,3,0,4,77,95,95,73,89,0,Placed
20,Female,9.23,CSE,2,3,2,3,76,78,80,70,59,0,Placed
21,Male,5.84,ECE,3,1,2,2,53,48,48,47,45,3,Not Placed
21,Male,10.0,CSE,2,1,6,3,95,90,95,95,93,0,Placed
19,Male,6.9,CSE,1,0,2,2,60,67,64,63,58,1,Not Placed
28,Male,8.6,CSE,1,0,4,1,74,95,87,82,85,0,Placed
19,Male,6.97,MECH,3,2,2,3,76,71,60,73,65,0,Not Placed
18,Female,8.5,CSE,3,1,3,2,81,93,64,75,70,0,Placed
25,Female,7.42,IT,2,0,1,0,40,67,63,62,73,1,Placed
20,Female,7.43,CSE,2,0,6,5,69,74,69,81,68,0,Not Placed
20,Male,7.13,ECE,3,1,3,2,70,53,71,72,66,0,Placed
19,Male,8.75,IT,2,1,6,3,92,95,89,89,76,0,Placed
18,Female,8.02,CSE,3,1,2,2,79,62,66,73,81,1,Not Placed
19,Male,8.47,CIVIL,3,0,4,2,80,76,89,75,69,0,Placed
20,Female,5.82,CIVIL,2,0,0,2,41,53,51,52,41,2,Not Placed
21,Female,8.37,CSE,2,0,2,0,76,73,65,62,67,1,Placed
20,Male,7.43,EEE,1,0,2,2,78,75,80,72,57,0,Placed
24,Male,7.24,MECH,1,4,0,1,70,80,77,64,67,0,Placed
24,Female,8.49,CIVIL,3,1,2,1,80,74,76,87,74,1,Not Placed
20,Male,7.9,CSE,1,1,0,1,66,74,56,59,66,3,Not Placed
25,Male,6.81,EEE,1,3,5,2,65,73,60,64,56,0,Placed
23,Male,8.73,IT,3,2,2,2,78,74,79,80,74,0,Placed
24,Male,5.35,ECE,1,0,0,1,50,60,54,40,40,1,Not Placed
22,Female,8.46,ECE,2,1,0,2,74,91,59,75,63,0,Placed
19,Male,7.51,EEE,2,0,1,0,65,79,66,53,59,1,Not Placed
19,Female,6.7,MECH,1,0,2,2,53,70,59,65,47,0,Not Placed
24,Female,8.05,CSE,1,1,3,1,78,72,79,70,67,4,Placed
21,Female,8.28,CSE,2,2,4,6,84,52,62,70,60,0,Placed
24,Male,8.84,ECE,1,0,0,0,70,72,80,64,67,1,Placed
22,Male,8.07,IT,1,0,2,2,68,67,62,69,73,0,Placed
19,Female,8.34,ECE,3,0,0,2,76,72,78,67,76,0,Placed
20,Female,8.08,EEE,3,0,1,2,89,69,95,67,81,0,Placed
26,Male,7.35,EEE,1,2,2,4,62,77,80,70,58,0,Not Placed
18,Female,7.27,EEE,2,1,3,0,57,56,64,58,65,1,Not Placed
22,Female,6.91,CSE,2,1,0,1,55,63,51,52,74,1,Not Placed
26,Female,7.65,CSE,2,3,4,2,90,86,72,76,82,0,Not Placed
18,Female,7.94,MECH,3,2,3,0,79,94,77,71,59,0,Placed
19,Other,6.07,IT,1,0,1,3,62,66,56,66,58,3,Not Placed
21,Male,6.2,ECE,3,1,3,2,47,40,45,54,57,4,Not Placed
23,Male,7.32,CSE,2,0,3,6,63,81,76,69,76,0,Placed
21,Female,7.06,EEE,2,0,1,6,57,79,62,69,79,1,Placed
18,Female,7.76,CSE,3,2,2,2,56,75,81,67,74,0,Not Placed
19,Female,7.63,EEE,2,0,4,1,71,93,73,78,65,0,Placed
20,Male,6.49,CSE,3,0,1,1,49,64,51,45,60,3,Not Placed
20,Female,6.91,CSE,1,3,2,3,70,75,72,59,73,0,Placed
19,Male,7.39,IT,2,1,0,2,68,77,70,70,72,1,Placed
23,Female,7.64,CSE,2,4,1,0,74,70,73,82,73,1,Placed
18,Female,7.87,CIVIL,2,2,4,3,89,79,81,88,80,0,Placed
23,Male,5.78,IT,1,0,0,1,51,63,72,53,40,1,Not Placed
24,Female,7.53,IT,2,2,2,3,63,71,68,70,69,0,Not Placed
21,Female,8.92,CSE,2,2,5,2,68,70,76,95,75,0,Placed
21,Male,7.75,IT,1,0,6,4,55,79,77,59,57,1,Placed
19,Male,8.47,CSE,2,0,2,3,72,71,63,68,62,0,Placed
21,Female,7.62,ECE,2,0,0,0,64,77,80,80,78,0,Not Placed
20,Female,7.54,CIVIL,2,2,3,1,57,70,74,68,68,0,Not Placed
19,Male,8.09,IT,3,1,2,1,76,86,62,74,68,0,Placed
21,Female,7.83,MECH,2,1,0,1,70,79,69,70,69,0,Placed
18,Female,6.32,CIVIL,2,0,1,0,58,74,60,71,69,1,Not Placed
19,Female,8.42,CIVIL,3,2,0,1,78,80,66,74,77,1,Not Placed
22,Female,8.9,EEE,2,1,3,2,71,72,80,81,70,0,Placed
20,Male,6.61,MECH,3,1,0,3,82,73,64,75,60,0,Not Placed
19,Female,5.87,IT,1,0,2,1,48,54,48,54,50,0,Not Placed
18,Female,6.7,ECE,2,1,6,0,52,77,95,57,74,0,Placed
19,Female,7.6,ECE,2,0,2,3,80,68,80,59,65,0,Placed
21,Male,6.69,CSE,2,0,1,3,60,64,66,61,73,2,Not Placed
21,Male,7.73,IT,2,0,2,3,50,64,54,69,69,1,Not Placed
19,Male,6.01,IT,2,2,2,1,42,55,46,57,74,1,Not Placed
21,Female,8.1,CSE,2,1,3,2,87,74,79,79,74,0,Placed
28,Male,6.81,IT,3,2,1,0,64,78,52,64,69,0,Not Placed
21,Female,5.59,EEE,2,0,2,2,43,43,47,50,57,1,Not Placed
21,Female,7.92,ECE,3,0,1,5,79,65,65,66,60,2,Not Placed
21,Male,6.77,ECE,2,0,2,1,80,66,65,55,62,1,Not Placed
24,Male,8.58,ECE,3,2,2,3,63,67,81,71,70,1,Placed
25,Female,7.41,CSE,1,1,2,2,67,61,76,74,56,1,Not Placed
18,Male,6.33,CSE,3,1,1,1,67,70,66,62,52,0,Placed
19,Female,6.07,CSE,3,0,0,4,52,70,53,47,69,2,Not Placed
18,Female,6.66,MECH,3,2,2,0,61,67,56,76,66,2,Not Placed
22,Male,7.07,MECH,3,3,3,2,58,66,77,79,74,0,Not Placed
18,Female,7.02,ECE,3,4,2,3,67,59,75,78,73,0,Placed
24,Female,6.62,IT,1,0,1,1,72,82,75,62,49,1,Placed
18,Female,7.0,CIVIL,3,0,2,2,65,70,57,65,53,1,Not Placed
21,Female,7.55,CSE,1,0,2,6,59,56,62,75,57,1,Placed
19,Female,9.4,CSE,3,1,5,1,93,91,95,82,73,0,Placed
21,Male,7.03,ECE,2,2,3,2,44,67,68,59,71,2,Placed
20,Male,6.83,ECE,2,2,0,1,56,62,70,65,62,0,Placed
22,Female,10.0,CIVIL,2,2,6,3,95,92,95,95,94,0,Placed
21,Female,7.49,MECH,2,2,2,1,75,76,67,74,79,0,Not Placed
20,Female,6.4,CIVIL,2,2,0,1,62,56,61,53,58,2,Not Placed
22,Male,8.32,EEE,2,1,1,2,70,68,78,87,71,1,Not Placed
24,Male,7.36,CIVIL,2,0,0,1,51,68,56,58,55,0,Not Placed
23,Female,8.6,EEE,2,0,1,1,70,80,72,78,85,0,Placed
22,Female,7.44,ECE,1,0,3,3,66,56,68,62,62,3,Not Placed
21,Female,6.37,ECE,2,3,1,0,74,56,64,54,79,1,Not Placed
24,Male,8.69,MECH,2,4,6,3,88,62,80,82,64,0,Placed
21,Female,7.61,CSE,2,1,1,1,73,60,74,81,71,0,Not Placed
25,Female,7.96,ECE,1,2,6,0,81,75,73,79,71,0,Placed
23,Female,7.9,IT,2,0,4,6,84,65,75,77,60,1,Placed
19,Female,7.22,ECE,3,0,1,2,57,70,67,62,56,1,Placed
18,Male,8.19,ECE,3,0,2,0,87,67,77,71,63,1,Placed
22,Female,9.22,IT,1,1,0,2,84,65,67,83,79,1,Placed
22,Male,7.86,EEE,3,1,2,0,80,59,63,69,60,1,Not Placed
21,Female,8.51,ECE,1,1,2,2,89,87,78,83,76,0,Placed
26,Male,8.37,CSE,1,2,4,3,88,83,65,74,75,0,Placed
21,Female,7.98,ECE,1,0,1,3,72,50,81,82,75,1,Placed
20,Male,8.36,CSE,2,4,3,2,77,69,72,80,57,0,Placed
21,Male,7.55,MECH,3,0,4,3,73,80,65,72,51,3,Not Placed
18,Other,6.3,MECH,3,0,1,5,58,59,53,52,52,2,Not Placed
21,Male,7.96,CSE,2,2,2,3,60,67,57,75,70,2,Not Placed
24,Male,7.79,CSE,2,0,3,2,67,94,58,65,67,1,Not Placed
18,Female,6.33,CSE,1,0,3,3,70,64,68,73,55,2,Not Placed
23,Male,6.9,EEE,3,2,1,3,67,91,89,64,73,0,Placed
23,Female,8.44,CSE,2,2,1,2,70,65,74,65,61,0,Placed
18,Female,7.34,ECE,1,2,2,5,79,80,76,71,78,0,Not Placed
23,Male,8.01,IT,3,1,4,3,59,71,69,79,69,0,Placed
22,Male,8.09,EEE,1,3,3,2,58,91,69,82,60,0,Placed
21,Female,5.39,ECE,1,0,0,1,63,54,42,58,70,0,Placed
19,Female,8.57,ECE,3,4,1,1,93,83,84,91,94,0,Placed
20,Male,6.75,ECE,1,1,1,1,68,63,65,74,67,1,Placed
21,Male,8.33,EEE,1,2,1,3,66,81,57,69,75,1,Placed
19,Male,8.2,IT,2,1,1,2,62,71,53,65,63,0,Placed
20,Male,6.69,IT,2,1,4,3,59,59,67,74,51,0,Not Placed
25,Male,9.18,CSE,3,3,1,0,79,80,72,87,73,0,Placed
22,Female,8.9,CSE,2,3,6,1,80,76,95,78,80,0,Placed
22,Male,7.76,IT,2,1,1,1,84,80,61,73,76,1,Placed
25,Male,6.59,ECE,1,0,6,3,64,60,73,63,78,0,Placed
18,Female,9.21,ECE,2,2,3,2,74,51,61,79,65,0,Not Placed
19,Male,6.66,CIVIL,3,1,2,1,56,77,72,65,73,0,Placed
22,Female,7.43,CSE,1,0,2,1,60,81,62,64,57,1,Placed
20,Female,7.48,ECE,1,1,1,3,69,75,69,75,73,1,Not Placed
18,Male,7.61,EEE,1,0,4,2,64,67,66,61,54,2,Not Placed
23,Male,8.15,IT,3,2,1,3,69,60,65,75,77,1,Not Placed
18,Male,7.19,ECE,3,1,1,1,57,68,76,67,71,0,Placed
21,Male,7.65,IT,2,0,0,0,76,71,78,73,59,0,Not Placed
21,Male,6.17,IT,1,0,2,4,65,69,56,71,66,0,Placed
21,Male,8.24,CSE,3,1,6,3,88,67,66,84,51,1,Not Placed
20,Male,7.04,CSE,1,0,1,0,56,75,60,74,55,2,Not Placed
18,Female,6.76,CSE,2,2,3,1,63,68,66,68,67,1,Placed
24,Male,6.9,MECH,2,0,6,1,61,75,58,62,61,1,Placed
24,Male,7.49,CSE,2,0,2,3,57,65,59,70,52,1,Not Placed
21,Male,8.88,CSE,1,3,2,4,80,66,83,67,64,1,Placed
18,Male,7.3,ECE,3,0,3,3,64,64,63,63,42,2,Not Placed
21,Female,5.75,CIVIL,1,0,2,1,64,66,59,57,54,1,Not Placed
20,Female,8.9,CSE,2,0,4,4,74,86,89,79,65,0,Placed
19,Male,7.11,EEE,2,0,2,1,55,58,58,59,65,0,Not Placed
19,Female,6.7,CSE,3,1,1,1,62,86,52,80,53,0,Not Placed
19,Male,6.07,CSE,2,1,1,0,52,61,46,51,50,1,Not Placed
20,Female,8.14,CIVIL,2,0,0,2,72,70,73,82,80,0,Placed
20,Male,7.59,EEE,1,2,4,3,68,68,72,76,89,0,Placed
23,Female,7.77,ECE,2,3,2,3,81,74,72,77,63,1,Placed
21,Male,7.75,CSE,2,1,2,3,69,68,69,73,76,1,Not Placed
20,Male,7.85,ECE,2,1,3,2,66,70,65,65,77,2,Placed
19,Male,6.67,CSE,2,0,1,1,71,75,56,62,56,2,Not Placed
24,Male,6.54,IT,3,0,2,4,55,60,65,63,57,1,Not Placed
18,Female,9.17,EEE,1,1,2,2,83,80,78,73,78,0,Placed
19,Female,7.31,ECE,3,1,3,3,85,76,82,64,75,1,Placed
21,Male,6.99,ECE,2,1,2,2,50,58,64,70,64,2,Not Placed
22,Other,7.73,CSE,2,1,3,4,70,47,65,59,71,0,Placed
23,Male,7.44,EEE,2,0,1,1,71,63,63,49,81,1,Placed
20,Female,6.23,CIVIL,2,1,0,3,55,58,60,71,57,2,Not Placed
20,Male,7.13,MECH,3,2,2,1,61,57,62,74,77,1,Not Placed
20,Male,7.89,CSE,2,1,2,1,63,45,66,78,40,0,Placed
21,Male,6.21,CSE,2,1,1,1,67,67,64,51,54,1,Not Placed
20,Female,5.61,ECE,2,0,1,1,47,56,40,59,40,0,Not Placed
20,Female,6.1,ECE,2,0,2,0,56,51,47,55,80,3,Not Placed
18,Female,6.8,MECH,1,1,3,5,60,55,70,67,78,2,Placed
25,Male,7.95,IT,3,3,3,0,77,67,70,67,56,0,Placed
18,Male,6.58,ECE,1,1,3,2,58,70,59,63,53,2,Not Placed
19,Female,8.68,CSE,2,1,2,4,66,73,75,81,60,0,Placed
24,Female,7.67,CIVIL,2,1,1,2,68,63,67,77,66,1,Not Placed
22,Male,7.83,CSE,3,1,2,0,66,75,83,79,73,1,Placed
21,Female,7.89,MECH,2,2,5,3,65,77,57,55,56,1,Placed
22,Female,6.47,MECH,1,1,2,0,63,55,68,59,64,1,Not Placed
18,Male,7.44,CSE,1,0,3,4,69,79,72,54,59,1,Not Placed
23,Female,6.63,EEE,2,0,0,1,59,49,66,58,53,1,Placed
19,Male,8.1,IT,2,4,2,1,85,76,78,82,76,0,Placed
25,Male,6.32,CSE,2,2,0,6,55,54,63,51,50,1,Not Placed
19,Female,7.56,IT,3,4,2,2,77,69,76,78,57,0,Placed
21,Female,7.19,CIVIL,2,0,0,1,66,63,65,64,65,1,Not Placed
21,Male,8.09,IT,3,0,1,1,82,82,90,78,73,0,Placed
19,Male,6.5,CSE,1,0,2,2,63,65,48,71,81,1,Not Placed
20,Male,6.68,ECE,3,1,3,2,59,74,57,61,74,0,Placed
23,Male,7.48,IT,1,1,5,1,62,65,78,77,75,0,Placed
19,Female,8.42,CSE,3,0,5,2,83,76,83,77,66,2,Not Placed
26,Male,8.96,CSE,2,2,4,2,85,80,95,83,77,0,Placed
20,Male,7.88,CSE,2,1,2,3,79,75,65,68,54,0,Placed
21,Female,9.37,ECE,2,2,6,0,86,71,86,87,83,0,Placed
21,Male,8.29,ECE,2,0,2,3,65,66,75,61,53,2,Not Placed
21,Male,8.56,EEE,3,3,2,1,78,65,82,64,89,1,Not Placed
22,Female,6.32,CSE,2,1,2,2,45,68,69,59,61,1,Not Placed
22,Male,7.8,MECH,1,0,5,3,71,62,68,67,72,1,Not Placed
21,Male,5.68,IT,2,0,0,0,40,40,51,45,46,1,Not Placed
21,Male,6.99,CSE,1,0,2,2,40,55,48,47,46,1,Placed
21,Male,8.59,CIVIL,2,0,3,3,74,82,82,75,75,0,Placed
20,Female,5.81,EEE,2,1,3,1,53,57,59,47,40,2,Not Placed
18,Female,8.52,ECE,2,1,1,1,57,89,77,78,68,2,Placed
19,Male,8.29,CSE,3,1,3,2,72,77,73,80,86,1,Placed
21,Male,6.59,CSE,2,0,0,2,69,74,67,60,69,0,Not Placed
24,Male,6.53,ECE,3,0,4,2,54,76,69,66,66,1,Placed
18,Female,7.68,MECH,3,1,3,2,59,65,57,64,69,2,Placed
21,Female,6.86,ECE,2,0,2,2,55,67,72,61,58,0,Not Placed
19,Female,6.8,CSE,2,0,4,0,73,58,71,74,64,0,Not Placed
21,Male,6.99,ECE,3,1,4,1,79,69,65,71,69,0,Placed
22,Female,6.61,IT,2,1,3,3,72,63,62,57,58,0,Not Placed
22,Female,8.64,CSE,3,2,3,5,88,90,87,83,63,1,Placed
22,Male,6.89,MECH,2,0,2,2,71,74,58,68,55,2,Not Placed
22,Male,8.19,ECE,1,1,2,0,76,91,88,71,87,0,Placed
18,Male,6.35,EEE,2,0,0,3,65,50,61,62,53,1,Placed
21,Female,8.27,CSE,2,1,2,1,75,71,80,67,58,0,Placed
19,Male,9.37,CSE,1,0,0,3,65,77,83,95,76,0,Placed
24,Male,9.29,ECE,1,0,4,4,83,72,86,86,78,0,Placed
23,Female,6.22,ECE,2,0,1,2,78,67,66,81,66,5,Not Placed
18,Female,8.84,ECE,1,3,3,2,78,70,64,73,63,1,Placed
19,Male,7.92,EEE,1,0,2,4,83,69,72,76,95,1,Not Placed
20,Male,7.05,ECE,1,1,3,2,63,70,53,69,63,0,Not Placed
26,Male,8.57,ECE,2,0,2,4,71,69,74,72,91,1,Not Placed
18,Male,9.53,CSE,1,2,1,2,87,76,88,95,95,0,Placed
21,Female,6.99,IT,3,1,4,2,74,56,68,70,67,0,Placed
20,Female,7.7,ECE,3,1,2,6,69,75,68,73,87,0,Placed
22,Female,7.92,ECE,2,2,1,5,76,80,84,76,69,0,Placed
22,Female,5.52,IT,1,0,0,0,55,54,44,53,43,1,Not Placed
19,Female,8.41,CIVIL,2,0,2,1,75,65,83,72,69,1,Placed
23,Male,7.3,CSE,1,0,0,3,72,63,64,78,54,4,Placed
18,Male,6.96,CIVIL,3,0,2,0,69,59,52,69,61,1,Not Placed
23,Female,9.6,EEE,1,2,4,2,89,84,70,95,91,0,Placed
19,Female,7.27,ECE,1,1,2,3,66,62,59,72,64,2,Placed
21,Female,6.88,CSE,1,0,0,0,70,70,57,56,64,5,Not Placed
20,Female,9.1,ECE,3,2,5,3,79,71,78,74,85,0,Placed
21,Male,5.76,CSE,1,0,1,2,50,83,57,52,67,3,Not Placed
19,Male,7.34,CIVIL,1,0,2,5,60,65,69,66,62,2,Not Placed
21,Male,8.63,CSE,1,1,3,3,84,65,74,80,90,0,Not Placed
18,Female,7.18,IT,3,0,4,3,64,65,69,57,69,0,Placed
20,Female,5.84,ECE,2,1,3,1,52,69,52,52,62,1,Not Placed
23,Female,8.91,CSE,3,2,2,2,76,85,73,73,68,0,Placed
21,Male,6.48,ECE,3,2,4,4,64,68,68,62,60,1,Not Placed
21,Male,8.8,EEE,2,2,6,2,72,68,83,85,82,0,Placed
21,Male,7.77,CSE,1,0,0,3,62,55,69,60,50,0,Not Placed
20,Male,7.81,CSE,3,1,3,3,77,89,83,71,71,0,Placed
23,Female,8.87,IT,2,2,1,1,80,80,75,85,79,0,Placed
20,Female,6.76,ECE,2,1,1,3,61,69,64,65,50,1,Not Placed
25,Male,7.53,IT,2,0,0,2,64,72,63,68,67,1,Not Placed
24,Female,7.81,CSE,2,1,3,1,68,64,76,85,64,1,Placed
20,Male,6.28,IT,3,0,1,2,56,60,64,59,72,1,Placed
20,Female,7.97,IT,3,2,4,1,64,69,66,73,73,1,Not Placed
22,Female,7.25,CSE,2,2,2,3,67,64,68,69,53,1,Not Placed
22,Male,7.59,IT,1,3,0,1,60,67,66,74,77,0,Placed
19,Female,8.01,IT,3,0,2,0,64,72,74,65,74,0,Placed
19,Male,6.82,IT,1,0,1,3,64,71,73,73,59,0,Not Placed
19,Female,8.16,CSE,2,1,2,0,57,64,75,75,78,1,Placed
22,Male,6.83,EEE,1,1,0,2,57,61,66,52,66,1,Not Placed
22,Male,7.41,CSE,2,0,4,3,60,78,51,63,77,0,Not Placed
19,Female,7.64,CSE,2,2,3,0,65,68,73,71,55,0,Not Placed
21,Male,8.39,MECH,2,0,0,0,76,69,70,68,80,1,Not Placed
22,Male,7.11,CIVIL,3,1,1,0,65,60,82,80,53,0,Not Placed
25,Female,7.59,CIVIL,3,0,1,3,70,70,77,76,65,1,Not Placed
19,Male,5.61,ECE,2,1,0,2,52,52,59,55,46,1,Not Placed
20,Female,6.32,CSE,2,1,0,5,61,54,69,66,63,2,Not Placed
20,Female,7.65,MECH,2,1,0,5,68,78,68,71,64,0,Placed
21,Male,6.18,ECE,2,2,1,3,54,66,56,62,64,1,Not Placed
19,Other,9.37,CIVIL,2,0,6,3,83,95,85,81,88,0,Placed
19,Male,7.41,ECE,3,1,1,0,61,88,72,67,65,0,Placed
23,Male,6.78,ECE,2,2,1,4,69,69,68,64,72,0,Placed
21,Male,7.81,CSE,1,0,2,7,60,65,49,63,50,2,Not Placed
19,Female,5.8,CSE,2,0,4,1,75,61,62,64,62,1,Not Placed
20,Male,6.37,ECE,2,0,0,1,57,46,57,54,52,4,Not Placed
19,Male,7.46,CIVIL,1,0,6,1,79,70,83,79,53,1,Not Placed
20,Male,5.5,IT,3,0,3,3,62,62,57,54,58,2,Not Placed
20,Female,7.47,CSE,1,0,4,4,77,71,84,63,79,2,Placed
18,Male,5.0,IT,2,0,0,2,53,41,46,40,45,4,Not Placed
18,Male,6.36,CSE,3,0,0,1,53,87,57,72,44,0,Not Placed
24,Male,9.49,CIVIL,2,3,3,3,90,91,80,80,66,1,Placed
24,Male,8.32,CSE,2,3,3,4,82,66,82,67,82,1,Not Placed
18,Female,8.51,CSE,2,1,4,2,69,68,76,81,88,0,Placed
22,Male,8.66,IT,2,1,6,3,74,76,81,68,86,0,Placed
18,Male,8.99,ECE,3,1,2,0,70,73,67,81,76,1,Not Placed
23,Male,7.29,EEE,3,4,0,0,59,82,56,54,59,1,Not Placed
24,Female,6.12,IT,1,0,2,4,58,64,64,64,51,0,Placed
21,Female,8.29,MECH,2,0,2,1,80,76,67,77,71,0,Placed
21,Male,6.96,ECE,1,1,1,0,65,57,65,70,62,1,Placed
20,Female,9.52,CSE,1,1,3,6,84,82,94,85,89,0,Placed
19,Female,7.98,CSE,2,3,1,1,67,74,62,73,85,1,Placed
21,Male,9.19,IT,2,2,4,5,73,79,83,83,66,0,Placed
19,Male,6.69,IT,2,1,3,1,58,57,77,52,75,0,Not Placed
22,Male,8.92,IT,2,3,2,4,80,78,87,58,88,0,Placed
21,Female,8.83,CSE,2,2,3,1,71,87,93,86,74,0,Placed
19,Male,6.86,CSE,3,0,1,1,57,66,54,69,61,2,Not Placed
21,Male,6.94,CSE,3,0,1,3,57,77,69,62,42,4,Not Placed
23,Male,7.29,EEE,2,2,2,1,64,62,59,57,63,3,Not Placed
21,Male,5.94,ECE,2,0,2,0,46,72,46,52,59,1,Not Placed
21,Female,7.52,CSE,1,2,2,1,78,67,70,75,81,1,Placed
23,Male,7.79,IT,1,2,2,2,71,66,83,69,54,0,Placed
18,Male,6.55,CIVIL,2,1,1,1,73,73,65,70,64,4,Placed
21,Female,7.91,CSE,3,0,3,2,76,62,81,64,72,0,Placed
20,Female,6.23,CSE,2,0,1,2,56,57,55,40,43,2,Not Placed
19,Other,7.56,IT,2,2,3,4,81,71,72,68,69,0,Placed
26,Female,7.22,CSE,2,1,2,1,58,71,78,60,69,1,Placed
20,Male,7.23,CSE,2,1,2,0,85,77,77,66,85,0,Placed
20,Male,7.14,CIVIL,3,2,3,2,79,56,73,75,79,3,Not Placed
19,Female,8.2,EEE,1,2,3,4,83,93,91,72,72,0,Placed
28,Female,7.31,EEE,3,0,5,1,69,63,57,69,72,0,Placed
23,Male,5.24,CIVIL,2,0,1,0,46,54,47,58,58,2,Not Placed
18,Male,8.1,CSE,2,3,1,0,70,58,76,78,86,4,Placed
21,Female,7.72,MECH,2,4,2,0,79,66,75,77,65,1,Placed
19,Male,6.32,CIVIL,2,1,0,0,51,69,65,56,61,2,Placed
22,Female,6.98,ECE,1,0,4,0,74,60,75,72,59,0,Placed
21,Female,7.29,MECH,1,0,2,4,60,70,66,65,58,0,Placed
18,Male,7.32,MECH,2,0,0,1,42,60,50,61,48,1,Not Placed
21,Female,7.75,IT,2,1,2,1,61,80,70,71,69,0,Placed
24,Female,6.7,IT,2,0,1,1,54,48,69,61,65,2,Not Placed
20,Male,6.6,ECE,2,1,4,2,58,80,59,64,48,0,Not Placed
18,Male,7.68,ECE,2,1,2,3,53,76,54,69,68,1,Not Placed
25,Female,9.08,IT,3,1,1,3,82,79,88,92,70,0,Placed
19,Male,7.24,CSE,3,1,0,1,61,81,92,68,80,0,Placed
21,Female,7.27,CSE,1,2,1,1,76,78,67,70,68,1,Placed
21,Male,6.63,CSE,1,1,5,0,73,75,58,64,76,1,Placed
19,Female,7.77,IT,2,0,4,5,79,82,85,89,68,2,Placed
19,Female,9.22,CSE,1,1,1,2,88,70,78,75,87,0,Placed
18,Male,8.1,CSE,3,1,1,1,88,72,74,67,77,0,Placed
18,Female,8.76,CIVIL,2,0,4,2,75,75,60,78,64,2,Placed
21,Male,7.69,IT,1,1,4,1,76,68,63,79,95,2,Placed
23,Male,5.1,CIVIL,3,1,2,0,58,64,58,50,57,1,Not Placed
19,Male,8.01,CSE,1,0,1,2,67,65,57,62,47,2,Not Placed
22,Male,7.42,IT,1,0,4,0,59,71,60,66,66,1,Not Placed
20,Male,7.24,ECE,3,0,1,0,64,53,66,60,53,1,Placed
18,Male,6.15,CIVIL,1,0,0,0,50,49,57,55,51,0,Placed
21,Male,5.13,EEE,2,1,1,6,62,59,51,52,40,1,Not Placed
19,Male,6.37,MECH,2,0,1,2,56,58,63,41,45,2,Placed
21,Male,6.27,CSE,1,2,2,2,67,60,65,62,53,0,Placed
20,Female,7.3,IT,1,0,6,1,62,66,62,83,68,0,Placed
22,Male,7.3,MECH,1,0,0,2,55,64,68,62,63,2,Not Placed
24,Female,7.8,ECE,2,0,4,3,67,72,70,62,56,0,Placed
19,Male,7.24,CSE,3,0,1,3,71,69,61,73,45,0,Not Placed
25,Male,9.35,CSE,2,0,2,3,92,73,84,86,77,1,Placed
19,Male,7.54,EEE,2,0,1,0,61,64,59,72,62,1,Not Placed
18,Male,7.17,CSE,2,1,2,3,78,64,73,78,69,0,Placed
19,Male,7.61,IT,3,1,0,0,55,64,68,66,77,2,Placed
23,Female,7.2,CSE,2,0,1,0,67,56,69,59,64,1,Not Placed
22,Male,7.26,CSE,3,2,1,3,60,58,78,67,74,2,Not Placed
26,Male,7.32,IT,2,1,2,0,58,44,55,60,65,1,Not Placed
22,Female,7.91,CSE,2,1,2,1,78,56,77,66,79,0,Not Placed
20,Male,6.63,ECE,1,0,1,1,52,71,62,55,62,1,Placed
24,Female,7.3,CSE,3,2,2,2,69,74,77,80,82,0,Not Placed
25,Female,6.46,EEE,2,0,1,1,61,64,53,58,56,2,Not Placed
23,Male,8.15,ECE,3,2,2,1,62,66,79,63,60,0,Not Placed
21,Male,7.23,IT,3,1,1,2,67,66,86,74,80,1,Placed
23,Male,8.38,ECE,1,3,1,1,84,90,75,75,66,0,Placed
19,Female,5.79,IT,2,1,1,1,63,72,67,58,75,2,Not Placed
24,Female,7.35,CSE,3,2,1,2,64,80,84,59,85,3,Not Placed
28,Male,6.84,IT,1,2,2,3,85,54,81,81,76,0,Placed
22,Female,9.17,ECE,2,2,3,5,69,94,82,72,88,0,Placed
19,Male,5.82,CSE,2,2,1,1,43,61,48,46,61,1,Not Placed
19,Male,7.26,EEE,2,0,3,3,66,60,71,63,64,1,Not Placed
25,Male,9.75,IT,3,2,6,2,86,94,88,95,95,0,Placed
24,Female,6.94,CSE,2,2,2,3,63,77,63,66,77,1,Not Placed
22,Male,5.0,CSE,2,0,1,2,56,63,52,55,40,3,Not Placed
25,Female,7.17,CSE,2,1,0,1,51,72,58,62,48,1,Not Placed
21,Male,5.25,CSE,1,0,3,0,44,48,57,46,40,0,Not Placed
24,Female,8.19,IT,1,0,4,2,73,62,70,91,78,1,Not Placed
19,Female,8.56,CSE,2,2,3,3,77,73,71,72,70,0,Placed
19,Female,6.88,ECE,3,0,2,0,80,78,71,58,57,1,Placed
21,Female,7.37,CSE,2,0,4,1,67,60,64,60,76,0,Placed
20,Male,8.68,CIVIL,2,2,1,2,81,81,72,72,81,0,Placed
20,Female,6.38,ECE,1,0,3,1,54,42,50,44,66,1,Not Placed
23,Female,5.55,EEE,1,0,0,5,49,58,59,67,49,3,Not Placed
18,Male,7.06,IT,2,0,3,1,72,77,74,68,65,0,Not Placed
22,Female,6.01,CSE,3,1,1,3,63,54,77,54,69,1,Not Placed
18,Female,7.4,IT,2,0,3,3,61,59,75,72,76,1,Placed
23,Female,7.18,IT,3,0,1,1,54,65,60,46,66,1,Not Placed
19,Female,8.14,ECE,1,1,1,4,67,70,80,76,89,2,Not Placed
22,Male,7.06,MECH,2,1,0,0,62,71,75,68,67,0,Not Placed
21,Male,8.25,CSE,1,1,1,5,75,81,75,74,68,0,Placed
20,Male,7.85,CSE,3,1,1,2,65,59,66,76,65,0,Placed
19,Female,7.8,EEE,1,2,3,3,68,61,69,71,71,0,Placed
18,Female,5.55,CSE,1,0,1,1,53,70,58,48,42,0,Not Placed
20,Female,8.6,EEE,1,1,4,2,70,66,76,64,80,1,Placed
19,Male,6.61,EEE,1,0,2,3,61,75,70,69,75,0,Not Placed
19,Other,7.17,MECH,2,1,2,2,69,68,50,61,72,1,Not Placed
22,Male,8.92,CSE,3,4,5,3,82,95,80,72,69,2,Placed
19,Male,6.67,CSE,3,1,2,2,55,63,71,62,67,0,Not Placed
19,Female,8.76,ECE,2,3,2,5,68,90,88,75,77,0,Placed
20,Female,8.86,IT,3,1,3,4,84,75,73,81,92,0,Placed
21,Female,8.21,MECH,2,4,5,2,72,74,79,72,67,0,Placed
21,Female,6.67,IT,3,1,1,0,61,65,63,51,70,0,Not Placed
22,Male,5.64,IT,1,0,1,0,50,64,49,45,46,1,Placed
21,Male,8.51,CSE,2,2,4,3,85,79,79,75,67,0,Placed
21,Female,7.15,ECE,1,1,1,5,44,89,76,75,63,0,Placed
20,Male,6.05,IT,3,0,0,2,72,78,50,78,64,0,Placed
19,Female,9.06,IT,2,2,5,6,74,87,83,73,73,0,Placed
22,Male,7.25,CSE,1,1,4,2,49,74,62,56,67,1,Not Placed
20,Male,7.29,ECE,1,1,3,2,57,68,70,54,56,0,Not Placed
23,Female,8.14,MECH,2,1,2,4,60,71,72,59,60,0,Placed
21,Female,6.04,CSE,2,0,5,4,61,68,57,60,60,1,Placed
21,Male,6.18,CSE,2,0,3,1,75,82,66,65,69,1,Not Placed
21,Male,8.36,ECE,3,0,0,3,74,76,72,79,65,0,Not Placed
24,Male,6.74,EEE,2,0,2,3,75,75,68,66,61,0,Placed
20,Male,8.71,CSE,2,1,2,1,83,76,81,74,92,0,Placed
20,Female,9.17,CSE,2,1,3,3,82,75,81,77,77,0,Not Placed
24,Male,7.2,EEE,3,0,4,3,56,69,58,77,45,0,Placed
21,Male,5.12,ECE,2,0,0,2,47,63,40,44,60,1,Placed
20,Female,6.0,IT,2,0,0,0,64,52,62,64,70,2,Not Placed
19,Female,8.21,CSE,2,1,3,2,71,85,73,74,77,1,Placed
19,Male,6.09,ECE,2,0,0,2,62,63,59,61,40,1,Not Placed
23,Female,6.7,CSE,3,0,5,1,70,69,60,73,69,1,Not Placed
19,Male,8.26,ECE,2,1,3,5,86,83,86,78,77,0,Placed
18,Male,10.0,EEE,2,3,2,2,80,88,87,83,75,0,Placed
18,Female,7.58,IT,2,0,1,3,68,75,73,79,64,2,Placed
26,Male,6.87,CSE,2,0,1,1,68,72,62,59,50,1,Not Placed
21,Other,7.39,CSE,1,1,2,3,63,69,67,59,69,0,Not Placed
21,Female,7.56,EEE,3,2,1,2,58,82,79,80,66,0,Placed
24,Female,7.09,MECH,1,3,2,1,62,69,61,57,60,0,Not Placed
20,Male,8.92,CIVIL,1,2,3,2,86,74,81,73,84,0,Placed
23,Male,7.28,MECH,2,1,0,0,66,61,67,69,54,1,Placed
22,Female,7.02,ECE,1,0,2,3,73,52,60,60,56,1,Placed
21,Female,8.08,MECH,1,3,4,0,77,74,71,72,65,2,Placed
22,Female,7.7,IT,3,1,1,2,68,65,66,67,59,1,Not Placed
26,Male,8.08,MECH,2,2,2,0,73,73,83,69,67,0,Not Placed
19,Female,7.53,IT,3,0,5,2,75,78,62,60,67,0,Placed
18,Male,8.56,ECE,1,1,1,3,70,83,73,75,69,2,Not Placed
23,Male,8.04,CSE,1,0,1,1,68,53,73,71,76,1,Not Placed
20,Male,8.05,IT,2,2,4,3,69,56,80,70,75,0,Placed
21,Female,7.06,IT,1,1,1,0,71,67,70,64,52,0,Placed
19,Male,7.13,IT,2,0,3,2,58,50,70,59,52,1,Not Placed
23,Male,8.46,ECE,3,0,0,3,78,79,86,81,75,1,Placed
22,Female,7.51,MECH,2,1,4,4,75,75,72,71,72,1,Placed
25,Female,5.8,MECH,2,1,2,2,57,62,51,59,58,1,Not Placed
21,Male,7.96,IT,2,0,4,3,62,65,65,46,52,2,Placed
26,Female,5.42,EEE,1,0,3,3,51,67,52,40,50,1,Not Placed
21,Female,7.21,ECE,1,2,2,1,48,42,52,59,68,1,Not Placed
21,Male,7.95,IT,2,2,1,3,81,90,91,95,63,0,Placed
22,Female,7.44,MECH,1,1,2,1,74,70,55,65,82,0,Not Placed
21,Female,7.65,CSE,2,1,1,2,64,53,62,61,80,0,Placed
21,Female,5.42,MECH,2,0,0,2,40,40,42,42,48,2,Not Placed
19,Male,7.57,CSE,2,0,2,3,56,68,62,73,59,1,Placed
20,Female,7.43,MECH,2,2,0,0,66,85,67,69,64,0,Placed
22,Female,8.17,EEE,2,0,0,5,63,75,68,73,67,0,Placed
18,Female,7.99,IT,2,0,3,0,90,76,80,88,81,1,Not Placed
22,Male,6.0,CSE,2,0,2,5,58,71,76,61,63,0,Not Placed
20,Male,8.21,CSE,1,1,0,4,70,57,60,75,61,1,Placed
19,Female,6.11,CSE,3,0,3,0,68,56,55,40,64,1,Not Placed
22,Male,7.84,EEE,2,0,0,3,50,65,62,62,79,0,Placed
19,Female,6.03,ECE,3,0,3,1,62,62,46,54,40,1,Not Placed
26,Male,5.43,CSE,3,0,0,3,44,64,43,62,45,1,Not Placed
28,Female,6.25,IT,2,0,1,1,59,57,53,61,40,1,Not Placed
20,Male,8.98,IT,2,3,3,2,81,80,86,83,74,0,Placed
20,Female,7.34,ECE,2,1,3,0,60,70,56,61,69,1,Placed
18,Female,7.95,IT,2,0,0,3,69,56,78,68,70,1,Placed
22,Male,6.79,EEE,2,1,0,3,60,77,70,63,71,0,Not Placed
19,Male,5.91,EEE,2,0,1,3,58,64,48,44,56,0,Not Placed
25,Female,7.92,CSE,3,1,5,4,74,71,85,75,75,1,Placed
28,Female,6.28,IT,2,0,1,0,47,62,42,47,46,3,Placed
19,Female,6.34,ECE,1,0,3,2,61,68,65,74,71,0,Not Placed
22,Male,7.04,MECH,1,1,1,1,63,69,70,78,70,2,Placed
21,Female,7.5,CSE,1,0,1,6,72,74,87,81,76,0,Placed
21,Female,8.04,IT,3,0,0,1,65,80,64,49,70,1,Placed
19,Male,6.23,ECE,2,1,1,0,47,58,51,59,44,1,Placed
22,Male,6.35,IT,3,0,0,1,74,81,63,60,64,0,Placed
19,Male,7.24,CSE,2,2,0,3,65,65,63,72,57,0,Not Placed
24,Female,7.06,IT,3,0,1,2,66,56,70,60,77,1,Not Placed
20,Female,8.51,CSE,2,1,3,1,83,72,72,67,79,0,Placed
21,Male,6.76,ECE,3,0,2,0,71,67,70,49,71,0,Placed
24,Male,7.8,MECH,2,3,1,2,77,79,61,58,56,0,Placed
22,Male,7.73,MECH,2,1,1,1,82,80,78,68,69,0,Not Placed
21,Male,7.59,IT,2,2,6,3,83,67,89,72,66,0,Placed
20,Female,8.1,CSE,2,0,2,3,65,77,55,65,72,2,Not Placed
21,Female,7.99,IT,1,3,3,4,65,95,84,75,71,1,Placed
20,Male,6.73,CSE,2,1,3,3,71,60,66,72,60,0,Placed
25,Male,7.64,ECE,2,3,1,4,63,84,71,62,86,0,Not Placed
19,Male,5.92,CSE,2,0,0,0,54,55,57,51,43,3,Not Placed
20,Female,5.0,IT,2,0,0,1,42,46,44,50,50,5,Not Placed
22,Male,8.23,CSE,3,0,1,1,71,86,62,67,79,1,Placed
20,Male,8.38,CSE,2,1,1,1,79,87,76,75,60,1,Placed
24,Female,6.95,ECE,3,4,2,4,65,83,73,83,77,2,Not Placed
19,Female,6.77,CIVIL,2,1,4,0,69,74,70,76,53,0,Not Placed
18,Female,8.62,ECE,2,3,2,3,75,73,86,77,81,0,Placed
21,Male,7.0,CSE,2,0,0,2,70,74,65,67,65,1,Not Placed
21,Male,8.73,IT,3,0,2,2,74,65,75,67,71,2,Not Placed
25,Female,7.63,ECE,1,2,6,0,79,69,71,71,68,0,Not Placed
20,Female,9.83,MECH,2,1,2,5,95,83,95,76,90,0,Placed
19,Female,7.14,EEE,2,1,2,2,57,69,58,73,61,1,Placed
20,Female,7.7,CSE,2,1,3,6,50,61,62,62,63,1,Placed
20,Male,6.0,ECE,1,0,0,0,57,54,61,55,42,1,Placed
21,Female,8.68,CSE,1,0,3,1,79,76,86,76,81,0,Not Placed
19,Male,7.87,IT,1,1,1,4,80,70,63,65,78,0,Not Placed
21,Male,8.55,CIVIL,2,4,2,1,67,70,65,80,69,0,Not Placed
24,Male,10.0,MECH,2,2,6,1,95,95,91,95,95,0,Placed
20,Male,7.9,CSE,3,2,3,0,74,58,62,68,54,0,Not Placed
22,Male,6.65,EEE,3,0,0,2,50,52,53,67,69,2,Placed
19,Male,6.88,IT,1,0,1,3,74,62,75,67,66,1,Not Placed
23,Male,6.79,CSE,1,0,0,1,52,67,62,51,46,2,Not Placed
19,Female,6.83,MECH,3,0,2,5,65,86,80,56,75,0,Not Placed
21,Female,7.87,MECH,2,0,3,1,60,67,59,64,79,0,Placed
20,Male,7.18,CSE,2,1,2,0,66,66,54,50,62,1,Not Placed
18,Male,6.59,EEE,2,0,2,3,57,58,54,54,54,2,Not Placed
20,Female,7.91,CSE,1,2,6,2,84,85,75,88,62,0,Placed
19,Male,8.12,ECE,2,1,3,2,61,63,73,62,74,1,Placed
24,Female,7.21,CIVIL,2,1,2,1,64,64,75,53,82,1,Placed
19,Male,7.46,EEE,2,2,1,1,70,71,75,72,66,0,Placed
26,Female,7.97,ECE,3,2,5,2,70,80,66,83,53,1,Placed
21,Male,6.99,IT,1,1,2,2,67,67,68,73,80,0,Not Placed
19,Female,8.42,EEE,1,0,1,0,84,77,70,72,69,1,Placed
20,Male,8.34,CIVIL,3,1,1,4,70,71,79,71,55,0,Not Placed
19,Male,7.21,CSE,3,0,2,3,79,68,77,83,80,0,Not Placed
23,Male,8.16,CSE,2,0,1,4,83,82,85,82,77,1,Placed
18,Male,7.56,IT,2,0,2,3,63,61,60,65,73,0,Not Placed
24,Other,6.31,ECE,2,1,2,0,82,79,85,55,69,1,Not Placed
18,Male,9.34,CSE,1,3,3,1,83,90,91,93,72,0,Placed
20,Male,7.38,ECE,3,2,1,2,52,83,72,79,64,1,Placed
19,Female,8.87,IT,2,1,2,1,74,69,72,64,64,0,Placed
22,Male,8.12,CIVIL,1,2,0,3,75,78,80,69,71,1,Placed
21,Female,6.51,CSE,2,0,2,4,56,58,54,65,84,1,Placed
25,Female,7.03,MECH,2,0,0,1,78,68,64,63,53,3,Not Placed
20,Male,7.82,CIVIL,3,0,1,1,53,67,67,61,56,3,Not Placed
18,Female,6.82,IT,2,0,1,5,65,63,59,65,66,1,Not Placed
22,Female,6.61,CSE,1,0,1,2,56,53,55,46,49,0,Placed
21,Male,5.74,MECH,2,1,1,1,70,78,59,63,61,4,Not Placed
23,Female,8.48,IT,1,1,1,3,77,71,59,72,75,1,Placed
20,Male,9.04,ECE,1,2,2,4,79,87,71,86,91,0,Placed
22,Male,6.73,CSE,2,0,3,1,67,79,61,66,68,0,Not Placed
19,Female,5.35,IT,1,0,0,1,48,40,48,40,56,0,Not Placed
28,Female,7.08,ECE,2,1,2,1,72,70,85,83,86,0,Placed
19,Female,6.69,EEE,3,0,2,3,67,62,74,68,63,1,Placed
23,Male,8.25,CIVIL,1,2,3,0,71,83,69,91,62,1,Placed
19,Female,7.42,ECE,2,4,1,0,68,67,66,87,62,0,Placed
23,Male,7.95,CSE,1,0,5,1,79,84,60,53,65,1,Placed
23,Female,7.44,ECE,2,1,1,3,58,74,68,73,76,0,Placed
24,Male,7.46,CSE,2,0,1,1,62,69,77,65,70,1,Not Placed
21,Male,9.26,CSE,1,0,3,2,85,72,89,82,65,1,Placed
20,Male,7.31,IT,3,0,1,2,62,84,67,75,85,2,Not Placed
23,Male,8.46,CSE,2,3,1,4,90,79,86,64,73,0,Placed
21,Male,8.4,CSE,3,1,4,2,55,75,71,77,75,1,Placed
21,Male,8.07,CSE,3,4,0,0,65,92,70,84,76,0,Not Placed
19,Male,6.47,CSE,2,0,1,0,49,70,57,56,52,1,Not Placed
20,Male,8.17,MECH,3,2,4,2,84,76,75,89,77,0,Placed
20,Male,6.67,IT,2,1,5,2,61,57,48,55,65,2,Not Placed
22,Female,7.61,MECH,2,2,3,2,76,68,83,76,79,0,Placed
19,Female,5.55,MECH,3,0,0,3,68,63,61,52,58,1,Placed
20,Female,7.18,MECH,2,0,4,1,63,59,65,51,57,0,Not Placed
23,Female,8.83,CSE,2,1,5,5,86,85,75,88,80,0,Placed
21,Female,6.52,IT,2,1,1,1,60,43,64,59,64,1,Not Placed
24,Male,9.31,IT,3,1,2,3,77,70,85,77,84,0,Not Placed
19,Male,7.54,IT,3,3,2,1,87,63,77,78,71,0,Placed
20,Male,7.38,CSE,1,0,3,1,55,71,59,65,70,0,Placed
21,Male,6.75,CSE,2,2,2,6,64,73,59,76,61,1,Not Placed
20,Female,7.03,ECE,1,1,3,2,62,67,57,54,67,0,Placed
22,Female,7.43,ECE,3,0,4,1,68,58,66,59,55,1,Not Placed
19,Female,6.02,IT,1,1,1,0,68,65,72,60,60,2,Not Placed
21,Female,6.63,CSE,1,0,0,0,80,75,56,69,64,5,Not Placed
19,Female,9.18,ECE,2,1,4,1,80,74,78,82,84,0,Placed
21,Male,7.44,ECE,2,0,4,1,68,72,77,71,71,0,Placed
23,Male,5.67,EEE,2,0,1,1,43,56,61,57,55,2,Not Placed
18,Female,8.05,MECH,2,4,0,1,67,80,66,63,75,1,Placed
20,Female,7.52,ECE,3,1,1,1,51,69,61,71,71,2,Not Placed
21,Male,7.09,IT,1,1,2,4,62,73,67,71,64,3,Not Placed
22,Male,8.39,IT,2,0,1,2,87,74,71,84,61,0,Placed
18,Female,7.47,CSE,2,2,5,1,59,68,75,66,61,1,Placed
20,Female,6.77,IT,2,0,1,1,61,57,72,49,67,2,Placed
23,Male,9.03,MECH,2,1,3,6,91,95,82,85,87,0,Placed
21,Other,8.52,ECE,2,1,1,1,59,59,63,55,66,2,Placed
22,Male,7.18,ECE,2,2,2,5,74,73,77,80,68,0,Not Placed
20,Female,7.81,CSE,1,0,0,2,64,48,73,74,45,1,Placed
24,Female,8.26,ECE,2,3,4,2,93,76,76,81,82,0,Placed
18,Female,6.31,CSE,2,2,2,1,61,62,58,57,71,2,Not Placed
18,Female,5.28,IT,2,0,1,6,64,54,47,50,63,0,Not Placed
21,Female,7.04,ECE,3,0,3,5,44,58,81,69,75,2,Not Placed
21,Male,9.28,CSE,3,1,4,4,83,68,91,80,95,0,Placed
21,Female,7.67,IT,2,4,6,0,61,70,77,92,65,1,Placed
19,Male,6.83,CSE,1,2,0,0,51,64,67,68,81,0,Not Placed
19,Male,8.93,CSE,1,0,1,1,84,95,84,73,81,0,Placed
22,Female,8.17,IT,2,0,4,3,64,75,70,77,70,0,Placed
20,Male,6.97,EEE,3,2,1,2,53,82,51,69,81,2,Not Placed
22,Male,6.71,CSE,1,1,1,2,62,61,62,63,88,0,Placed
22,Male,7.95,CSE,2,1,2,1,75,78,68,79,83,0,Placed
18,Male,7.08,IT,2,0,2,1,63,78,59,69,62,1,Not Placed
22,Male,7.75,CSE,2,1,2,0,70,70,66,70,65,1,Placed
24,Female,7.79,EEE,2,1,4,2,72,85,74,69,67,0,Placed
23,Male,5.45,MECH,2,0,0,2,43,46,48,57,64,2,Not Placed
18,Female,7.49,ECE,3,2,3,0,57,83,72,65,63,1,Not Placed
21,Male,7.35,ECE,2,0,2,1,73,72,54,68,75,0,Placed
24,Male,7.77,EEE,1,2,1,1,78,76,78,83,79,0,Placed
21,Male,5.69,IT,2,1,3,0,54,71,53,46,52,1,Not Placed
20,Male,7.34,ECE,2,4,1,2,62,62,76,72,67,1,Not Placed
19,Female,7.03,IT,1,0,1,2,63,72,71,63,68,0,Not Placed
22,Female,7.38,IT,3,1,0,5,81,78,67,74,77,0,Placed
22,Male,7.14,EEE,2,2,2,0,68,74,64,85,75,5,Not Placed
24,Male,8.76,EEE,2,1,4,2,78,89,89,89,89,0,Placed
24,Female,8.38,IT,3,0,4,4,70,60,66,57,82,0,Placed
20,Male,8.43,CIVIL,2,1,2,1,50,72,74,66,65,3,Placed
21,Male,7.78,ECE,3,0,2,2,74,89,59,68,63,0,Placed
18,Male,6.58,IT,2,0,3,4,59,63,76,62,83,2,Placed
18,Female,8.19,ECE,2,0,2,0,77,88,83,78,65,0,Placed
18,Male,6.31,EEE,1,0,1,0,48,73,56,47,63,5,Not Placed
24,Female,7.14,CIVIL,2,0,2,3,59,60,66,60,63,0,Placed
19,Male,8.53,EEE,2,0,5,5,84,58,72,62,70,0,Not Placed
21,Male,9.3,IT,3,2,1,4,77,83,76,77,88,0,Placed
20,Female,5.79,ECE,3,0,1,0,47,54,53,40,53,0,Not Placed
20,Male,8.74,IT,1,0,2,3,89,85,80,85,75,0,Placed
21,Male,8.12,ECE,2,0,1,3,73,63,68,54,56,1,Placed
18,Male,5.63,CIVIL,2,0,2,2,45,58,45,57,60,1,Not Placed
20,Female,5.0,MECH,2,0,0,1,47,43,40,40,40,2,Not Placed
21,Female,6.0,IT,2,0,0,3,59,64,53,50,61,0,Not Placed
23,Male,6.42,IT,2,1,1,3,71,68,68,67,64,0,Placed
22,Male,8.08,IT,2,0,3,1,51,61,61,65,63,1,Not Placed
23,Male,8.41,IT,3,1,1,2,80,82,89,77,78,0,Placed
20,Male,5.82,CIVIL,2,2,2,1,66,58,64,65,59,1,Not Placed
19,Male,7.0,CSE,1,1,4,2,66,68,59,64,64,4,Not Placed
20,Male,6.98,MECH,2,0,2,0,71,70,68,68,66,0,Not Placed
26,Male,8.02,IT,2,0,6,4,72,70,73,69,74,0,Not Placed
19,Female,7.75,ECE,2,1,0,3,61,78,76,67,59,2,Not Placed
19,Female,6.11,CIVIL,2,1,0,0,45,53,63,73,55,2,Not Placed
25,Female,8.32,ECE,3,1,1,3,83,79,81,88,80,0,Placed
25,Female,6.49,ECE,1,1,2,3,68,62,77,60,57,2,Placed
19,Male,6.11,CSE,1,1,2,0,55,54,68,60,65,0,Placed
22,Female,7.45,CSE,2,0,3,1,58,80,74,50,66,1,Not Placed
20,Male,8.66,ECE,2,1,5,2,73,71,72,81,79,1,Not Placed
21,Female,8.13,IT,2,2,4,5,64,82,57,67,65,1,Placed
21,Male,6.68,ECE,2,1,1,3,57,88,70,63,59,2,Placed
26,Female,7.85,IT,2,0,0,3,80,95,85,70,87,0,Placed
19,Female,9.75,CSE,2,1,2,4,87,69,86,88,70,0,Placed
22,Male,7.27,EEE,2,1,1,2,62,75,73,83,60,0,Not Placed
18,Male,8.46,MECH,1,1,2,2,86,72,70,81,86,0,Placed
21,Female,8.7,CIVIL,2,0,5,3,79,90,82,73,73,0,Placed
22,Male,6.89,CSE,2,1,3,1,70,68,62,61,65,2,Not Placed
22,Male,7.28,IT,2,2,2,1,71,87,77,65,61,0,Not Placed
24,Male,5.64,CSE,2,0,1,5,53,67,55,58,40,2,Not Placed
22,Male,7.78,CIVIL,2,1,3,1,60,72,63,64,57,0,Not Placed
22,Male,6.75,ECE,2,1,1,2,75,70,63,73,68,2,Not Placed
19,Female,7.45,CIVIL,1,0,2,3,66,54,61,67,56,0,Placed
28,Female,7.07,MECH,2,0,0,3,59,59,67,59,65,0,Placed
21,Male,7.79,CSE,2,0,2,3,58,75,68,60,64,0,Placed
20,Female,7.86,IT,3,0,0,0,63,79,75,64,67,0,Placed
21,Female,7.22,IT,1,3,2,1,64,63,65,71,73,1,Not Placed
20,Male,5.27,IT,2,0,0,2,60,61,62,51,42,3,Not Placed
21,Female,6.56,CIVIL,3,0,1,0,68,51,64,72,59,0,Not Placed
20,Male,6.3,CSE,2,2,2,1,40,67,57,45,68,2,Not Placed
19,Male,7.31,EEE,3,2,3,4,64,83,69,80,70,0,Placed
24,Female,8.11,CSE,2,1,0,1,69,83,77,78,77,2,Placed
24,Female,8.46,EEE,3,1,5,2,69,84,73,65,69,1,Placed
21,Female,6.57,CSE,3,1,2,2,63,58,59,65,59,2,Not Placed
26,Male,7.06,ECE,1,0,2,2,60,90,66,75,77,1,Placed
20,Male,6.87,ECE,3,0,3,3,69,67,59,71,40,3,Not Placed
20,Male,5.76,IT,1,1,2,0,54,74,65,75,52,2,Not Placed
24,Male,8.83,CIVIL,2,2,6,0,77,59,76,81,74,0,Placed
21,Male,8.28,EEE,2,0,2,2,79,83,79,79,79,0,Placed
22,Male,7.99,CSE,2,3,0,0,75,85,85,79,65,1,Not Placed
20,Female,6.67,IT,1,1,3,3,63,68,52,70,71,3,Placed
20,Male,7.97,IT,1,0,6,7,79,66,87,77,75,1,Placed
18,Male,7.56,CSE,1,2,1,0,66,72,57,68,63,0,Placed
26,Male,9.01,CSE,2,4,1,4,77,59,93,75,90,1,Placed
19,Female,6.29,CSE,1,1,1,2,68,48,58,63,69,0,Not Placed
21,Male,7.82,MECH,1,1,3,0,77,69,67,64,66,0,Placed
18,Male,5.2,CIVIL,3,2,1,1,40,56,46,42,52,5,Not Placed
22,Male,7.86,CSE,3,0,1,3,68,90,58,67,59,2,Not Placed
20,Male,6.67,EEE,2,0,2,1,67,76,88,70,69,0,Placed
22,Male,7.24,CSE,2,2,0,2,65,72,62,64,80,1,Not Placed
21,Female,8.88,ECE,2,1,0,2,84,77,71,85,95,0,Placed
19,Male,6.78,CSE,2,1,2,0,57,65,57,61,42,3,Not Placed
18,Male,7.02,CSE,2,1,1,3,55,57,59,57,66,0,Placed
19,Male,6.7,IT,1,0,0,1,54,71,63,64,49,2,Not Placed
22,Male,6.94,EEE,2,2,2,3,75,77,58,63,53,0,Placed
23,Female,9.21,IT,3,0,1,2,95,80,87,88,85,1,Placed
20,Female,8.74,MECH,2,3,2,4,87,73,91,77,84,0,Placed
21,Male,7.3,CSE,1,1,0,1,56,64,64,64,51,1,Not Placed
19,Female,7.16,ECE,3,1,1,1,67,74,83,66,67,1,Not Placed
24,Male,6.9,CSE,2,0,1,1,70,59,51,57,64,1,Not Placed
26,Male,8.17,CSE,2,2,1,2,77,75,71,84,72,0,Placed
22,Male,8.86,IT,1,4,0,1,78,69,80,69,92,0,Placed
18,Female,7.57,CSE,1,0,0,2,67,77,68,72,68,1,Placed
20,Female,5.65,EEE,2,0,2,1,58,66,59,55,54,1,Not Placed
28,Male,6.22,ECE,3,2,1,0,54,64,64,63,82,2,Not Placed
19,Female,8.8,ECE,2,1,3,1,71,76,76,70,75,0,Placed
22,Male,7.8,CSE,3,1,2,3,76,62,73,71,68,0,Placed
25,Male,5.46,CSE,1,1,2,1,40,54,40,47,50,2,Not Placed
22,Male,7.44,ECE,1,1,5,2,59,59,60,71,60,2,Not Placed
21,Male,8.69,CSE,2,1,2,3,75,70,69,87,73,0,Not Placed
21,Male,7.37,CSE,1,0,2,2,68,67,78,60,71,0,Placed
24,Female,8.62,CSE,2,2,2,1,78,84,71,79,84,0,Placed
20,Male,8.29,MECH,3,2,2,3,69,77,76,74,88,0,Placed
24,Male,6.49,IT,1,0,0,2,52,58,60,66,53,2,Not Placed
20,Male,8.21,CSE,3,1,0,3,62,71,65,61,76,2,Not Placed
22,Male,7.41,IT,2,0,0,1,68,62,71,72,56,1,Not Placed
24,Male,6.53,MECH,1,0,2,3,59,63,52,60,60,1,Placed
21,Male,7.14,CSE,2,0,2,4,62,53,50,70,64,2,Not Placed
20,Male,8.16,CSE,2,2,1,4,89,62,90,68,82,0,Placed
18,Male,7.47,CIVIL,2,2,1,4,44,68,52,56,60,0,Not Placed
23,Male,7.98,MECH,2,2,5,2,85,79,81,80,69,1,Not Placed
21,Female,7.7,ECE,2,0,4,2,58,58,63,66,55,0,Not Placed
19,Female,8.21,CSE,2,0,0,2,65,63,72,63,60,0,Not Placed
24,Male,7.74,CSE,2,1,3,2,85,47,74,65,69,1,Not Placed
24,Female,6.75,MECH,1,0,2,1,59,66,66,61,65,0,Placed
24,Female,7.96,ECE,3,1,4,1,76,75,77,75,67,0,Not Placed
21,Female,5.97,IT,1,0,0,1,44,57,44,40,51,2,Not Placed
26,Female,7.4,CSE,2,0,2,1,74,77,77,67,63,0,Placed
24,Male,5.22,CSE,3,0,0,2,54,59,54,40,54,2,Not Placed
18,Female,7.14,EEE,1,0,1,0,63,55,65,75,70,1,Not Placed
27,Male,7.69,ECE,2,0,2,3,74,72,79,78,79,2,Placed
21,Male,7.54,IT,1,2,1,3,84,78,70,73,73,1,Placed
24,Female,6.4,ECE,1,1,0,1,50,47,62,63,70,4,Not Placed
22,Female,6.5,EEE,2,1,2,1,63,55,58,51,51,0,Not Placed
22,Male,6.5,ECE,3,1,1,4,60,76,62,44,65,1,Placed
20,Female,7.71,CSE,2,0,2,0,69,63,55,72,67,0,Not Placed
18,Female,5.35,CIVIL,3,0,0,0,54,55,53,57,49,2,Not Placed
19,Female,8.14,CSE,2,0,1,1,65,73,73,60,80,0,Placed
22,Female,7.73,ECE,3,1,2,1,77,76,82,57,73,0,Placed
23,Female,7.79,CSE,3,1,1,1,66,73,56,78,56,1,Not Placed
18,Male,7.13,EEE,2,2,0,3,64,64,59,71,59,1,Not Placed
19,Female,7.86,ECE,2,1,2,2,73,65,76,79,67,0,Not Placed
22,Male,7.31,CSE,2,0,0,1,63,73,74,61,60,0,Placed
20,Female,5.69,ECE,2,0,1,0,40,58,55,52,48,1,Not Placed
19,Female,7.35,ECE,3,0,4,2,65,72,62,68,64,0,Placed
18,Female,6.57,IT,2,0,0,3,63,65,50,49,50,0,Placed
21,Male,7.35,CSE,3,1,2,0,62,49,60,52,63,1,Not Placed
21,Male,7.33,CSE,2,1,1,2,62,59,86,59,85,1,Placed
23,Male,9.13,CIVIL,3,3,3,2,95,81,81,95,79,0,Placed
20,Male,7.62,CSE,2,1,3,1,72,71,79,68,62,2,Not Placed
19,Female,7.87,IT,1,0,2,2,62,67,62,75,70,0,Not Placed
23,Female,6.09,CSE,2,0,1,2,48,74,63,46,58,1,Not Placed
27,Female,7.75,EEE,3,2,3,2,78,71,68,59,81,0,Placed
20,Male,8.28,ECE,2,1,2,1,73,71,77,60,57,1,Placed
23,Female,8.78,EEE,2,2,6,3,86,68,84,80,66,0,Placed
22,Female,6.54,ECE,3,1,2,1,44,67,62,54,73,0,Not Placed
24,Female,7.06,ECE,3,2,1,2,73,57,75,67,74,0,Placed
20,Male,7.88,CIVIL,1,2,2,3,83,68,86,78,70,0,Placed
18,Female,6.47,EEE,2,1,4,2,81,76,70,63,73,0,Placed
18,Male,5.92,EEE,3,0,1,3,55,60,60,62,61,1,Not Placed
22,Male,9.86,EEE,1,2,5,6,94,80,87,95,86,2,Placed
23,Female,7.17,IT,3,1,2,5,69,60,52,56,59,1,Placed
20,Female,7.94,ECE,2,3,2,2,72,80,65,70,71,0,Placed
18,Male,7.23,ECE,2,1,5,2,59,93,63,74,92,1,Not Placed
18,Female,7.34,MECH,2,1,2,4,76,65,73,60,78,0,Placed
21,Female,6.86,CIVIL,3,1,1,1,60,50,74,71,72,1,Not Placed
24,Female,6.04,IT,2,0,2,1,65,68,61,71,72,1,Not Placed
20,Male,7.2,ECE,1,3,0,1,69,61,68,59,55,0,Placed
22,Male,6.9,CSE,3,1,1,1,55,77,56,60,62,4,Not Placed
21,Female,9.31,MECH,2,1,5,2,89,80,87,85,78,0,Placed
24,Female,6.67,EEE,1,0,2,1,72,75,66,55,48,0,Placed
23,Male,7.61,CIVIL,1,3,1,1,71,77,79,71,83,0,Placed
19,Male,7.03,ECE,2,0,1,3,72,72,51,61,57,0,Not Placed
22,Male,7.57,EEE,2,1,1,1,72,66,69,66,49,1,Placed
23,Male,7.0,CSE,3,0,2,2,70,82,58,55,59,0,Not Placed
25,Female,6.42,ECE,3,0,3,1,58,50,51,58,40,1,Not Placed
21,Male,7.31,IT,2,2,3,2,79,66,57,69,84,0,Not Placed
19,Male,7.25,ECE,2,1,0,7,77,77,63,66,79,1,Not Placed
21,Male,8.08,IT,2,3,6,3,75,78,91,92,74,1,Placed
22,Female,6.08,CSE,2,0,1,1,40,54,51,57,59,1,Not Placed
19,Male,6.35,MECH,3,2,1,4,59,59,54,58,61,1,Not Placed
26,Male,6.99,ECE,1,2,2,2,72,59,65,51,61,0,Placed
19,Female,8.65,CSE,2,2,1,1,82,80,85,87,74,0,Placed
24,Female,5.0,EEE,1,2,0,1,65,64,67,55,59,2,Placed
20,Male,8.25,CSE,2,2,6,2,75,75,79,70,58,0,Not Placed
18,Male,8.86,CSE,2,1,1,3,74,95,81,73,68,2,Placed
21,Female,6.96,IT,2,1,3,1,75,76,71,62,79,2,Not Placed
21,Male,6.5,CSE,3,0,2,3,58,74,50,57,72,1,Not Placed
23,Female,6.17,MECH,2,0,1,0,60,64,47,58,56,1,Not Placed
21,Female,7.21,ECE,3,0,2,1,92,74,71,73,77,0,Placed
18,Male,7.34,ECE,3,0,2,1,51,61,47,70,58,1,Placed
24,Female,7.75,ECE,3,1,2,2,73,85,67,75,55,1,Placed
21,Female,7.7,IT,1,1,0,3,63,81,65,68,65,0,Not Placed
19,Male,7.53,ECE,3,0,3,1,73,77,87,70,62,1,Placed
24,Male,7.78,EEE,3,0,2,2,66,81,80,69,71,0,Placed
19,Female,6.74,ECE,3,0,0,0,55,68,57,54,57,1,Not Placed
18,Female,6.1,IT,3,1,1,0,61,69,73,67,44,0,Not Placed
21,Male,8.99,CSE,3,1,1,0,83,73,72,82,69,0,Placed
21,Male,7.35,CSE,2,4,2,0,64,52,57,68,44,2,Not Placed
21,Female,5.28,CSE,1,0,0,0,40,47,58,40,44,3,Not Placed
24,Male,8.01,EEE,2,2,4,3,77,74,88,72,69,0,Placed
19,Male,6.19,IT,1,0,1,4,58,49,67,48,50,2,Placed
28,Male,8.44,EEE,2,2,4,2,66,83,77,63,72,2,Placed
18,Female,9.06,ECE,2,2,2,4,86,76,87,95,70,0,Placed
18,Female,7.32,IT,2,0,2,1,68,77,70,69,62,1,Placed
19,Male,7.85,ECE,3,4,2,4,73,85,88,79,56,1,Placed
18,Male,6.85,CSE,3,0,2,4,72,73,85,68,80,0,Placed
20,Female,8.94,CIVIL,3,1,5,4,70,83,93,84,85,0,Placed
23,Female,6.42,IT,1,2,0,3,45,72,67,52,57,3,Placed
23,Male,8.09,EEE,3,1,4,2,72,66,58,72,71,1,Placed
22,Male,8.6,CSE,3,0,0,0,63,70,81,73,88,0,Placed
18,Female,7.35,IT,3,0,0,4,84,65,62,74,66,2,Not Placed
23,Male,8.5,IT,1,3,2,2,80,89,69,76,59,1,Placed
20,Male,6.54,IT,3,1,0,0,55,62,63,64,81,1,Not Placed
22,Female,9.89,IT,2,3,2,2,84,95,81,94,77,0,Placed
22,Female,9.38,IT,2,0,5,4,90,87,93,82,80,0,Not Placed
19,Male,8.06,MECH,2,1,2,1,71,71,83,71,73,1,Placed
21,Female,8.59,ECE,3,2,1,1,64,76,70,76,61,0,Placed
24,Female,8.29,CSE,3,3,3,3,82,88,81,77,86,0,Placed
19,Female,6.02,CSE,3,0,2,0,43,74,47,66,57,1,Not Placed
22,Female,7.55,CIVIL,1,2,1,1,65,70,64,50,56,0,Not Placed
25,Female,8.93,CSE,1,1,1,4,76,95,91,73,77,1,Placed
20,Male,7.61,ECE,3,0,4,3,68,57,67,82,73,1,Placed
20,Male,7.92,CSE,3,0,3,1,72,70,68,66,77,0,Not Placed
20,Male,7.36,IT,3,2,3,0,72,74,63,71,57,1,Not Placed
23,Male,5.52,IT,3,0,0,1,51,64,43,40,47,1,Not Placed
20,Female,7.04,CIVIL,1,1,2,1,72,69,69,69,57,0,Placed
21,Male,6.81,ECE,2,0,1,2,62,71,57,61,58,3,Placed
19,Female,8.19,CSE,1,1,1,3,68,74,80,81,75,0,Placed
27,Female,8.02,ECE,2,0,4,5,66,81,81,70,71,1,Placed
24,Male,8.14,CSE,1,0,1,3,74,67,71,82,83,1,Placed
21,Female,7.54,CIVIL,2,2,2,6,71,61,84,80,80,2,Placed
26,Female,6.44,IT,2,0,2,1,57,57,59,55,41,1,Not Placed
22,Female,7.88,MECH,3,0,2,3,68,79,80,75,71,1,Not Placed
25,Female,7.21,MECH,1,1,6,3,67,59,95,61,67,2,Not Placed
19,Male,8.93,CSE,3,3,1,1,79,86,89,86,73,0,Placed
19,Male,9.73,CIVIL,1,3,2,3,86,76,95,88,91,0,Placed
24,Male,7.1,CIVIL,3,0,0,1,40,62,49,57,45,3,Not Placed
20,Male,7.16,MECH,2,1,1,2,64,69,53,70,67,0,Placed
20,Male,6.92,IT,1,0,1,3,77,51,53,65,61,1,Placed
22,Female,7.89,ECE,3,1,0,5,70,59,76,75,73,1,Not Placed
21,Female,8.02,CSE,1,1,0,3,76,79,68,71,79,0,Placed
20,Male,7.77,CIVIL,2,1,4,4,77,76,70,60,79,0,Placed
20,Male,8.58,CSE,3,1,1,2,79,68,67,77,81,1,Placed
20,Male,6.49,EEE,2,0,1,3,61,59,64,55,69,0,Not Placed
19,Male,6.98,MECH,2,1,2,1,54,66,52,64,47,2,Not Placed
19,Male,6.54,CIVIL,2,1,2,1,50,59,55,64,53,0,Placed
21,Male,6.53,MECH,1,1,3,1,59,66,68,64,65,4,Not Placed
23,Female,5.64,MECH,2,1,2,0,66,67,53,68,44,1,Not Placed
20,Female,7.31,EEE,3,1,2,3,65,59,68,75,60,0,Not Placed
20,Male,7.41,ECE,2,1,3,2,66,66,60,69,69,1,Placed
22,Female,8.03,CSE,1,0,3,2,55,65,67,61,72,0,Placed
19,Female,8.23,CIVIL,2,3,1,2,78,78,86,68,79,0,Placed
20,Male,7.47,IT,2,3,1,2,74,73,71,66,62,1,Not Placed
19,Male,8.25,EEE,3,0,3,1,92,78,86,70,81,0,Placed
22,Male,7.63,IT,3,3,0,2,53,64,45,57,56,0,Not Placed
18,Male,7.62,IT,3,1,2,3,66,83,71,64,71,1,Not Placed
20,Male,6.67,IT,2,0,1,4,67,62,64,53,65,2,Placed
21,Female,6.99,CIVIL,2,2,6,3,74,53,70,68,46,0,Not Placed
23,Male,7.94,CSE,2,2,3,1,83,56,82,68,53,0,Not Placed
22,Male,6.71,ECE,1,0,2,0,60,64,62,59,60,1,Placed
25,Male,7.85,CSE,2,2,3,1,61,84,80,82,70,0,Placed
22,Male,6.84,IT,2,0,1,3,70,71,48,70,48,1,Not Placed
20,Male,7.93,ECE,3,1,1,3,79,79,81,69,75,0,Placed
19,Male,7.71,CSE,3,0,2,2,63,91,67,63,70,2,Not Placed
18,Male,8.85,EEE,2,2,5,1,81,70,83,70,72,1,Placed
19,Male,7.44,MECH,2,2,0,2,69,79,69,82,70,1,Placed
19,Female,8.39,MECH,3,3,4,3,88,78,74,85,78,0,Placed
20,Male,6.45,EEE,2,1,2,1,42,61,70,63,47,2,Not Placed
22,Female,6.1,CSE,2,0,0,3,58,64,52,57,60,2,Not Placed
22,Female,6.91,ECE,3,1,3,1,68,76,71,63,58,2,Placed
20,Male,6.05,EEE,3,1,3,3,57,65,54,65,64,1,Not Placed
21,Male,5.73,EEE,3,0,1,1,50,44,54,45,60,1,Not Placed
19,Female,8.08,EEE,3,1,1,4,74,74,92,67,62,1,Not Placed
21,Male,7.32,ECE,3,0,0,6,75,74,74,61,54,2,Not Placed
21,Female,6.94,EEE,2,0,2,5,68,55,65,75,67,1,Not Placed
20,Female,7.2,MECH,2,0,3,1,67,68,76,76,60,1,Placed
19,Male,6.93,ECE,2,1,2,0,67,78,57,70,59,1,Not Placed
26,Male,9.02,CSE,2,4,1,3,89,88,89,78,82,0,Placed
21,Female,6.64,MECH,3,3,0,3,57,56,65,70,53,3,Not Placed
21,Female,6.49,ECE,2,0,1,2,54,61,64,51,42,3,Not Placed
18,Male,7.86,EEE,1,1,5,2,84,91,68,78,88,1,Placed
19,Female,6.76,CSE,2,0,1,1,66,69,74,68,68,1,Not Placed
20,Male,8.89,CSE,3,2,5,3,81,80,81,85,79,0,Placed
26,Female,6.69,EEE,2,1,1,1,57,69,67,67,43,3,Placed
19,Female,7.62,CSE,1,4,1,2,71,84,62,79,53,0,Placed
20,Male,7.63,IT,2,0,3,3,71,66,81,79,67,0,Placed
28,Male,7.28,ECE,1,1,1,1,56,64,78,66,63,0,Placed
21,Male,7.47,CSE,1,1,2,2,73,66,56,62,67,0,Not Placed
20,Female,8.45,ECE,2,0,1,2,74,86,82,72,74,1,Not Placed
21,Male,7.78,CSE,3,2,2,5,85,74,75,79,75,0,Placed
21,Male,5.37,CSE,1,0,0,2,61,66,56,58,46,0,Not Placed
25,Female,6.58,CIVIL,1,2,1,2,49,53,66,54,55,3,Not Placed
18,Male,5.0,ECE,1,1,1,1,40,53,41,40,40,1,Not Placed
23,Male,7.99,CIVIL,3,1,6,2,68,86,75,79,69,0,Not Placed
19,Female,6.86,IT,2,0,6,1,70,61,67,74,66,0,Placed
23,Male,6.21,MECH,2,1,3,1,67,79,65,67,77,1,Placed
23,Female,6.72,CSE,1,0,0,1,40,67,53,54,46,0,Not Placed
23,Male,5.88,CSE,3,1,2,1,55,68,54,71,59,2,Not Placed
23,Male,6.89,CSE,2,0,1,3,64,87,57,51,62,0,Not Placed
22,Male,6.83,CSE,2,2,3,2,63,57,67,63,58,1,Placed
19,Male,7.37,CIVIL,2,1,5,2,62,70,71,63,83,1,Placed
18,Female,8.26,ECE,2,3,2,1,70,78,70,67,69,0,Placed
20,Male,9.17,ECE,2,1,5,5,91,76,95,86,88,0,Placed
21,Male,7.67,ECE,1,1,0,4,69,66,65,65,64,0,Placed
20,Female,8.66,CSE,2,1,2,5,72,79,76,56,71,1,Not Placed
22,Male,6.06,CIVIL,3,2,2,0,59,73,66,62,71,2,Not Placed
22,Female,6.11,ECE,3,0,1,1,48,54,52,50,62,2,Not Placed
26,Male,6.66,CSE,3,0,4,1,70,60,76,74,60,0,Not Placed
20,Male,5.48,IT,2,1,1,1,50,52,64,59,42,1,Not Placed
23,Male,7.66,CSE,2,0,0,3,72,74,74,57,83,1,Placed
22,Male,6.59,ECE,3,0,2,4,66,83,75,60,56,3,Not Placed
27,Female,5.93,ECE,2,0,0,2,53,50,59,67,45,4,Not Placed
22,Female,9.25,MECH,1,2,1,4,91,77,90,78,83,0,Placed
20,Female,6.3,CIVIL,1,2,0,0,61,65,73,55,51,0,Not Placed
18,Male,6.4,CSE,3,0,1,2,43,67,62,51,59,1,Not Placed
26,Male,8.45,CSE,3,0,2,4,69,67,92,68,74,0,Placed
22,Male,6.55,MECH,2,1,1,2,64,79,61,69,63,3,Not Placed
23,Male,8.41,ECE,3,0,2,1,93,95,78,77,61,0,Placed
23,Male,7.22,IT,2,0,2,2,56,72,63,63,57,0,Not Placed
22,Male,6.85,ECE,2,1,5,1,72,58,72,59,54,0,Not Placed
22,Male,8.87,IT,1,0,1,1,62,75,64,88,59,0,Placed
24,Female,8.78,ECE,2,0,2,2,75,80,74,65,59,0,Placed
24,Male,8.25,CIVIL,2,1,6,3,65,57,82,71,72,0,Placed
20,Male,7.31,ECE,2,3,0,2,62,95,59,74,67,1,Placed
18,Male,7.88,IT,2,0,1,3,66,84,70,69,78,1,Placed
18,Female,7.87,CSE,2,2,2,1,83,89,73,77,67,0,Placed
20,Female,7.74,CIVIL,2,2,3,4,83,85,73,61,78,1,Placed
23,Male,7.72,ECE,2,4,2,2,54,69,74,68,65,1,Placed
23,Female,5.52,ECE,3,0,1,2,47,60,43,58,69,2,Not Placed
20,Female,8.36,CSE,2,0,2,1,90,71,78,76,69,0,Placed
20,Male,8.0,MECH,2,0,5,2,81,64,65,64,64,1,Not Placed
21,Male,7.41,IT,1,0,2,1,68,78,48,57,76,0,Not Placed
23,Female,8.59,CIVIL,1,2,3,3,79,74,65,78,66,0,Placed
21,Male,6.48,CSE,1,0,1,2,47,61,48,49,60,3,Not Placed
19,Male,9.63,IT,2,2,3,4,81,86,79,64,82,0,Placed
20,Male,7.45,CSE,1,1,1,0,63,79,76,65,67,1,Placed
21,Male,7.8,IT,2,1,4,0,78,61,71,69,63,1,Not Placed
21,Female,8.21,CIVIL,2,0,0,2,62,81,66,64,58,1,Not Placed
23,Female,6.15,IT,3,0,0,2,52,70,49,59,52,2,Not Placed
25,Female,6.87,MECH,2,0,2,1,85,81,70,79,72,2,Placed
18,Female,8.24,EEE,2,1,2,1,71,74,82,70,73,0,Placed
19,Female,8.31,CSE,3,4,1,3,74,68,69,76,48,1,Not Placed
20,Male,6.99,ECE,2,0,2,1,74,67,74,64,71,1,Not Placed
20,Female,5.0,MECH,2,0,0,1,52,45,54,53,51,1,Not Placed
20,Male,6.23,ECE,1,1,1,0,56,53,72,57,67,4,Not Placed
18,Male,9.32,CSE,1,2,4,3,76,95,79,86,77,0,Placed
18,Other,5.89,MECH,2,0,0,3,72,65,64,62,57,1,Not Placed
23,Female,8.74,ECE,1,1,5,1,88,91,76,74,72,0,Placed
18,Male,6.58,CIVIL,2,1,2,1,64,62,64,54,69,1,Not Placed
23,Male,7.3,ECE,1,1,3,5,75,68,72,69,70,3,Not Placed
20,Male,8.31,IT,2,1,3,1,82,75,72,66,63,1,Not Placed
20,Female,5.88,IT,2,0,1,1,58,74,66,58,75,1,Not Placed
18,Male,8.38,MECH,1,1,4,4,95,93,86,85,71,0,Placed
18,Male,7.32,CIVIL,1,0,2,0,65,81,73,65,66,2,Not Placed
20,Male,8.58,IT,3,0,1,0,58,57,68,73,88,1,Placed
23,Female,8.44,CSE,2,0,2,3,63,88,70,66,63,0,Placed
24,Female,8.1,CSE,3,4,2,0,65,81,73,75,69,2,Placed
18,Female,8.94,IT,1,1,3,2,86,67,79,90,78,0,Placed
18,Female,6.16,IT,2,2,3,3,62,67,59,67,58,1,Placed
19,Male,9.51,IT,2,3,0,4,87,95,73,83,87,0,Placed
22,Male,7.17,CSE,2,0,4,0,60,65,54,54,57,1,Placed
19,Male,8.33,IT,2,4,0,0,78,73,72,83,66,0,Placed
19,Male,7.32,CIVIL,1,0,1,1,67,59,58,83,74,1,Not Placed
24,Female,7.53,CSE,2,2,0,0,53,77,54,69,55,3,Not Placed
24,Male,8.45,EEE,2,0,3,1,59,75,86,78,63,1,Placed
22,Female,7.65,CSE,1,3,1,1,70,71,73,60,60,1,Placed
19,Male,7.23,ECE,2,0,0,1,65,61,71,53,63,2,Not Placed
20,Male,7.85,CIVIL,2,1,3,4,76,84,60,70,72,1,Placed
19,Female,8.04,CSE,2,0,2,2,65,72,72,66,55,2,Not Placed
22,Female,6.78,MECH,2,1,2,3,70,59,68,69,54,0,Placed
22,Male,6.3,CSE,2,1,0,0,63,74,59,68,69,0,Not Placed
19,Female,6.78,IT,1,0,2,1,64,75,65,63,65,1,Placed
24,Female,6.77,CSE,1,2,3,1,50,51,73,61,56,1,Not Placed
21,Male,7.3,IT,2,3,4,4,71,83,63,76,83,2,Placed
23,Male,7.14,IT,3,0,2,3,62,58,71,53,58,0,Not Placed
18,Female,9.76,EEE,3,1,5,3,95,86,84,95,95,0,Placed
20,Male,6.22,CSE,2,1,1,2,70,47,62,55,57,4,Not Placed
18,Male,6.38,MECH,2,0,0,3,54,70,53,64,69,0,Not Placed
22,Male,6.41,CSE,2,0,1,2,72,64,64,64,69,2,Not Placed
18,Male,9.36,CSE,3,1,5,3,92,94,80,85,91,0,Placed
20,Female,6.04,IT,2,0,1,0,51,50,40,56,50,3,Not Placed
23,Male,7.89,ECE,2,2,4,3,79,70,72,57,73,0,Not Placed
22,Female,8.0,MECH,1,1,6,1,71,84,81,78,83,0,Placed
22,Female,8.62,MECH,3,1,4,2,74,58,78,64,68,1,Placed
22,Male,8.6,ECE,2,0,3,2,75,84,78,90,83,0,Placed
22,Female,9.5,CIVIL,2,1,1,3,78,95,75,84,83,0,Placed
22,Female,7.3,CSE,1,1,2,0,55,67,66,67,75,0,Placed
20,Female,8.02,CIVIL,1,1,2,3,75,79,71,64,59,1,Placed
18,Female,6.35,IT,2,0,0,0,63,53,59,46,47,1,Not Placed
20,Male,7.95,CSE,3,0,2,0,65,73,65,73,67,2,Not Placed
18,Male,6.38,IT,2,1,5,0,63,59,70,60,57,1,Not Placed
21,Male,7.87,ECE,2,0,0,3,62,60,51,71,69,3,Not Placed
21,Female,5.8,IT,1,0,1,0,40,48,63,56,40,4,Not Placed
19,Male,8.02,CSE,1,1,0,5,70,79,58,75,79,0,Not Placed
23,Female,6.04,IT,2,0,1,0,51,57,58,58,51,1,Not Placed
22,Female,8.21,IT,3,0,6,3,77,65,75,65,74,2,Not Placed
21,Male,6.59,ECE,2,0,0,1,61,61,60,52,57,2,Not Placed
24,Female,6.04,CIVIL,1,0,0,0,61,72,64,66,61,2,Not Placed
20,Male,9.59,CIVIL,2,2,4,1,83,82,81,81,78,0,Placed
19,Male,8.45,ECE,2,2,2,3,62,62,76,67,72,0,Not Placed
19,Female,8.26,ECE,3,1,2,1,95,83,73,94,69,1,Not Placed
21,Male,8.34,EEE,2,2,3,4,71,70,92,83,82,0,Placed
19,Male,7.28,MECH,3,0,4,2,71,80,72,62,44,1,Not Placed
23,Female,8.34,EEE,2,1,5,2,76,79,81,86,84,0,Placed
20,Female,6.58,EEE,1,0,1,3,54,64,58,50,55,0,Not Placed
21,Female,8.71,IT,1,2,1,6,85,56,82,66,72,1,Placed
21,Male,6.73,MECH,2,0,1,3,75,66,72,65,54,1,Placed
20,Male,6.29,ECE,3,0,0,1,58,52,62,52,48,1,Not Placed
22,Male,7.82,CSE,2,2,1,2,70,65,72,73,87,1,Placed
22,Male,7.86,ECE,3,4,1,3,70,79,67,78,58,1,Placed
22,Female,8.44,IT,1,2,2,2,74,80,69,85,54,0,Placed
21,Male,7.88,CSE,2,4,2,4,65,75,81,65,73,1,Placed
21,Female,7.98,ECE,1,4,1,1,80,68,95,68,63,0,Placed
20,Male,7.56,ECE,2,2,5,2,66,68,86,86,65,1,Placed
22,Male,8.19,CIVIL,2,2,3,3,61,76,68,73,47,0,Not Placed
20,Male,7.49,CIVIL,3,2,5,2,69,75,72,72,82,0,Placed
20,Male,8.1,IT,2,1,1,2,83,93,63,61,79,1,Placed
19,Male,7.52,CSE,2,2,4,4,71,75,61,72,69,0,Placed
22,Female,6.82,CSE,2,1,1,3,56,62,65,53,41,5,Not Placed
18,Female,7.12,CIVIL,2,2,3,2,72,81,72,78,73,0,Placed
28,Female,6.55,IT,1,0,0,1,46,58,55,50,53,2,Not Placed
19,Male,8.09,IT,2,1,1,4,71,61,61,77,85,0,Placed
20,Female,8.34,ECE,2,4,3,3,85,66,82,95,85,0,Not Placed
19,Female,7.49,CSE,2,0,2,0,67,73,64,55,69,0,Not Placed
20,Male,7.34,ECE,3,0,4,0,75,75,63,65,65,1,Not Placed
20,Female,8.03,MECH,3,1,4,5,71,77,81,82,72,0,Placed
22,Female,5.3,EEE,3,2,1,2,45,48,61,51,42,3,Not Placed
19,Female,7.84,IT,3,0,2,0,62,66,60,62,60,3,Not Placed
19,Other,7.24,CSE,2,0,3,0,90,81,75,75,63,0,Placed
18,Male,5.11,CSE,1,0,0,2,40,40,48,40,48,5,Not Placed
20,Male,6.31,CSE,2,1,0,2,57,69,47,62,61,1,Not Placed
25,Male,9.04,IT,3,1,1,2,80,76,68,71,66,0,Placed
20,Male,9.56,CSE,1,1,3,1,72,75,87,77,71,0,Placed
22,Male,7.52,ECE,3,2,5,1,77,63,70,70,62,0,Placed
21,Male,8.36,IT,1,3,4,4,71,81,84,70,71,0,Placed
20,Female,7.5,IT,2,2,1,3,70,59,80,64,63,0,Placed
23,Male,8.52,CSE,1,2,2,3,65,76,77,80,60,0,Placed
18,Female,7.09,IT,3,1,0,0,56,73,62,73,72,0,Not Placed
23,Female,8.06,EEE,2,3,0,4,66,69,76,57,52,0,Placed
21,Male,6.73,CSE,2,1,2,1,58,76,79,62,67,0,Not Placed
20,Male,9.76,ECE,1,2,6,2,81,79,91,73,88,0,Placed
24,Female,7.77,ECE,2,2,2,1,85,74,79,86,84,0,Not Placed
20,Male,8.93,ECE,2,0,5,1,93,95,71,82,88,0,Placed
26,Male,7.13,CIVIL,1,0,2,3,59,68,71,65,58,0,Not Placed
25,Female,6.62,EEE,1,0,0,3,44,55,67,56,43,0,Placed
19,Male,8.79,EEE,3,2,4,2,70,74,75,72,92,0,Placed
20,Female,8.02,MECH,2,2,2,1,70,63,81,77,70,2,Not Placed
23,Female,7.91,MECH,1,4,3,3,63,69,69,59,65,0,Placed
19,Male,7.13,MECH,1,1,1,0,64,61,59,74,62,2,Not Placed
22,Female,8.76,ECE,2,4,2,3,59,74,75,64,64,1,Not Placed
19,Male,5.14,MECH,2,0,2,2,49,68,51,50,58,0,Not Placed
19,Male,8.99,IT,1,2,2,4,66,75,72,75,75,0,Placed
21,Male,10.0,CIVIL,1,3,0,3,77,91,78,72,73,0,Not Placed
22,Female,8.09,CSE,1,2,4,2,79,85,87,84,88,0,Placed
22,Female,8.16,CSE,2,1,1,1,75,68,71,75,60,1,Not Placed
21,Female,6.94,CSE,3,0,1,3,56,66,51,55,67,0,Not Placed
19,Female,8.14,EEE,3,0,5,0,69,84,64,76,54,2,Not Placed
20,Male,10.0,IT,2,3,3,5,89,77,95,77,74,0,Placed
19,Female,6.9,EEE,2,2,0,3,58,67,54,57,61,1,Not Placed
19,Male,6.43,ECE,2,0,3,2,58,69,73,75,55,0,Not Placed
20,Female,9.42,IT,2,2,3,2,85,77,82,95,80,0,Placed
21,Male,8.37,MECH,3,1,3,2,71,62,75,72,47,0,Placed
19,Female,10.0,IT,3,2,4,4,77,83,86,78,90,0,Placed
18,Female,6.07,ECE,3,1,1,0,55,84,61,69,56,0,Not Placed
22,Male,6.0,MECH,2,1,1,1,50,60,56,49,62,1,Not Placed
18,Male,8.61,CSE,1,0,6,3,80,74,89,72,95,0,Not Placed
26,Male,7.09,IT,3,0,1,1,59,65,59,63,55,2,Not Placed
20,Male,8.13,CSE,1,1,3,7,59,68,67,65,69,1,Placed
18,Male,7.08,ECE,2,1,3,1,66,67,71,69,83,3,Not Placed
24,Female,8.23,EEE,3,0,2,2,85,75,85,87,69,0,Placed
21,Male,9.49,CSE,2,3,2,1,69,75,77,95,79,1,Placed
23,Male,7.63,CSE,1,1,2,3,74,56,75,61,79,0,Placed
20,Female,7.48,EEE,2,1,3,0,63,77,66,57,68,0,Placed
20,Female,8.37,EEE,3,3,3,5,80,83,84,71,63,0,Placed
22,Male,10.0,IT,2,4,5,3,95,95,95,95,95,0,Placed
20,Female,7.69,IT,2,2,1,2,78,80,74,73,77,1,Placed
21,Female,7.17,CSE,2,0,2,1,68,73,70,81,66,0,Placed
19,Female,6.15,CSE,2,1,1,1,48,58,55,56,57,3,Not Placed
20,Male,6.65,ECE,1,0,1,1,61,49,62,55,64,0,Not Placed
18,Male,7.16,ECE,2,1,1,1,67,66,78,66,48,0,Not Placed
23,Male,7.28,MECH,2,1,2,2,57,54,67,55,64,0,Not Placed
20,Female,8.43,ECE,2,0,1,1,65,81,61,78,74,1,Placed
26,Female,8.8,CSE,3,0,3,3,85,87,76,92,80,0,Placed
19,Female,8.13,IT,1,1,6,3,86,76,88,65,70,0,Placed
21,Male,7.36,EEE,2,1,2,5,83,68,62,65,53,4,Not Placed
20,Male,5.99,ECE,2,0,3,0,56,64,56,54,68,2,Not Placed
22,Female,7.89,EEE,2,0,5,3,85,88,77,82,83,0,Placed
23,Male,7.99,IT,2,0,1,1,72,68,70,61,74,2,Not Placed
21,Male,5.99,CSE,3,0,0,1,52,56,49,60,46,1,Not Placed
20,Female,8.23,MECH,3,1,4,0,65,71,74,65,75,0,Placed
22,Female,7.46,IT,3,3,2,3,70,88,75,66,77,0,Placed
19,Male,5.02,CSE,1,0,0,1,41,48,55,47,45,0,Not Placed
21,Female,6.05,ECE,2,0,1,1,53,53,59,62,70,1,Not Placed
22,Male,7.39,EEE,3,0,3,1,61,79,69,62,71,1,Not Placed
19,Male,8.23,IT,3,2,3,3,66,67,64,74,58,1,Not Placed
22,Male,7.1,ECE,2,2,3,0,67,66,61,72,55,1,Not Placed
22,Male,6.42,IT,2,0,1,1,45,79,62,60,54,0,Placed
18,Male,7.73,MECH,2,4,2,4,80,74,68,66,68,0,Not Placed
20,Male,6.98,EEE,2,0,1,0,72,54,50,54,70,1,Not Placed
20,Male,8.17,EEE,2,2,3,2,79,66,71,75,81,2,Placed
22,Male,6.21,CSE,2,1,2,1,50,62,67,49,61,0,Placed
21,Male,5.81,ECE,1,0,3,1,57,59,58,57,66,3,Not Placed
20,Female,7.73,EEE,3,2,6,3,79,69,71,77,60,1,Not Placed
20,Male,7.4,CSE,2,2,0,5,60,48,62,77,64,0,Not Placed
18,Male,8.1,CSE,3,3,4,2,85,83,72,78,58,1,Placed
18,Male,6.47,MECH,3,1,2,0,63,79,69,60,69,2,Placed
19,Male,6.56,MECH,3,0,0,1,67,50,67,68,61,2,Not Placed
18,Female,9.34,CIVIL,2,2,1,1,71,74,81,74,78,1,Placed
18,Female,5.98,IT,2,0,2,3,59,47,49,53,50,3,Not Placed
21,Male,8.01,CSE,2,3,5,0,87,81,76,83,79,0,Placed
21,Male,7.56,CSE,1,2,3,2,95,92,78,80,80,0,Placed
18,Male,9.19,EEE,2,3,1,6,71,72,67,80,76,0,Not Placed
21,Male,7.45,MECH,2,2,1,3,44,76,64,50,63,1,Not Placed
19,Female,6.91,IT,1,0,3,0,65,51,59,81,76,2,Placed
20,Female,7.89,IT,2,2,1,1,59,77,81,65,75,1,Placed
27,Female,6.6,MECH,2,0,1,0,61,66,59,52,59,1,Not Placed
21,Female,6.6,CSE,3,0,0,0,50,51,56,62,65,0,Not Placed
18,Female,7.46,CSE,3,1,1,2,79,82,80,78,76,0,Placed
20,Male,9.04,CIVIL,2,1,2,0,71,71,76,71,81,0,Placed
22,Female,6.34,ECE,3,0,2,1,62,48,47,52,64,4,Not Placed
19,Female,7.92,EEE,1,1,4,4,77,69,79,78,73,1,Placed
26,Male,7.93,CIVIL,2,1,1,1,77,67,73,83,70,0,Placed
20,Female,8.89,MECH,2,0,3,3,89,76,81,75,80,0,Placed
18,Male,8.3,IT,2,2,3,1,77,71,72,81,63,0,Placed
21,Male,8.68,ECE,2,1,5,1,71,88,84,67,76,0,Placed
22,Female,7.64,ECE,3,2,1,1,82,70,73,68,60,1,Placed
20,Male,8.39,CIVIL,2,1,1,3,78,65,83,79,65,0,Placed
24,Male,6.61,CSE,2,0,0,1,59,81,61,67,57,4,Not Placed
24,Male,7.06,EEE,1,0,2,1,64,67,73,61,57,0,Not Placed
19,Female,8.19,MECH,2,1,2,5,74,69,73,69,85,1,Placed
18,Female,7.27,IT,1,2,2,3,67,59,66,66,69,0,Placed
20,Female,8.7,EEE,2,1,3,2,76,67,72,63,85,0,Placed
21,Female,7.37,CSE,2,0,3,1,68,65,77,89,84,0,Placed
21,Male,8.18,CSE,1,4,1,1,78,71,60,86,42,0,Placed
19,Female,6.9,CSE,2,2,2,1,68,77,75,56,65,2,Not Placed
25,Male,6.52,ECE,2,1,2,1,49,50,65,58,74,0,Not Placed
20,Male,8.94,CSE,3,2,3,3,74,77,87,87,78,1,Placed
23,Female,7.7,ECE,3,1,1,1,74,77,69,69,64,0,Placed
23,Male,7.88,IT,2,1,1,0,63,50,53,77,46,1,Placed
18,Female,7.58,CSE,3,1,1,4,71,75,64,59,59,2,Placed
19,Male,5.58,CSE,2,0,4,3,43,57,53,48,43,1,Placed
19,Female,7.79,EEE,2,2,0,1,69,64,69,68,43,0,Placed
24,Male,7.2,IT,3,3,1,2,59,61,67,67,62,1,Not Placed
20,Female,7.4,EEE,3,0,3,0,61,74,61,68,64,1,Not Placed
23,Female,8.78,MECH,2,2,1,4,78,74,77,81,86,0,Placed
21,Male,6.66,EEE,3,0,3,1,59,75,59,47,62,3,Not Placed
20,Female,8.23,ECE,3,2,4,3,83,71,76,87,78,2,Placed
24,Female,9.51,EEE,1,1,5,3,95,81,93,95,71,0,Placed
20,Male,8.99,ECE,2,2,0,3,81,73,84,95,70,0,Placed
22,Female,6.57,IT,2,3,1,2,64,62,73,61,52,1,Not Placed
20,Male,6.53,CSE,1,3,0,2,44,64,58,58,74,0,Placed
18,Female,5.92,CIVIL,2,0,1,2,58,71,55,60,58,2,Not Placed
18,Male,6.46,MECH,3,0,3,4,72,59,76,56,66,0,Placed
19,Female,6.46,ECE,3,0,0,3,71,72,58,65,70,2,Placed
22,Male,6.54,ECE,1,0,1,1,58,74,75,66,61,0,Placed
20,Female,7.09,ECE,1,2,1,2,64,70,71,51,77,0,Placed
20,Female,7.58,CSE,2,1,3,1,70,75,75,69,62,2,Placed
18,Female,8.21,IT,1,1,2,4,73,76,82,59,69,1,Not Placed
21,Female,6.18,IT,1,1,0,2,48,55,62,60,61,0,Not Placed
23,Female,7.68,EEE,2,1,1,2,52,50,66,54,64,2,Not Placed
21,Male,7.17,ECE,2,1,5,3,73,74,70,63,67,0,Not Placed
27,Male,6.35,IT,2,0,3,3,75,60,60,55,58,2,Not Placed
18,Female,8.98,IT,2,1,2,3,82,80,91,81,78,0,Placed
18,Female,7.73,MECH,1,0,1,1,77,78,65,54,77,1,Placed
21,Male,5.0,EEE,3,0,1,0,55,49,48,57,50,2,Not Placed
19,Female,8.48,MECH,3,1,0,3,71,77,74,80,76,0,Placed
22,Male,7.94,IT,1,1,2,4,75,68,67,64,63,1,Placed
23,Female,6.81,IT,1,0,1,0,75,68,61,60,71,2,Not Placed
18,Male,5.93,ECE,3,0,0,3,52,64,70,48,64,2,Not Placed
24,Female,9.46,CSE,2,1,2,1,84,85,95,89,86,1,Placed
18,Male,6.98,IT,3,0,1,0,51,57,58,69,57,2,Not Placed
22,Male,7.77,IT,1,0,4,2,64,68,74,82,70,0,Not Placed
20,Female,7.0,ECE,3,1,1,2,76,68,76,73,86,0,Not Placed
22,Male,8.11,IT,2,0,1,1,66,73,94,79,82,1,Placed
18,Male,9.19,CSE,2,1,3,4,87,91,86,83,81,0,Placed
25,Female,8.29,IT,1,1,3,3,78,63,68,77,63,1,Placed
25,Female,6.72,ECE,2,0,2,2,61,59,59,75,72,1,Placed
21,Female,8.43,ECE,2,0,1,0,83,70,83,88,69,1,Placed
21,Male,6.94,MECH,1,0,2,1,58,56,65,67,60,1,Placed
21,Male,8.13,CSE,3,1,2,3,82,52,76,75,60,1,Not Placed
21,Female,7.0,ECE,1,0,2,0,50,78,48,56,49,1,Not Placed
21,Female,7.37,IT,2,0,0,2,75,72,69,58,58,3,Not Placed
21,Female,8.2,EEE,1,0,0,4,60,54,69,82,74,1,Not Placed
23,Male,8.74,MECH,2,0,1,3,65,68,74,67,70,0,Placed
21,Male,6.47,IT,2,0,2,0,47,52,50,62,73,1,Not Placed
19,Female,7.65,MECH,3,2,0,3,78,68,70,72,69,2,Not Placed
24,Male,7.53,CSE,2,0,3,2,57,73,54,59,67,1,Placed
19,Female,7.96,MECH,3,2,0,2,94,82,87,80,63,1,Placed
19,Male,8.37,EEE,1,0,2,1,64,48,65,60,60,2,Not Placed
28,Female,6.0,CSE,2,0,0,0,61,74,50,62,47,1,Not Placed
19,Male,8.01,ECE,3,2,2,4,68,64,66,73,71,2,Not Placed
18,Female,7.4,ECE,3,0,3,0,53,65,47,70,63,1,Not Placed
21,Female,8.87,CIVIL,2,1,1,5,74,76,68,87,88,0,Placed
23,Male,6.48,IT,3,1,2,0,71,79,68,73,78,2,Placed
18,Female,6.89,ECE,1,1,1,2,67,71,70,74,72,1,Placed
21,Male,8.21,ECE,1,2,2,0,53,67,91,71,70,2,Placed
18,Male,6.91,CSE,2,0,2,2,62,64,54,55,67,0,Not Placed
20,Female,6.25,MECH,2,0,0,1,54,68,66,41,60,1,Not Placed
20,Female,7.9,EEE,3,1,2,5,80,69,75,73,57,3,Not Placed
19,Male,5.78,ECE,1,0,0,4,55,60,61,69,63,1,Not Placed
25,Male,7.4,CIVIL,2,0,2,1,59,69,55,52,61,0,Not Placed
21,Male,8.06,CIVIL,2,0,2,1,77,79,76,73,74,0,Placed
23,Male,8.37,MECH,2,1,2,3,68,58,77,68,78,3,Not Placed
24,Male,7.07,CSE,1,0,0,3,56,67,54,64,48,2,Not Placed
25,Male,6.37,MECH,3,0,1,4,62,55,75,63,65,2,Placed
22,Female,6.75,IT,3,1,0,2,67,58,53,63,63,1,Placed
20,Male,9.24,ECE,2,3,3,4,81,72,87,89,95,0,Not Placed
23,Female,8.19,CIVIL,1,3,4,3,71,72,77,64,69,2,Not Placed
21,Male,7.58,CSE,1,2,2,2,72,77,70,71,43,1,Placed
19,Male,7.68,CSE,2,1,2,2,83,65,78,79,71,0,Placed
20,Male,6.31,MECH,1,1,1,1,48,60,55,52,40,3,Not Placed
20,Male,6.71,CSE,2,0,3,3,59,56,59,60,48,0,Not Placed
21,Female,8.76,CSE,2,2,3,3,74,69,67,62,68,0,Placed
23,Male,7.58,IT,1,1,1,3,62,66,67,79,77,0,Placed
21,Male,7.78,EEE,3,0,1,2,63,66,62,84,79,0,Placed
19,Male,8.62,IT,2,0,3,1,69,65,69,68,75,1,Not Placed
18,Female,7.11,IT,2,0,1,4,68,71,69,68,59,1,Not Placed
23,Male,7.4,MECH,2,1,2,2,68,66,73,68,66,1,Placed
20,Male,6.74,EEE,3,3,4,1,59,70,71,63,55,1,Placed
20,Male,6.11,ECE,2,2,1,3,70,73,62,57,61,1,Placed
22,Female,7.32,IT,1,0,4,0,69,85,81,69,66,1,Placed
23,Other,7.58,MECH,2,0,0,3,67,58,80,68,75,2,Not Placed
21,Male,7.42,CSE,2,0,2,0,75,81,63,83,63,2,Not Placed
21,Male,6.29,CIVIL,1,2,1,0,62,59,50,58,70,2,Not Placed
19,Male,6.6,CSE,3,0,1,2,60,53,59,67,60,1,Not Placed
25,Female,7.26,MECH,2,2,2,3,83,80,64,65,65,0,Not Placed
21,Male,9.0,MECH,3,1,2,0,74,95,79,84,73,0,Not Placed
22,Female,8.24,CSE,3,2,2,3,73,64,69,77,57,1,Placed
18,Female,7.79,CSE,2,0,4,2,58,82,68,82,59,2,Placed
21,Male,7.57,CSE,2,1,1,0,80,79,67,80,83,0,Not Placed
20,Female,6.92,IT,1,0,1,2,60,56,55,61,56,1,Not Placed
20,Female,8.34,ECE,3,1,2,3,88,86,83,82,74,0,Placed
22,Male,7.5,CSE,3,3,3,0,80,70,74,73,82,2,Placed
23,Male,7.1,CSE,3,0,0,0,66,58,59,59,49,0,Not Placed
20,Male,7.18,IT,1,0,1,2,64,77,67,80,77,1,Placed
24,Male,6.39,CSE,2,2,2,0,54,55,60,69,67,1,Not Placed
19,Female,9.1,EEE,2,3,4,3,80,75,82,84,77,1,Placed
21,Female,6.9,IT,2,1,0,1,63,77,63,66,83,1,Not Placed
19,Female,7.38,CSE,3,1,1,2,68,72,67,64,76,0,Not Placed
20,Male,8.55,CSE,3,1,1,2,79,80,69,78,71,0,Placed
24,Male,7.1,IT,2,0,0,0,58,77,60,58,53,1,Placed
18,Male,7.76,CSE,1,1,5,5,78,68,63,80,62,1,Placed
24,Female,7.01,CSE,2,1,3,0,71,63,62,61,74,0,Not Placed
20,Male,5.52,CSE,1,0,0,2,47,64,62,60,50,2,Not Placed
22,Male,7.93,IT,2,3,0,2,75,75,75,75,64,1,Placed
18,Female,7.77,ECE,3,1,3,1,64,64,68,76,57,1,Not Placed
22,Female,7.74,ECE,2,0,1,1,73,84,59,86,75,0,Placed
24,Male,7.3,MECH,2,0,2,1,66,57,66,69,74,1,Not Placed
21,Female,7.48,EEE,1,3,3,0,63,73,81,69,69,0,Not Placed
20,Male,8.81,CSE,1,2,3,3,88,76,78,73,73,0,Placed
23,Female,5.81,IT,2,0,0,0,46,60,42,56,58,1,Not Placed
22,Female,7.24,EEE,1,1,1,0,71,73,67,59,63,2,Not Placed
18,Female,7.41,ECE,2,0,5,2,82,77,78,71,68,0,Placed
22,Male,7.41,CSE,1,2,3,1,78,71,74,70,62,0,Placed
22,Female,8.0,EEE,2,1,3,3,81,80,75,68,68,0,Placed
22,Male,10.0,CSE,2,4,5,4,95,95,95,81,92,0,Placed
20,Male,8.22,IT,2,0,1,3,87,65,78,73,48,0,Placed
20,Female,7.96,EEE,2,2,2,4,80,81,74,71,95,0,Placed
26,Male,6.29,CIVIL,3,0,2,2,58,68,48,73,70,0,Placed
21,Female,6.6,MECH,1,1,0,1,58,54,64,46,54,0,Not Placed
21,Male,6.27,CIVIL,3,1,4,2,60,78,58,71,46,0,Not Placed
27,Male,8.61,IT,3,1,2,6,82,80,63,80,63,1,Not Placed
19,Male,7.33,IT,3,0,3,2,74,65,79,79,62,0,Placed
20,Male,8.98,CSE,3,1,1,1,69,86,72,78,77,0,Not Placed
22,Female,6.83,IT,3,1,4,2,75,84,68,68,61,0,Not Placed
22,Female,7.4,EEE,1,0,3,1,66,62,69,61,70,1,Placed
26,Female,6.97,CSE,1,0,1,1,71,85,60,61,61,0,Not Placed
22,Female,8.07,IT,2,0,2,3,71,73,69,70,66,0,Placed
20,Male,8.35,CIVIL,2,1,3,5,87,62,91,71,85,0,Not Placed
20,Other,7.02,CSE,2,1,0,1,43,57,65,72,58,0,Not Placed
18,Male,8.7,CSE,1,2,2,0,78,71,76,73,59,2,Not Placed
24,Male,7.28,CIVIL,2,1,1,3,69,57,57,67,76,0,Not Placed
19,Male,8.44,IT,2,0,2,2,73,65,65,70,76,0,Placed
21,Male,7.02,MECH,2,2,0,2,65,66,79,45,65,1,Not Placed
20,Female,9.23,CSE,2,1,3,2,95,81,86,77,78,0,Placed
19,Male,6.95,CSE,1,0,1,1,71,54,62,68,62,1,Not Placed
20,Male,8.15,CSE,3,1,4,2,68,66,87,75,58,0,Not Placed
21,Male,8.1,CSE,3,3,6,0,68,80,76,70,69,0,Placed
18,Male,7.02,IT,1,0,2,0,55,62,57,45,65,2,Placed
26,Female,7.58,EEE,2,1,4,1,56,65,58,62,44,0,Placed
24,Male,7.64,ECE,1,0,3,3,70,56,65,70,51,2,Not Placed
18,Male,6.63,IT,2,0,3,4,53,59,62,67,50,1,Not Placed
23,Female,6.32,CSE,2,0,3,0,69,88,55,72,60,1,Not Placed
20,Female,9.0,EEE,2,0,4,3,81,91,92,78,70,0,Placed
18,Male,7.63,CSE,2,1,1,2,52,68,64,51,66,2,Placed
20,Male,7.95,CSE,2,2,2,1,86,64,70,72,61,0,Placed
23,Other,8.19,CIVIL,2,0,2,0,78,68,82,74,69,0,Not Placed
22,Male,5.43,CIVIL,2,0,2,2,52,66,59,42,51,2,Not Placed
19,Male,7.66,CSE,2,0,1,2,64,79,69,69,67,2,Not Placed
22,Male,6.27,CSE,2,0,2,1,44,62,49,58,64,0,Not Placed
22,Male,7.2,ECE,3,2,2,1,76,85,77,75,79,0,Not Placed
22,Female,6.28,IT,2,1,3,2,69,58,60,66,73,0,Placed
21,Female,7.59,MECH,3,1,0,3,68,78,74,61,63,1,Not Placed
23,Male,6.03,IT,2,1,1,2,50,63,47,59,72,3,Not Placed
22,Female,7.44,CSE,2,2,4,1,60,79,65,73,82,0,Placed
19,Female,8.13,ECE,1,0,3,0,88,74,84,76,63,0,Placed
23,Female,6.13,CSE,3,0,1,2,63,73,50,58,47,2,Not Placed
20,Female,6.84,IT,2,1,2,0,56,74,60,68,75,0,Placed
22,Female,7.9,ECE,3,0,4,1,71,70,79,87,66,0,Not Placed
22,Male,7.64,CIVIL,2,0,3,5,83,78,78,82,67,0,Placed
20,Male,5.06,CSE,1,0,0,1,44,58,51,50,45,1,Not Placed
19,Female,9.21,ECE,2,3,5,2,92,94,93,76,85,0,Placed
22,Female,8.39,CSE,2,1,4,2,85,69,86,80,85,0,Placed
23,Male,8.08,MECH,2,2,0,2,84,80,63,70,67,0,Placed
23,Male,6.41,IT,2,1,4,2,74,78,58,70,62,1,Not Placed
21,Female,5.23,CSE,2,0,1,0,51,63,50,47,50,1,Not Placed
19,Male,8.57,CSE,2,2,1,3,80,76,75,73,79,2,Placed
20,Female,6.65,EEE,1,0,1,1,72,74,66,62,62,1,Not Placed
22,Female,7.95,CSE,2,2,1,1,77,68,68,77,72,1,Placed
20,Male,8.27,ECE,1,3,2,0,67,64,75,74,60,1,Not Placed
22,Female,8.03,IT,2,0,4,2,67,76,74,71,69,0,Not Placed
20,Female,5.73,EEE,2,0,2,2,65,76,76,62,54,2,Not Placed
18,Male,9.0,CIVIL,1,2,2,3,65,72,84,82,81,2,Placed
21,Male,6.51,CSE,3,1,1,3,48,59,63,59,44,0,Not Placed
21,Male,9.71,ECE,2,3,5,1,95,88,82,81,95,0,Placed
21,Female,9.67,IT,2,1,3,6,95,88,81,90,85,0,Placed
19,Female,9.43,ECE,2,3,3,2,86,86,81,90,77,0,Placed
23,Male,8.61,CSE,2,3,1,3,87,78,73,80,92,0,Placed
21,Female,6.68,CSE,2,1,3,3,78,55,54,56,60,1,Not Placed
22,Female,8.71,EEE,2,2,0,2,69,84,76,84,82,0,Placed
21,Male,6.72,IT,3,2,1,1,52,74,86,73,50,1,Not Placed
20,Male,7.01,CSE,1,0,0,0,46,63,62,57,50,3,Not Placed
22,Female,8.67,IT,1,1,4,2,76,80,73,85,70,0,Placed
21,Male,8.49,ECE,2,1,5,3,76,87,80,80,72,0,Placed
21,Female,7.13,CIVIL,2,0,3,2,90,65,68,68,78,0,Placed
22,Female,6.57,MECH,1,0,2,0,43,66,51,48,56,3,Not Placed
18,Female,7.2,EEE,2,1,3,1,55,55,65,63,71,0,Placed
24,Male,5.52,CIVIL,2,1,3,3,60,73,45,43,63,0,Not Placed
20,Male,8.58,ECE,3,1,1,2,90,57,70,90,74,0,Placed
19,Female,6.09,ECE,1,1,0,2,55,55,49,54,82,1,Not Placed
22,Male,7.71,ECE,2,0,2,1,56,59,59,64,66,2,Placed
19,Male,6.36,CIVIL,1,1,2,3,55,59,60,60,70,3,Not Placed
28,Male,7.37,CSE,3,0,1,1,49,50,55,52,63,4,Not Placed
20,Female,8.31,ECE,1,0,1,3,69,65,63,61,73,2,Placed
20,Male,7.56,EEE,1,0,4,1,62,71,70,70,67,0,Placed
18,Female,8.82,CSE,2,1,3,4,92,70,70,67,62,1,Placed
18,Male,6.51,MECH,1,0,1,3,60,51,54,47,42,1,Not Placed
18,Female,6.64,MECH,2,0,2,0,60,73,54,63,43,0,Placed
18,Female,5.0,ECE,1,0,1,0,45,63,49,46,41,2,Not Placed
20,Male,5.0,MECH,2,0,1,2,40,62,45,50,44,2,Not Placed
20,Female,10.0,CSE,1,1,3,4,74,85,89,89,94,0,Placed
20,Female,9.96,CIVIL,2,4,2,5,95,84,91,88,94,0,Placed
19,Female,7.68,CSE,1,1,1,1,65,67,71,64,65,0,Placed
18,Male,5.97,CSE,1,0,1,1,45,79,65,70,56,0,Not Placed
18,Female,7.55,ECE,3,0,4,0,71,75,74,63,94,1,Not Placed
19,Male,8.15,EEE,3,1,0,2,87,76,80,78,80,0,Not Placed
20,Male,7.39,EEE,2,3,1,1,76,50,63,62,59,1,Not Placed
19,Male,7.16,ECE,2,1,4,1,70,74,72,74,64,0,Not Placed
20,Male,7.24,EEE,2,0,1,3,69,55,71,67,56,0,Not Placed
24,Male,7.43,ECE,3,0,0,0,63,67,58,54,53,1,Not Placed
19,Female,7.99,MECH,2,1,2,2,62,73,59,74,55,4,Not Placed
19,Female,7.43,CSE,2,2,3,6,69,81,76,70,79,2,Placed
22,Male,6.12,CIVIL,3,1,2,1,45,58,65,57,71,3,Not Placed
21,Male,8.42,MECH,2,2,6,1,67,67,86,66,78,2,Not Placed
18,Female,6.45,MECH,2,0,2,2,61,52,64,58,52,0,Not Placed
23,Male,7.02,IT,2,0,5,2,57,64,74,67,70,1,Not Placed
22,Female,8.88,CIVIL,3,2,2,1,71,75,81,89,80,0,Not Placed
26,Male,8.39,CSE,2,1,1,1,60,59,84,74,65,0,Placed
25,Female,7.9,CSE,2,0,4,2,82,73,90,75,69,0,Placed
21,Male,5.7,IT,2,0,1,1,46,58,43,48,40,1,Not Placed
22,Female,7.13,CIVIL,2,1,3,2,61,62,71,80,62,1,Placed
20,Male,7.29,CIVIL,2,1,4,2,64,56,58,72,69,1,Placed
24,Male,8.35,IT,2,1,2,2,88,58,95,95,72,0,Placed
21,Female,6.14,EEE,1,0,1,1,46,71,49,57,40,2,Not Placed
20,Female,7.51,ECE,3,1,3,5,63,68,65,67,57,0,Not Placed
18,Male,8.99,CSE,1,2,4,2,95,71,60,86,95,0,Placed
21,Male,6.72,ECE,3,0,2,1,53,52,60,56,68,0,Not Placed
21,Female,8.07,CSE,3,1,1,2,65,64,61,80,69,0,Not Placed
23,Male,7.55,ECE,3,3,2,3,68,72,67,71,79,1,Placed
19,Female,7.13,CSE,1,1,1,1,73,72,73,60,86,0,Placed
23,Male,9.74,CSE,1,1,3,1,90,91,88,89,77,0,Placed
18,Male,6.8,ECE,2,3,2,0,75,65,70,72,78,3,Placed
21,Male,8.62,IT,1,1,1,2,80,81,81,85,80,0,Placed
20,Male,7.14,MECH,3,0,5,2,61,78,68,66,61,2,Not Placed
20,Male,6.78,EEE,2,0,1,0,60,53,60,55,67,0,Placed
20,Male,6.52,CSE,3,2,1,1,56,74,58,63,58,1,Not Placed
19,Female,5.86,EEE,3,1,0,0,61,61,70,59,61,1,Not Placed
19,Male,8.41,CSE,3,0,2,3,84,73,64,72,70,0,Placed
23,Female,7.85,EEE,1,2,2,0,90,66,69,69,49,2,Not Placed
19,Male,6.69,IT,3,0,0,2,66,61,70,60,64,1,Placed
22,Female,7.48,IT,1,2,2,0,61,64,85,74,69,0,Placed
22,Male,5.58,ECE,3,1,2,0,67,65,56,57,51,1,Placed
18,Female,8.66,MECH,2,0,2,2,75,80,74,78,70,0,Not Placed
24,Female,7.57,CSE,1,1,0,4,65,79,68,77,69,1,Not Placed
23,Female,7.14,CIVIL,2,4,2,0,77,76,81,82,73,0,Placed
23,Female,5.93,ECE,2,1,2,5,72,62,69,59,68,1,Not Placed
23,Male,8.14,CSE,2,3,4,3,70,80,83,71,63,1,Not Placed
21,Male,7.79,EEE,2,1,2,2,68,75,73,71,69,1,Placed
28,Male,7.93,EEE,1,3,2,1,67,85,69,68,84,2,Not Placed
19,Female,7.58,ECE,2,0,2,3,67,57,87,76,59,2,Placed
18,Male,5.88,CSE,2,0,1,0,55,61,53,54,61,1,Not Placed
22,Female,8.42,MECH,1,1,3,1,83,76,79,78,73,0,Placed
20,Female,6.97,MECH,2,0,3,1,70,62,64,69,71,1,Not Placed
21,Male,8.2,EEE,2,0,3,3,65,67,61,79,81,0,Placed
20,Male,7.78,EEE,3,1,4,1,64,72,61,75,70,0,Not Placed
20,Male,6.43,IT,3,0,2,3,65,64,62,56,68,0,Not Placed
24,Male,5.74,IT,2,0,1,2,76,45,49,61,43,1,Not Placed
19,Male,8.0,ECE,2,1,1,2,70,80,62,67,76,1,Not Placed
19,Male,7.63,CSE,2,0,4,3,71,72,68,60,57,1,Placed
22,Female,8.18,ECE,2,1,5,2,76,79,79,55,77,0,Placed
23,Female,7.16,CSE,3,0,2,1,71,80,65,57,69,0,Not Placed
23,Male,9.05,MECH,2,1,3,3,79,71,85,73,66,0,Placed
19,Male,8.39,CSE,1,0,5,0,73,74,69,73,87,1,Placed
24,Female,8.63,EEE,2,0,1,0,67,81,73,80,50,0,Placed
21,Male,8.29,CSE,2,1,3,0,64,64,71,54,51,0,Not Placed
23,Female,7.74,CIVIL,3,1,3,1,72,73,65,73,77,1,Placed
18,Male,7.99,ECE,2,1,4,2,74,84,76,69,84,1,Placed
20,Female,7.19,IT,2,0,1,2,72,74,66,57,64,0,Not Placed
21,Female,8.26,CSE,2,0,4,3,70,66,73,82,79,1,Placed
21,Female,8.26,ECE,2,1,4,1,89,76,63,72,70,1,Placed
18,Female,7.09,IT,2,0,2,3,76,82,89,79,55,1,Placed
21,Female,9.18,EEE,2,1,3,2,92,84,95,91,93,0,Placed
22,Male,8.19,EEE,3,2,4,3,78,78,82,68,75,1,Not Placed
20,Female,7.5,EEE,2,1,3,3,73,69,62,72,69,2,Placed
21,Female,7.61,CSE,2,0,2,2,74,71,87,74,60,1,Placed
20,Male,7.06,CSE,2,1,3,3,49,64,69,57,72,1,Not Placed
24,Female,8.36,IT,2,2,0,1,68,78,75,67,68,2,Placed
21,Male,8.02,IT,2,0,4,1,86,60,71,77,79,0,Placed
21,Male,8.05,ECE,3,2,3,2,63,85,81,86,79,1,Placed
25,Male,7.88,ECE,3,2,2,6,87,49,83,77,70,1,Placed
22,Male,6.41,IT,3,0,1,3,66,51,48,56,61,2,Not Placed
19,Male,7.94,IT,2,1,4,0,69,77,79,75,65,0,Placed
22,Female,7.49,ECE,3,1,0,2,61,83,69,69,54,0,Placed
26,Male,5.41,MECH,2,0,1,1,64,77,65,48,54,3,Not Placed
18,Female,8.6,CSE,1,3,3,4,67,86,86,81,86,0,Placed
21,Female,8.75,CSE,2,1,5,2,85,84,81,75,83,0,Placed
19,Male,7.16,CSE,2,1,1,1,77,74,63,74,58,0,Not Placed
23,Female,7.95,IT,3,1,2,6,81,73,58,66,71,0,Placed
22,Male,8.75,ECE,3,1,1,3,73,61,78,72,73,0,Not Placed
25,Female,9.35,MECH,3,2,3,3,83,74,82,76,67,1,Placed
22,Male,7.89,EEE,2,3,2,1,77,72,69,60,60,1,Placed
18,Male,6.57,CIVIL,2,1,4,1,56,54,53,52,70,1,Not Placed
21,Male,8.56,CSE,1,4,4,4,89,73,95,87,86,0,Placed
24,Female,8.31,CSE,1,0,2,2,90,73,70,79,76,0,Placed
19,Male,7.16,CSE,1,1,3,3,59,56,51,59,55,1,Not Placed
18,Male,7.34,ECE,2,0,1,0,70,79,61,51,46,3,Not Placed
22,Female,8.55,IT,3,0,2,1,87,78,68,73,55,2,Not Placed
21,Male,7.35,IT,2,1,3,2,59,66,73,57,81,0,Not Placed
18,Female,7.34,IT,2,1,4,4,66,65,72,68,59,1,Not Placed
19,Female,8.85,MECH,1,1,1,3,60,70,60,66,64,1,Placed
20,Male,6.82,CSE,2,1,4,2,50,76,62,62,42,2,Placed
22,Male,6.72,IT,2,0,2,0,50,40,55,69,63,1,Not Placed
21,Male,7.79,IT,2,3,1,3,68,82,79,67,79,0,Placed
21,Female,8.02,IT,1,0,2,5,65,77,65,68,68,1,Placed
23,Female,7.33,EEE,2,1,2,4,64,77,73,64,85,1,Not Placed
19,Male,6.75,ECE,1,0,3,0,51,55,72,62,73,2,Not Placed
22,Female,7.23,MECH,2,3,3,5,78,67,76,67,44,0,Placed
20,Male,8.43,MECH,3,2,4,2,86,55,69,78,73,0,Placed
20,Male,8.86,IT,1,2,3,4,76,73,68,81,69,0,Placed
21,Male,5.79,MECH,1,0,2,0,76,60,56,54,50,2,Placed
22,Female,6.42,ECE,2,1,1,1,54,70,54,56,55,0,Placed
25,Male,7.07,MECH,1,1,4,3,65,84,59,63,68,0,Placed
19,Female,8.23,IT,2,1,3,0,79,81,73,76,83,0,Placed
18,Male,8.21,CSE,1,2,1,3,77,73,67,77,62,1,Placed
20,Female,6.8,ECE,1,0,1,2,64,70,64,57,59,1,Not Placed
21,Female,7.51,CIVIL,2,4,1,3,66,69,75,71,55,0,Placed
19,Male,8.95,CIVIL,3,1,2,0,83,89,83,77,70,0,Placed
24,Male,7.05,CSE,2,2,0,4,72,70,62,56,76,1,Placed
23,Female,6.2,IT,1,0,1,1,45,69,52,51,51,2,Not Placed
21,Male,7.27,MECH,2,0,4,3,66,68,72,75,73,0,Placed
20,Male,9.71,IT,1,4,0,0,84,83,84,78,78,0,Placed
18,Female,5.68,ECE,1,0,0,0,51,54,54,40,54,2,Not Placed
21,Male,7.24,CIVIL,2,0,1,1,65,85,62,67,47,2,Not Placed
21,Female,6.92,IT,3,0,4,1,63,77,70,61,75,4,Not Placed
24,Male,7.44,CSE,3,2,0,1,60,80,72,65,68,3,Not Placed
21,Male,8.36,CSE,2,2,2,4,66,81,67,62,63,3,Not Placed
19,Female,8.95,IT,3,0,3,3,83,75,87,89,73,0,Placed
19,Female,7.34,ECE,2,0,0,3,73,63,54,65,71,1,Placed
19,Male,8.41,MECH,3,1,4,1,82,88,68,86,89,0,Placed
25,Male,7.84,EEE,3,0,0,0,63,66,84,70,62,1,Not Placed
23,Male,6.6,CSE,2,3,2,2,60,74,71,64,53,0,Not Placed
23,Male,6.91,MECH,1,1,1,1,54,65,60,70,57,2,Not Placed
23,Female,5.56,CSE,3,1,0,2,50,64,54,54,47,3,Not Placed
18,Male,7.66,CSE,3,1,3,3,75,75,66,66,65,1,Not Placed
22,Female,9.75,ECE,2,0,3,1,95,79,95,75,92,0,Placed
22,Male,7.58,ECE,2,0,2,2,79,60,80,55,64,0,Placed
19,Male,8.61,IT,2,1,4,2,81,71,69,86,66,0,Placed
21,Female,8.23,IT,3,0,3,1,66,70,66,71,58,1,Placed
22,Female,7.58,CIVIL,3,2,1,4,68,60,67,68,73,2,Not Placed
24,Male,8.34,ECE,2,3,1,1,75,77,80,78,61,1,Placed
18,Male,9.89,IT,1,1,3,3,81,84,79,81,78,0,Placed
24,Male,8.28,CIVIL,1,2,1,2,88,66,81,82,79,0,Placed
24,Male,8.99,CSE,3,1,1,3,89,62,70,73,84,0,Placed
24,Female,7.16,CSE,2,1,1,1,64,76,78,69,60,0,Placed
18,Male,8.77,CSE,3,0,2,3,68,54,76,66,86,0,Placed
19,Male,6.46,CSE,1,1,2,0,61,64,52,42,60,2,Not Placed
22,Male,6.53,CSE,1,0,1,0,61,68,48,65,40,1,Not Placed
20,Female,5.71,IT,2,1,1,0,57,48,52,53,59,2,Not Placed
18,Male,7.44,ECE,2,0,0,0,72,72,69,71,67,2,Not Placed
22,Female,6.7,CSE,3,2,4,6,70,57,73,63,57,2,Placed
18,Male,5.46,CSE,1,0,2,2,51,62,61,48,60,1,Not Placed
20,Male,8.07,ECE,2,0,1,0,70,65,77,55,70,0,Not Placed
25,Male,6.6,IT,3,0,0,2,57,62,71,53,64,0,Placed
20,Female,6.08,ECE,3,2,0,2,70,54,57,65,52,4,Not Placed
24,Male,6.74,CSE,3,1,2,4,71,63,71,66,52,1,Placed
20,Female,7.78,EEE,1,1,3,3,76,55,52,57,74,2,Placed
20,Male,7.45,CIVIL,2,0,3,2,64,60,58,51,68,1,Not Placed
18,Female,8.97,CSE,2,2,2,4,76,62,62,70,58,0,Placed
20,Male,5.39,ECE,3,0,0,3,40,65,45,42,46,5,Not Placed
20,Male,6.39,EEE,2,0,1,1,46,53,40,54,40,1,Not Placed
23,Female,7.11,ECE,3,0,2,1,68,79,70,69,72,1,Placed
24,Male,7.21,CSE,2,0,1,3,65,75,60,69,71,0,Placed
18,Male,7.51,CSE,2,1,1,2,68,72,73,75,53,0,Placed
18,Female,6.68,ECE,3,0,0,1,55,56,64,72,67,0,Not Placed
22,Female,6.63,IT,1,1,0,1,58,55,63,52,50,0,Placed
21,Female,7.07,MECH,1,1,1,5,61,72,69,59,66,0,Not Placed
20,Male,7.22,CSE,2,1,0,3,67,84,65,68,59,3,Not Placed
19,Female,7.59,CSE,3,3,2,3,83,68,72,81,95,0,Placed
19,Female,7.32,IT,2,0,1,2,58,73,89,77,60,2,Placed
21,Female,6.91,IT,2,0,3,0,77,86,66,63,69,2,Not Placed
18,Female,9.39,ECE,3,1,2,1,95,95,95,95,93,0,Placed
22,Female,7.0,CSE,1,0,2,3,62,66,71,64,64,0,Placed
20,Female,8.47,ECE,3,0,1,3,64,74,72,71,81,1,Placed
20,Male,8.33,MECH,3,1,1,1,77,77,70,66,65,0,Not Placed
21,Male,8.08,MECH,2,2,4,1,81,77,75,86,78,0,Placed
19,Male,7.4,MECH,2,1,3,2,69,86,74,64,82,0,Placed
24,Male,8.07,ECE,2,0,4,1,76,75,58,59,62,0,Not Placed
22,Female,8.49,MECH,2,1,4,4,69,73,74,64,63,2,Not Placed
24,Male,6.97,ECE,1,0,2,1,67,63,59,55,61,3,Not Placed
21,Male,6.99,CSE,2,1,2,4,76,71,82,73,56,0,Placed
20,Female,8.97,CIVIL,1,2,5,1,76,80,95,78,92,0,Placed
19,Female,8.87,CSE,3,3,5,4,79,86,76,80,78,0,Placed
21,Male,7.55,CSE,2,0,0,0,59,67,62,82,71,1,Not Placed
21,Male,7.84,CSE,1,0,2,2,76,73,65,80,81,0,Placed
20,Male,6.27,ECE,2,1,2,1,47,82,63,64,67,1,Not Placed
19,Male,7.31,ECE,2,0,4,3,70,64,66,65,71,1,Placed
19,Male,7.59,ECE,1,2,2,4,67,59,90,81,74,0,Placed
18,Male,8.82,CSE,2,0,2,4,80,95,76,91,78,0,Not Placed
20,Female,6.85,CSE,2,0,1,4,61,61,55,46,61,1,Not Placed
21,Male,6.84,CSE,2,0,1,1,55,75,57,55,66,2,Not Placed
25,Male,8.94,CSE,2,1,6,3,94,95,92,91,76,0,Placed
19,Female,8.1,CSE,1,1,6,3,72,58,63,78,62,0,Placed
18,Male,8.47,CSE,3,4,2,3,84,77,88,91,74,0,Not Placed
20,Male,7.77,CIVIL,2,0,2,2,75,75,69,82,63,1,Not Placed
19,Male,8.09,MECH,2,0,3,2,72,59,63,73,64,0,Not Placed
22,Male,7.3,IT,2,2,3,1,65,61,73,66,57,0,Placed
18,Male,8.96,IT,3,1,3,1,78,76,85,84,88,1,Placed
27,Male,8.15,CIVIL,2,0,0,1,70,85,80,86,66,0,Placed
23,Male,6.17,ECE,1,1,2,2,58,61,66,66,72,1,Placed
21,Female,6.95,MECH,2,0,3,0,66,58,74,51,74,5,Not Placed
24,Female,9.97,MECH,3,2,1,2,78,60,86,72,79,0,Not Placed
21,Male,7.64,CSE,1,0,1,4,58,75,66,67,75,1,Not Placed
28,Female,7.4,CSE,1,4,0,3,66,75,73,60,50,0,Placed
19,Male,8.74,CSE,2,2,1,2,74,77,78,87,89,0,Placed
28,Male,8.53,ECE,2,1,2,0,84,80,74,70,79,0,Not Placed
19,Male,7.62,MECH,1,1,1,4,56,67,71,75,57,3,Placed
20,Male,6.76,IT,2,0,1,0,81,63,67,58,72,0,Placed
25,Male,6.55,MECH,1,2,3,3,55,65,60,52,43,0,Not Placed
20,Female,6.91,ECE,2,2,0,1,47,77,66,59,59,1,Placed
19,Male,8.12,ECE,3,1,3,4,70,72,70,76,71,0,Placed
18,Male,6.95,EEE,1,1,2,6,74,77,63,62,72,1,Not Placed
19,Male,6.09,ECE,2,0,2,0,48,53,62,49,62,2,Not Placed
20,Female,6.35,ECE,2,1,0,1,60,61,54,62,74,2,Not Placed
20,Male,6.8,EEE,3,1,0,1,42,63,51,57,54,1,Not Placed
21,Female,8.18,ECE,2,0,2,3,83,84,80,73,77,1,Placed
23,Male,5.25,CSE,2,0,0,2,49,50,45,46,53,1,Not Placed
18,Female,7.55,ECE,2,1,2,0,66,68,72,52,62,2,Not Placed
23,Male,5.97,ECE,2,0,2,1,53,60,51,48,40,1,Not Placed
21,Male,7.94,MECH,3,3,2,1,58,80,77,68,95,0,Placed
22,Male,5.77,CSE,2,0,3,1,43,51,42,47,44,1,Placed
22,Male,7.99,CSE,2,3,3,1,62,76,57,66,76,1,Placed
24,Male,9.17,IT,3,2,1,2,81,85,95,81,81,0,Placed
18,Male,9.95,MECH,1,3,3,3,86,86,95,71,75,0,Placed
21,Female,5.27,IT,2,1,0,2,43,69,65,50,49,4,Not Placed
24,Female,7.0,IT,3,2,2,1,72,85,69,60,55,2,Not Placed
22,Male,6.24,EEE,3,0,1,2,62,65,63,65,41,1,Not Placed
18,Female,6.7,ECE,1,1,3,1,49,55,59,52,57,1,Not Placed
21,Female,7.18,ECE,2,0,4,1,62,69,69,70,70,1,Placed
23,Female,9.24,IT,1,4,2,1,90,68,90,79,57,0,Placed
19,Male,7.84,EEE,2,2,0,1,79,77,82,73,82,0,Not Placed
21,Male,7.4,CSE,2,3,1,3,57,80,65,56,57,2,Not Placed
23,Female,7.72,CSE,2,0,2,2,83,73,69,74,67,0,Not Placed
21,Female,6.07,EEE,3,0,0,1,42,58,58,53,49,5,Not Placed
19,Female,7.51,CSE,1,0,2,5,63,62,52,59,67,2,Placed
21,Female,6.48,IT,3,1,2,0,49,61,58,61,52,0,Placed
21,Female,7.82,IT,2,2,0,2,73,75,66,73,80,0,Placed
20,Female,7.45,ECE,1,1,4,2,66,60,60,66,79,3,Placed
22,Male,7.63,EEE,3,0,4,1,67,61,73,58,68,2,Placed
20,Male,7.98,MECH,3,2,1,3,63,83,64,75,72,0,Placed
24,Female,8.01,CSE,3,0,6,4,79,58,66,80,67,0,Placed
23,Female,8.24,CSE,3,3,1,3,80,71,67,76,73,0,Placed
23,Male,7.97,CIVIL,2,1,0,2,64,92,71,70,71,1,Placed
21,Male,6.61,CSE,2,0,1,2,61,85,68,58,67,1,Placed
19,Female,7.84,MECH,2,2,1,1,74,72,71,69,70,0,Placed
22,Male,7.69,CSE,1,0,3,4,68,85,76,71,69,0,Not Placed
18,Female,6.99,IT,3,1,0,1,62,64,67,76,64,0,Placed
21,Male,8.0,ECE,2,2,3,1,66,61,70,69,88,0,Placed
18,Male,8.54,IT,2,2,1,1,81,76,83,77,79,0,Placed
21,Female,5.25,ECE,3,1,1,0,53,64,49,45,64,3,Not Placed
22,Female,8.6,CSE,2,2,2,0,88,74,80,78,87,0,Placed
20,Male,6.59,CSE,2,0,1,0,52,68,57,65,54,4,Not Placed
20,Male,6.92,ECE,3,1,2,2,67,79,59,62,63,0,Not Placed
19,Male,7.04,MECH,2,0,1,2,58,61,55,52,55,2,Placed
20,Male,8.87,ECE,2,2,5,7,89,74,75,86,89,0,Placed
20,Female,7.24,IT,1,1,1,1,63,80,77,73,77,1,Not Placed
23,Male,7.27,CIVIL,2,0,2,2,52,65,66,64,49,3,Not Placed
24,Female,7.56,IT,2,4,2,2,59,63,63,68,64,2,Not Placed
25,Female,7.26,IT,2,2,1,1,66,60,78,66,64,2,Placed
18,Male,7.59,CSE,1,0,4,1,66,63,74,64,67,2,Not Placed
20,Male,8.13,EEE,2,2,0,1,66,82,67,73,54,0,Placed
21,Female,5.0,CSE,1,1,0,0,40,46,41,40,41,5,Not Placed
22,Male,7.58,CSE,3,1,4,0,90,64,66,61,67,1,Placed
22,Female,6.61,CSE,2,0,1,2,67,72,76,67,86,0,Placed
23,Male,8.0,CSE,1,3,2,5,81,67,77,84,87,0,Placed
21,Male,8.29,IT,2,4,3,2,85,87,76,73,73,0,Not Placed
21,Male,7.3,CSE,3,0,3,3,88,68,67,69,68,0,Placed
26,Male,8.42,IT,3,0,0,1,76,84,68,60,71,1,Not Placed
19,Female,6.96,IT,3,2,1,1,45,61,61,53,45,3,Not Placed
23,Female,8.32,CSE,3,2,1,2,75,85,73,65,66,0,Placed
22,Male,7.32,CSE,3,1,2,2,46,68,63,66,69,0,Not Placed
19,Male,5.89,IT,2,0,1,1,51,57,58,60,50,4,Not Placed
24,Male,7.86,ECE,2,2,1,4,64,82,69,69,61,1,Not Placed
23,Female,7.11,ECE,1,3,2,4,79,74,80,75,86,0,Placed
22,Female,8.43,CSE,3,2,3,1,86,77,70,68,56,1,Placed
19,Female,9.52,CSE,3,2,0,6,95,59,83,85,92,0,Not Placed
19,Female,7.2,CSE,2,2,2,3,64,69,65,53,61,1,Placed
22,Male,9.56,MECH,2,1,4,0,92,63,81,87,81,0,Placed
18,Male,6.01,CIVIL,1,1,0,2,65,71,66,59,62,0,Not Placed
18,Male,8.09,ECE,3,1,3,2,82,81,61,67,68,1,Placed
20,Female,7.76,MECH,1,2,0,0,64,78,63,65,81,0,Placed
18,Male,8.22,CSE,2,2,3,2,75,81,84,75,68,0,Placed
22,Female,7.14,ECE,2,1,4,5,75,82,70,68,76,2,Not Placed
21,Male,7.03,ECE,2,1,0,1,73,58,68,58,70,1,Placed
18,Male,8.47,IT,3,1,4,0,86,82,76,85,74,0,Placed
21,Male,8.71,EEE,2,4,2,2,80,92,79,88,84,0,Placed
18,Female,6.94,IT,2,0,2,1,67,58,49,68,76,1,Not Placed
18,Male,5.19,MECH,1,0,2,1,47,49,40,45,58,1,Not Placed
21,Female,7.75,CSE,2,3,3,3,76,78,89,65,78,1,Placed
21,Female,7.68,CSE,1,2,2,3,69,71,77,69,72,4,Placed
20,Male,7.87,IT,2,0,0,1,71,82,75,60,62,1,Not Placed
21,Female,8.38,CSE,2,1,4,0,78,72,84,75,77,0,Placed
20,Male,7.57,CSE,1,0,1,2,63,66,65,69,67,0,Not Placed
21,Female,7.74,CSE,3,3,1,1,65,62,60,63,67,0,Placed
20,Male,7.09,IT,2,0,1,2,73,63,71,78,53,3,Not Placed
22,Female,8.99,EEE,2,0,5,3,68,72,83,82,77,0,Placed
21,Male,8.07,ECE,3,0,2,3,63,74,64,59,74,0,Placed
19,Male,5.7,IT,3,0,3,2,49,68,56,55,51,0,Not Placed
22,Female,5.73,CSE,2,1,1,2,64,62,52,59,74,2,Not Placed
23,Male,6.9,ECE,1,0,1,1,70,74,76,60,77,2,Placed
18,Female,5.59,IT,2,2,0,3,60,51,70,60,50,3,Not Placed
21,Male,5.57,CSE,3,0,0,0,50,75,51,60,51,2,Not Placed
23,Male,7.81,IT,2,2,4,7,78,66,79,67,64,1,Placed
18,Male,8.87,CSE,2,1,4,4,64,82,71,72,71,0,Placed
24,Female,6.95,IT,3,2,3,6,73,58,77,73,73,0,Not Placed
20,Male,7.01,CIVIL,2,1,1,2,60,77,80,69,84,1,Not Placed
22,Male,7.75,ECE,3,3,3,1,78,74,68,67,63,3,Not Placed
24,Male,7.95,CIVIL,3,1,2,2,56,61,74,77,80,1,Not Placed
27,Male,7.65,ECE,3,0,1,2,68,69,73,65,74,1,Not Placed
21,Female,5.0,CSE,1,0,1,0,40,58,57,40,50,3,Not Placed
22,Female,7.82,ECE,3,0,0,1,75,77,64,78,69,0,Not Placed
19,Female,7.26,MECH,3,0,4,4,81,77,80,73,64,1,Placed
20,Male,6.3,MECH,2,1,1,1,57,75,74,64,68,0,Not Placed
23,Male,7.77,ECE,2,1,3,1,82,78,67,80,75,1,Placed
20,Female,7.87,CSE,2,1,1,1,71,87,83,63,64,0,Placed
23,Female,8.35,ECE,2,0,3,2,75,58,63,64,62,1,Placed
18,Male,8.78,CSE,2,1,4,5,79,90,88,85,77,0,Placed
19,Female,8.46,CSE,3,0,3,1,88,90,83,75,82,0,Placed
19,Male,7.79,CSE,2,0,3,1,64,78,64,68,76,0,Placed
21,Male,6.49,CSE,2,1,3,3,65,64,69,67,64,1,Placed
18,Male,5.1,IT,2,0,0,2,40,52,40,41,59,3,Not Placed
20,Male,7.02,CIVIL,3,1,0,2,61,58,73,63,59,1,Placed
27,Male,6.8,ECE,2,0,1,1,57,68,49,61,41,2,Not Placed
23,Male,7.38,EEE,2,1,3,2,55,70,78,62,55,0,Placed
22,Male,7.73,MECH,3,1,1,1,67,75,82,59,61,1,Placed
19,Male,7.95,CSE,2,2,2,1,79,66,68,68,67,0,Not Placed
20,Male,8.96,ECE,2,3,1,1,92,80,89,75,91,0,Placed
22,Male,7.35,EEE,3,0,4,1,70,53,66,62,67,2,Not Placed
18,Female,9.68,IT,3,4,4,4,89,79,91,80,84,0,Placed
20,Female,8.59,IT,1,0,2,3,78,80,76,73,76,2,Placed
24,Male,6.18,EEE,3,1,4,2,51,55,44,61,40,1,Not Placed
18,Male,7.2,MECH,3,2,1,0,61,54,50,65,65,1,Not Placed
24,Male,8.31,IT,3,0,1,1,65,95,59,68,74,0,Placed
19,Male,8.23,ECE,2,1,3,4,67,77,85,78,81,2,Placed
19,Male,5.43,ECE,2,0,1,2,59,76,57,58,54,2,Not Placed
19,Male,6.9,CIVIL,2,0,2,1,63,62,73,63,68,0,Placed
25,Male,6.75,EEE,2,1,2,3,63,65,67,71,56,0,Placed
21,Female,7.56,CSE,2,2,1,2,60,76,62,64,48,1,Not Placed
22,Male,8.18,ECE,2,0,3,0,87,80,85,66,81,0,Placed
20,Male,8.61,CIVIL,2,0,6,1,77,57,74,75,72,1,Placed
24,Male,8.86,IT,2,3,2,5,77,95,80,85,65,0,Not Placed
21,Female,7.51,EEE,1,0,2,2,64,64,55,66,68,0,Not Placed
21,Female,7.97,ECE,3,1,4,2,75,69,86,78,95,0,Placed
22,Female,6.52,IT,3,1,0,3,58,68,53,43,40,0,Placed
22,Female,6.93,ECE,2,0,1,0,58,49,56,59,71,1,Not Placed
22,Male,5.68,IT,3,0,0,2,59,41,63,51,46,0,Not Placed
18,Male,7.35,IT,3,0,3,1,66,65,66,74,76,2,Placed
23,Female,8.76,EEE,2,4,3,1,95,71,78,80,63,0,Placed
19,Male,7.01,ECE,2,1,1,3,59,75,60,72,64,3,Placed
28,Female,7.79,CIVIL,1,1,2,1,57,64,63,69,63,1,Placed
20,Male,7.67,CSE,3,0,0,1,65,68,68,67,67,1,Placed
18,Male,8.22,EEE,1,1,2,2,76,95,68,74,81,3,Placed
20,Male,7.48,CSE,3,0,0,1,56,62,75,64,80,1,Placed
21,Male,7.4,EEE,2,1,5,1,59,62,71,58,57,3,Not Placed
20,Female,6.31,MECH,2,0,0,1,56,55,56,70,70,2,Not Placed
23,Male,6.81,EEE,2,1,1,1,59,72,57,59,60,1,Not Placed
22,Male,9.05,ECE,2,0,2,0,80,78,77,81,93,0,Placed
19,Male,7.21,CSE,3,1,4,3,64,64,73,65,63,2,Not Placed
21,Female,6.8,CIVIL,2,0,2,1,64,73,76,58,53,0,Not Placed
23,Female,8.03,IT,1,0,6,4,75,68,84,78,91,0,Placed
24,Female,7.34,CSE,3,1,4,4,68,67,54,71,47,0,Not Placed
20,Male,9.39,CSE,2,0,4,1,72,62,80,85,77,0,Placed
24,Male,8.3,EEE,1,1,4,3,87,95,76,81,84,0,Not Placed
18,Male,7.47,MECH,1,0,3,2,57,59,67,80,76,1,Placed
22,Male,5.91,MECH,2,0,1,2,60,63,53,43,52,0,Not Placed
23,Male,10.0,ECE,3,4,6,3,95,95,84,93,86,0,Placed
20,Female,8.56,ECE,2,2,5,2,72,61,78,58,82,0,Not Placed
18,Male,6.97,MECH,1,0,2,0,62,59,50,61,75,2,Not Placed
22,Male,6.81,ECE,2,1,5,3,78,68,82,77,66,1,Not Placed
20,Male,8.71,IT,2,1,4,2,68,72,82,73,67,0,Placed
19,Male,8.7,CIVIL,3,1,3,3,86,74,73,77,71,0,Placed
19,Male,6.93,CIVIL,2,1,2,1,70,65,65,60,59,0,Placed
22,Female,8.27,ECE,2,1,3,0,68,76,72,66,70,0,Placed
19,Female,6.25,ECE,3,0,1,1,55,67,49,53,49,1,Not Placed
21,Female,7.78,CIVIL,2,4,2,3,64,85,84,79,83,0,Placed
26,Female,7.3,EEE,3,1,1,2,74,62,82,75,66,3,Not Placed
22,Male,8.0,CSE,1,0,0,1,67,81,77,90,80,2,Not Placed
21,Female,7.81,CIVIL,2,1,2,1,68,51,60,62,66,0,Placed
21,Female,8.09,EEE,1,3,1,1,66,50,73,60,52,0,Placed
19,Male,6.92,EEE,3,1,3,1,56,68,60,55,50,1,Not Placed
20,Female,8.14,IT,2,1,3,4,79,87,71,87,67,0,Placed
19,Female,9.28,CSE,3,4,3,0,90,83,92,76,79,0,Placed
18,Female,6.51,CSE,3,0,1,6,57,69,62,64,66,2,Not Placed
18,Male,8.71,IT,1,2,2,3,77,62,68,65,71,2,Placed
21,Male,7.99,IT,1,1,0,2,68,65,73,80,74,1,Placed
19,Female,7.39,EEE,3,3,0,1,83,63,66,76,67,0,Not Placed
19,Female,5.64,IT,2,1,1,2,43,58,46,59,46,1,Not Placed
23,Male,6.64,IT,3,0,2,2,61,59,60,60,50,1,Not Placed
19,Male,6.66,CSE,2,0,3,2,53,71,67,59,58,2,Not Placed
22,Male,5.53,EEE,3,0,1,2,44,58,46,44,51,3,Not Placed
20,Male,7.93,EEE,2,0,5,3,86,73,85,81,70,0,Placed
21,Female,7.61,IT,2,1,1,1,63,72,78,77,73,1,Placed
18,Male,7.19,CSE,3,1,1,3,77,68,60,70,50,1,Not Placed
18,Male,5.74,CSE,2,0,2,0,44,40,55,40,43,2,Not Placed
23,Female,5.72,ECE,3,0,3,1,43,46,47,53,43,3,Not Placed
21,Male,6.17,EEE,1,2,2,2,59,84,74,71,83,1,Not Placed
18,Female,9.07,EEE,3,2,6,4,92,88,86,80,87,0,Placed
20,Male,6.14,MECH,2,0,2,2,64,80,69,64,63,0,Not Placed
21,Male,7.76,EEE,1,2,2,3,85,84,64,62,80,2,Placed
19,Female,7.57,IT,2,1,1,2,67,78,69,77,66,2,Not Placed
21,Male,6.71,CSE,2,1,1,0,60,65,76,62,47,0,Placed
21,Male,8.74,IT,3,1,5,0,78,86,82,95,76,1,Placed
21,Male,6.94,CSE,2,2,0,2,77,68,84,54,68,0,Placed
23,Female,6.53,CSE,1,1,2,3,61,83,59,68,72,1,Not Placed
20,Male,8.29,CSE,3,1,3,7,86,69,85,81,68,0,Placed
24,Male,7.7,CSE,2,0,2,2,70,71,78,73,65,0,Not Placed
21,Male,8.7,CSE,2,2,4,3,77,73,90,94,80,1,Placed
20,Female,6.02,MECH,2,2,2,2,59,74,60,57,59,0,Placed
22,Female,9.34,ECE,2,4,3,1,83,68,86,85,77,0,Placed
21,Female,7.15,IT,2,1,0,2,78,66,73,65,72,0,Not Placed
18,Female,8.09,CSE,2,0,1,2,71,70,63,63,78,0,Placed
27,Female,7.03,ECE,3,0,1,3,75,81,67,70,63,0,Placed
25,Male,6.82,CIVIL,3,2,1,2,61,56,60,61,69,2,Not Placed
20,Male,6.86,IT,3,2,1,4,61,71,67,64,56,1,Placed
21,Female,6.84,MECH,1,1,1,1,61,77,76,62,43,0,Placed
22,Female,8.26,CIVIL,1,1,2,4,72,70,69,73,64,0,Placed
24,Female,6.74,EEE,1,1,2,1,60,67,67,72,65,0,Not Placed
21,Female,6.31,ECE,3,0,1,1,51,66,52,67,72,1,Not Placed
18,Female,6.21,IT,1,0,1,2,57,63,61,60,55,1,Not Placed
22,Male,7.3,CSE,2,1,1,1,48,46,51,50,70,1,Placed
18,Female,8.52,EEE,3,2,2,3,67,84,74,83,65,0,Not Placed
22,Male,7.05,CIVIL,2,0,3,1,53,73,58,50,47,1,Placed
21,Female,6.89,EEE,1,0,3,2,70,79,65,67,67,0,Placed
22,Female,6.64,CSE,1,0,1,1,67,74,60,69,69,2,Not Placed
19,Female,7.29,CSE,2,2,1,2,62,85,73,59,74,0,Placed
21,Male,8.79,IT,2,3,1,2,70,64,69,71,73,1,Not Placed
21,Female,8.88,CIVIL,2,2,2,1,60,72,72,69,72,0,Placed
20,Female,5.0,CSE,1,0,0,2,40,47,47,40,64,3,Not Placed
19,Male,6.92,IT,3,0,1,2,56,71,77,77,47,0,Not Placed
19,Male,8.15,ECE,3,1,2,1,82,73,79,64,75,0,Placed
23,Female,8.88,CSE,2,1,3,2,91,78,83,70,74,0,Placed
21,Female,8.93,CSE,2,4,2,7,83,89,88,83,90,0,Placed
22,Female,6.59,CSE,2,0,1,0,61,70,49,59,59,1,Not Placed
21,Female,8.54,ECE,1,1,3,1,59,77,66,59,62,0,Placed
23,Male,6.74,CSE,3,0,3,4,40,76,49,58,58,1,Not Placed
21,Male,9.8,CSE,2,1,0,5,91,77,91,95,82,0,Placed
18,Female,7.49,ECE,1,2,1,2,75,85,74,80,78,0,Not Placed
19,Male,8.35,EEE,3,0,3,3,67,70,76,67,54,2,Placed
18,Male,7.17,ECE,3,0,3,1,68,68,68,80,76,3,Not Placed
23,Male,9.58,EEE,2,4,2,5,92,95,82,74,59,0,Placed
22,Male,9.27,ECE,2,3,1,2,79,89,90,72,81,0,Placed
22,Male,8.84,EEE,3,2,2,3,95,69,75,80,81,1,Placed
22,Female,7.54,CSE,1,1,2,1,71,68,76,68,67,0,Placed
23,Male,6.94,CSE,3,1,4,5,54,73,65,60,73,2,Not Placed
27,Female,7.99,EEE,2,1,4,1,87,73,77,63,78,0,Placed
22,Male,8.62,IT,2,3,2,4,69,68,76,61,73,1,Placed
19,Female,7.53,CSE,1,1,0,1,66,81,69,67,76,1,Placed
18,Male,7.89,CSE,1,1,1,2,56,53,80,55,51,0,Placed
21,Male,9.33,MECH,2,4,6,2,77,89,70,76,75,0,Placed
22,Male,8.58,MECH,2,1,3,1,80,72,80,76,68,0,Not Placed
21,Female,7.06,CSE,2,0,3,1,62,58,61,59,56,1,Not Placed
20,Female,7.49,IT,1,0,1,0,68,72,74,61,61,3,Not Placed
22,Female,7.77,CSE,3,0,3,3,72,82,72,78,78,0,Placed
20,Male,8.41,CSE,2,2,5,1,71,77,68,76,71,0,Placed
20,Male,7.28,CSE,2,1,0,1,62,72,79,62,62,2,Not Placed
23,Female,8.91,CSE,1,3,4,0,89,89,75,95,84,0,Placed
21,Male,7.81,EEE,3,0,2,1,79,56,67,78,71,0,Placed
20,Female,7.8,CIVIL,1,1,3,1,82,71,88,66,60,0,Placed
20,Female,8.72,CSE,1,4,4,1,90,64,74,89,64,0,Placed
21,Female,7.05,IT,2,0,1,2,61,76,60,58,63,0,Placed
20,Male,6.77,ECE,3,0,3,5,63,60,80,62,56,0,Placed
19,Male,6.61,IT,1,1,1,4,46,63,50,60,63,0,Not Placed
21,Male,8.05,CSE,2,1,1,2,73,71,55,77,78,1,Not Placed
22,Female,6.19,CSE,1,0,1,1,68,53,55,59,59,2,Not Placed
18,Female,8.65,ECE,3,1,2,2,62,74,72,83,72,2,Not Placed
21,Male,7.96,CSE,2,1,3,3,77,80,77,73,80,2,Not Placed
21,Female,6.74,CSE,1,1,0,1,70,75,66,60,50,0,Not Placed
20,Male,8.41,EEE,2,1,3,0,66,66,58,70,68,0,Placed
20,Male,6.97,IT,2,3,1,2,80,89,76,71,61,0,Placed
20,Male,6.48,MECH,2,1,1,1,52,49,57,63,68,2,Not Placed
20,Female,7.3,IT,3,1,1,0,75,76,71,72,67,2,Placed
23,Male,8.92,CSE,3,1,6,3,73,81,86,85,65,0,Placed
21,Male,6.0,CSE,1,0,0,4,51,46,51,55,45,2,Not Placed
28,Male,9.39,MECH,1,3,3,4,81,77,76,70,69,2,Placed
20,Male,6.01,CSE,2,0,3,0,66,69,55,61,61,2,Placed
22,Male,7.01,IT,2,1,3,0,76,69,70,66,74,0,Not Placed
21,Male,5.6,IT,2,0,3,1,44,66,69,53,64,1,Placed
22,Female,9.34,CIVIL,2,2,5,1,79,84,80,78,78,0,Placed
24,Female,6.04,CIVIL,3,1,0,0,52,52,58,56,55,1,Not Placed
21,Male,5.8,EEE,2,0,0,2,44,69,51,41,52,1,Not Placed
21,Female,8.23,CSE,2,1,3,2,63,68,72,71,79,1,Not Placed
25,Female,7.65,CSE,2,1,0,1,75,69,61,61,73,2,Placed
25,Female,5.84,CSE,2,0,2,4,54,51,41,55,70,0,Not Placed
28,Male,7.75,CSE,2,1,5,3,79,66,63,70,73,1,Placed
19,Female,5.0,CIVIL,1,1,1,1,57,55,49,56,53,4,Not Placed
18,Female,5.54,ECE,2,0,0,0,62,62,63,61,53,2,Not Placed
20,Male,7.36,CSE,3,2,1,3,54,68,70,59,70,4,Placed
22,Female,8.66,EEE,3,2,2,0,75,82,64,69,71,1,Not Placed
18,Male,8.84,CSE,1,4,2,3,78,77,95,75,57,0,Placed
20,Female,8.59,ECE,1,2,1,1,73,82,86,91,68,1,Placed
21,Female,7.01,CSE,3,1,2,2,75,82,65,67,62,0,Placed
19,Male,6.05,IT,2,0,0,2,46,48,48,40,48,1,Not Placed
22,Male,6.96,CSE,1,3,4,0,57,71,58,82,89,1,Placed
19,Female,8.59,CSE,3,1,4,4,77,75,85,90,72,0,Placed
23,Male,8.69,CIVIL,3,1,3,4,79,69,77,91,78,0,Placed
20,Female,7.92,MECH,2,4,4,5,64,76,68,74,74,0,Placed
21,Female,6.43,IT,2,0,1,0,65,62,55,55,75,2,Not Placed
21,Male,6.77,EEE,3,2,0,2,61,67,56,57,59,1,Not Placed
20,Male,9.51,CSE,2,1,1,3,67,78,79,83,69,0,Placed
20,Female,5.62,IT,2,0,1,0,76,48,57,48,70,1,Placed
23,Female,6.39,CSE,1,0,1,4,54,55,55,64,57,1,Not Placed
21,Male,8.56,CSE,2,3,1,4,84,74,73,87,74,0,Placed
18,Male,6.95,IT,3,1,2,0,64,81,63,74,62,4,Not Placed
22,Male,6.44,EEE,2,0,0,1,52,88,62,47,42,3,Placed
19,Female,8.98,EEE,2,3,4,1,81,81,81,79,88,0,Placed
21,Male,7.03,IT,2,3,1,0,80,68,65,75,77,1,Placed
21,Male,6.32,IT,2,0,1,1,67,69,58,62,59,3,Not Placed
21,Male,6.54,ECE,3,1,2,1,47,64,54,67,57,2,Not Placed
18,Female,9.04,CIVIL,3,4,2,4,95,76,74,83,79,0,Placed
19,Male,7.2,CSE,2,2,1,2,66,71,68,66,75,1,Not Placed
18,Female,9.04,IT,3,3,3,1,80,85,68,75,83,0,Placed
20,Male,7.81,MECH,2,3,1,3,79,80,69,74,74,1,Placed
21,Female,5.82,ECE,2,2,2,1,81,65,64,62,63,0,Placed
22,Female,7.87,EEE,2,2,2,2,63,62,67,56,56,0,Placed
18,Female,9.41,IT,1,4,4,0,82,84,73,78,63,0,Not Placed
18,Female,9.41,CIVIL,1,1,5,3,80,91,85,83,87,0,Placed
22,Male,5.25,MECH,2,0,4,0,49,56,40,61,65,4,Not Placed
21,Male,7.96,IT,2,0,2,0,77,89,80,71,68,1,Placed
23,Male,6.76,CSE,3,1,4,0,71,78,63,64,73,0,Not Placed
19,Male,6.54,ECE,3,1,2,1,58,73,55,52,66,3,Not Placed
19,Female,7.56,CSE,3,1,1,1,75,79,64,74,72,0,Placed
20,Male,5.75,CSE,1,0,2,0,53,58,64,51,63,0,Not Placed
21,Female,7.33,IT,1,3,0,2,58,55,64,55,61,1,Placed
21,Male,6.65,IT,1,0,1,0,66,63,61,63,52,0,Not Placed
18,Female,7.91,MECH,2,1,3,2,63,74,49,51,61,0,Not Placed
18,Female,7.48,CSE,1,1,3,2,64,69,57,77,67,0,Not Placed
22,Female,5.31,CSE,1,2,1,0,50,59,41,54,49,1,Not Placed
20,Male,8.01,ECE,1,2,1,5,86,89,95,85,76,0,Placed
22,Female,8.99,ECE,2,1,1,3,73,89,72,75,70,0,Placed
20,Female,8.94,IT,3,1,4,1,75,93,78,75,73,0,Placed
20,Male,7.48,CSE,1,0,4,1,53,84,61,69,71,0,Placed
19,Female,7.01,CSE,1,1,1,1,67,60,75,61,64,0,Not Placed
27,Female,9.79,MECH,2,2,2,6,84,76,95,81,71,0,Placed
18,Male,6.03,CSE,2,0,1,7,67,60,69,51,63,0,Not Placed
19,Male,8.0,IT,2,2,2,1,70,62,68,72,53,0,Not Placed
23,Male,8.78,CIVIL,2,0,4,0,65,69,76,85,74,1,Placed
19,Male,6.39,CSE,1,1,1,3,40,66,59,59,63,2,Placed
20,Female,8.35,MECH,2,1,3,4,76,80,95,64,65,0,Placed
19,Female,7.84,EEE,1,3,4,3,69,64,74,76,69,0,Placed
22,Male,7.8,IT,2,2,5,2,84,85,81,74,81,0,Not Placed
20,Female,8.59,CIVIL,3,1,4,5,87,72,77,70,85,0,Placed
23,Male,8.79,CSE,3,3,3,3,78,86,84,73,75,0,Placed
22,Male,7.53,MECH,2,1,2,1,57,65,65,69,64,1,Not Placed
21,Female,6.96,CSE,3,0,0,2,54,73,68,61,55,0,Placed
19,Female,9.1,IT,2,3,6,3,92,76,84,86,74,0,Placed
23,Male,6.87,CSE,2,0,1,2,66,66,41,58,49,2,Not Placed
23,Male,6.22,IT,1,1,0,3,47,56,48,49,41,2,Not Placed
23,Female,8.28,CSE,2,1,6,4,72,75,62,70,77,0,Placed
18,Male,8.83,CSE,3,3,6,1,79,74,82,75,70,0,Placed
22,Male,8.2,CSE,3,0,3,4,67,71,77,61,63,0,Placed
22,Female,8.45,IT,2,4,4,3,86,81,75,72,71,0,Placed
25,Female,5.66,CSE,3,1,2,0,40,48,54,40,43,2,Not Placed
19,Female,7.65,EEE,1,1,0,1,68,57,60,60,70,0,Placed
23,Male,5.0,ECE,2,0,2,2,48,64,53,53,56,0,Not Placed
22,Female,8.06,ECE,1,3,0,1,70,68,77,77,68,0,Placed
24,Female,5.8,ECE,2,1,1,3,62,58,55,52,53,1,Not Placed
22,Male,6.54,CSE,3,0,0,3,50,62,57,52,57,2,Not Placed
23,Male,8.12,CSE,2,1,0,1,80,67,81,69,61,2,Placed
20,Male,8.45,EEE,1,0,5,1,73,94,68,86,85,1,Placed
19,Male,7.0,IT,3,0,2,1,74,64,67,72,77,2,Not Placed
20,Female,8.0,ECE,2,1,0,1,72,73,73,71,89,1,Placed
23,Female,8.15,CSE,1,0,0,1,80,61,85,88,75,0,Placed
19,Male,7.22,IT,2,2,2,2,60,78,62,65,51,2,Not Placed
21,Male,7.07,IT,2,0,2,3,47,46,71,64,40,0,Not Placed
27,Male,8.31,EEE,2,3,5,1,83,68,76,76,74,0,Placed
24,Male,8.06,MECH,3,2,2,1,71,63,74,62,74,0,Placed
22,Male,7.13,ECE,1,0,3,0,70,71,85,68,73,1,Not Placed
23,Female,7.67,EEE,2,1,2,2,87,66,73,78,56,2,Placed
18,Female,6.76,ECE,1,0,1,2,49,55,57,53,58,2,Placed
21,Female,7.98,MECH,1,1,1,4,62,83,66,76,81,0,Placed
21,Male,7.65,MECH,1,1,1,3,69,73,61,65,59,0,Not Placed
23,Female,6.95,CSE,1,0,2,0,64,49,74,69,66,0,Not Placed
20,Female,7.35,CSE,2,0,2,4,72,79,76,52,51,2,Not Placed
18,Male,7.58,MECH,3,0,1,0,69,71,53,64,65,0,Placed
22,Male,8.69,ECE,3,0,0,0,75,66,86,76,76,0,Placed
21,Male,5.58,IT,2,0,1,1,57,58,63,51,67,2,Not Placed
23,Male,5.78,EEE,2,0,3,0,60,78,62,56,65,0,Not Placed
21,Female,7.43,CSE,2,0,0,0,56,76,66,74,72,0,Not Placed
23,Female,9.54,MECH,2,2,3,4,86,95,74,89,80,0,Placed
21,Female,7.62,ECE,2,0,1,2,89,90,84,87,74,0,Placed
23,Female,5.92,MECH,2,0,0,1,58,40,54,50,63,4,Not Placed
22,Male,9.9,ECE,2,1,2,3,78,90,78,76,77,0,Placed
19,Male,8.58,CSE,3,0,1,0,84,79,68,64,73,0,Not Placed
20,Male,7.71,CIVIL,1,0,0,2,62,58,56,47,59,1,Not Placed
24,Female,5.0,IT,1,0,0,1,40,40,47,47,48,3,Not Placed
19,Male,7.11,EEE,3,1,1,1,68,66,72,75,56,0,Not Placed
22,Male,8.16,CSE,2,1,3,3,70,95,86,73,73,0,Placed
19,Male,8.29,IT,3,1,3,5,72,95,85,72,69,0,Placed
22,Female,5.87,EEE,2,0,1,2,54,55,59,66,73,4,Not Placed
19,Male,8.97,EEE,1,2,3,5,71,71,83,83,56,1,Placed
21,Male,5.57,CIVIL,2,0,1,2,44,64,40,40,40,0,Not Placed
21,Female,6.81,EEE,1,1,1,0,64,58,61,59,75,1,Placed
19,Male,6.89,IT,3,0,2,2,59,64,59,77,63,0,Not Placed
21,Female,9.26,MECH,2,4,2,2,86,74,80,76,71,1,Placed
24,Female,9.15,CIVIL,2,1,3,2,84,88,89,83,91,0,Placed
22,Male,8.23,CIVIL,2,1,3,1,79,78,80,61,66,0,Placed
28,Male,6.5,MECH,1,1,5,1,55,43,46,58,56,2,Placed
23,Male,7.46,EEE,2,0,0,1,67,72,72,76,95,1,Not Placed
22,Male,8.09,EEE,1,0,1,1,74,78,67,58,75,1,Not Placed
21,Female,5.96,ECE,2,0,0,0,44,53,54,51,48,0,Not Placed
25,Male,5.45,IT,2,0,0,2,40,55,60,47,46,1,Not Placed
21,Male,8.45,MECH,3,3,3,1,75,84,86,77,84,2,Placed
20,Female,7.27,CSE,2,1,0,3,53,52,64,65,80,0,Placed
23,Female,5.69,IT,3,1,1,3,44,52,70,47,44,2,Not Placed
25,Female,8.15,IT,1,0,5,2,70,90,65,72,77,1,Not Placed
21,Female,8.3,CSE,2,1,1,1,71,69,57,67,86,1,Placed
19,Male,7.23,EEE,2,1,1,0,59,69,65,63,63,0,Placed
21,Male,5.22,IT,1,0,2,0,57,58,57,59,63,0,Placed
22,Female,7.97,ECE,1,2,2,1,88,76,77,90,84,0,Placed
20,Female,9.41,ECE,2,1,2,2,67,69,83,86,83,0,Not Placed
22,Male,7.11,EEE,2,0,3,2,60,74,54,64,82,1,Not Placed
21,Other,7.62,CSE,1,1,2,2,68,75,57,60,53,0,Placed
20,Female,7.35,ECE,2,2,0,1,76,68,71,73,76,0,Not Placed
21,Male,6.33,CSE,2,1,0,1,61,59,56,67,47,1,Not Placed
20,Female,7.66,CIVIL,2,1,2,4,70,70,83,64,65,0,Not Placed
23,Male,6.42,CSE,1,0,1,1,61,41,64,49,52,0,Placed
18,Female,7.48,CIVIL,2,0,1,3,67,72,58,65,44,0,Placed
23,Male,5.99,CSE,3,0,0,4,64,52,55,64,54,1,Not Placed
20,Female,6.03,CSE,3,1,1,1,68,74,52,42,70,2,Not Placed
25,Female,8.94,MECH,2,2,2,2,85,84,93,91,82,0,Placed
22,Male,6.68,ECE,2,0,2,3,80,66,83,63,69,1,Placed
19,Female,7.28,IT,3,1,3,4,70,74,71,79,75,0,Not Placed
26,Male,5.61,ECE,2,0,0,0,41,67,54,40,40,3,Not Placed
21,Male,7.16,CSE,1,1,3,1,76,44,74,64,71,4,Not Placed
21,Male,8.67,CSE,3,2,2,5,75,77,89,70,54,2,Placed
24,Female,7.44,CSE,3,0,4,3,71,58,72,69,76,1,Placed
24,Female,5.58,CSE,2,0,0,2,56,57,55,56,53,2,Not Placed
22,Male,6.75,CSE,3,0,2,1,80,84,75,77,75,1,Not Placed
26,Female,8.0,IT,2,0,0,2,70,70,83,87,68,0,Placed
20,Female,8.2,MECH,3,3,2,1,79,85,75,90,60,0,Not Placed
19,Male,6.76,IT,2,0,1,0,48,69,71,72,68,2,Not Placed
18,Other,5.72,IT,2,0,0,0,52,56,51,49,52,0,Not Placed
20,Male,6.86,CSE,2,0,2,7,62,61,54,54,58,1,Not Placed
21,Female,5.79,CIVIL,2,0,1,4,58,54,67,59,64,2,Not Placed
20,Female,8.56,CSE,2,2,1,1,67,77,77,76,58,0,Placed
21,Female,5.04,IT,2,1,0,1,55,55,55,52,52,0,Not Placed
18,Male,7.73,CIVIL,1,0,3,1,71,74,62,58,62,0,Not Placed
20,Male,9.51,IT,3,1,0,1,84,78,86,86,90,0,Placed
22,Female,8.31,IT,1,1,2,2,61,69,58,65,68,0,Placed
18,Female,7.59,EEE,3,0,1,5,85,80,81,75,72,0,Placed
22,Female,6.22,CSE,2,0,0,1,51,68,50,55,60,2,Not Placed
22,Female,5.27,IT,2,0,1,3,43,55,54,55,68,3,Not Placed
21,Female,9.44,ECE,3,3,2,6,82,75,89,89,76,0,Placed
24,Male,8.31,CIVIL,2,1,2,2,66,84,68,54,76,3,Not Placed
25,Male,8.08,CIVIL,2,3,2,2,67,63,58,67,68,1,Not Placed
18,Male,6.28,ECE,1,0,2,2,61,54,58,49,69,1,Not Placed
22,Male,7.86,IT,2,1,1,1,86,82,66,69,77,1,Placed
19,Female,6.19,ECE,3,1,1,3,52,53,59,65,58,3,Not Placed
20,Male,8.58,CIVIL,2,3,3,5,78,83,87,79,84,0,Placed
21,Male,9.91,ECE,2,2,4,5,95,91,95,91,89,0,Placed
22,Male,6.94,CSE,3,1,1,3,79,65,68,71,79,1,Not Placed
23,Female,6.52,CIVIL,2,3,0,3,67,61,62,73,61,1,Not Placed
22,Male,6.36,MECH,2,0,0,1,53,69,40,40,40,1,Not Placed
22,Male,5.94,CSE,3,1,0,0,42,72,51,52,45,1,Not Placed
21,Female,8.98,ECE,2,1,5,2,86,93,95,76,82,1,Placed
18,Male,6.57,MECH,2,1,1,1,54,86,67,58,71,0,Not Placed
18,Female,6.96,CSE,2,0,6,1,57,83,62,73,61,2,Placed
21,Male,8.11,CIVIL,2,1,4,0,80,91,79,67,72,0,Placed
22,Female,8.63,CSE,1,3,2,4,78,85,88,78,86,1,Placed
18,Male,6.18,IT,3,0,3,0,63,68,58,56,57,0,Not Placed
20,Male,7.53,CIVIL,3,1,0,4,66,63,59,62,77,0,Placed
19,Male,8.37,CIVIL,1,0,2,2,61,60,62,59,78,2,Placed
21,Female,6.35,CSE,1,1,1,3,76,69,63,62,73,1,Placed
20,Female,6.78,MECH,1,0,0,1,67,72,65,68,63,1,Placed
19,Male,8.62,EEE,2,1,3,3,70,73,73,71,67,0,Placed
18,Female,7.28,MECH,2,2,2,3,69,74,66,65,60,1,Not Placed
20,Male,9.61,IT,2,0,1,3,95,88,79,86,82,0,Placed
21,Female,10.0,CIVIL,1,3,6,1,66,67,74,63,61,0,Placed
24,Female,8.85,EEE,2,0,0,1,70,79,69,72,64,0,Placed
19,Male,6.57,EEE,2,0,2,1,59,58,50,57,58,2,Placed
21,Male,8.41,IT,2,2,0,2,79,75,65,88,71,0,Placed
21,Female,7.24,IT,2,1,0,1,61,69,55,60,79,1,Not Placed
22,Female,7.52,CSE,2,1,2,6,65,78,64,77,49,0,Placed
20,Female,7.25,CSE,2,3,4,3,92,75,78,73,84,2,Placed
18,Male,7.84,MECH,2,0,0,4,62,78,67,77,76,1,Not Placed
24,Female,10.0,ECE,3,0,5,2,90,84,95,91,84,0,Placed
25,Male,8.64,ECE,2,2,1,2,84,76,82,82,86,0,Placed
20,Other,9.38,IT,3,1,4,3,77,70,77,87,91,0,Placed
21,Female,8.91,EEE,2,1,0,2,82,81,85,64,64,0,Placed
18,Female,9.47,IT,1,3,2,2,94,82,77,91,71,0,Placed
18,Female,6.07,MECH,1,0,0,0,51,61,54,60,61,2,Not Placed
18,Female,7.69,CSE,2,2,2,2,64,72,74,82,83,0,Not Placed
22,Male,6.52,CSE,3,2,3,0,58,71,62,62,67,2,Not Placed
19,Female,6.07,CSE,2,0,2,3,70,64,59,64,57,2,Not Placed
19,Male,6.83,CSE,1,1,5,1,77,66,83,64,75,1,Not Placed
18,Male,8.93,ECE,1,3,3,5,85,75,72,62,72,0,Placed
18,Male,7.05,EEE,2,0,1,1,52,61,59,60,49,3,Not Placed
20,Male,6.06,IT,2,1,4,2,71,77,60,74,60,2,Not Placed
21,Male,7.46,EEE,2,1,4,6,70,77,72,70,58,0,Placed
21,Male,7.32,CIVIL,1,1,1,1,69,57,74,55,46,1,Placed
20,Male,8.12,EEE,2,0,4,3,84,75,81,68,68,1,Placed
20,Male,9.9,ECE,2,3,5,2,95,95,95,95,83,0,Placed
22,Male,8.54,IT,3,0,2,3,77,74,63,84,65,0,Placed
20,Female,6.16,ECE,3,0,2,3,58,55,46,61,49,1,Not Placed
19,Female,5.36,CSE,2,0,0,0,51,56,51,58,48,1,Not Placed
23,Female,6.52,CSE,2,1,1,1,63,62,70,60,65,4,Placed
22,Female,6.89,CSE,3,0,0,3,65,58,57,55,61,1,Placed
21,Female,7.79,IT,3,1,2,2,58,69,71,65,86,0,Not Placed
19,Male,7.52,CSE,2,2,2,3,69,67,83,82,65,2,Placed
19,Male,7.35,IT,2,1,0,1,54,73,67,65,77,3,Placed
18,Male,9.45,MECH,2,4,3,1,91,69,80,89,86,1,Placed
23,Male,5.68,IT,2,1,0,0,51,81,62,50,50,3,Not Placed
21,Female,7.65,IT,3,1,1,1,59,73,67,62,73,2,Not Placed
18,Male,8.67,IT,2,1,1,2,69,80,86,68,71,0,Placed
19,Female,8.24,IT,2,0,3,3,77,71,68,79,88,0,Placed
19,Male,8.53,CSE,3,1,3,2,85,71,91,74,93,0,Placed
19,Female,8.83,ECE,3,0,0,0,68,53,78,62,66,0,Not Placed
21,Male,8.09,CSE,2,1,5,0,77,74,72,84,76,0,Placed
20,Female,6.82,IT,3,1,1,2,71,67,62,57,46,2,Placed
24,Female,8.49,ECE,2,3,3,2,74,74,84,84,61,1,Placed
22,Male,8.34,IT,1,2,2,1,81,76,71,72,81,0,Placed
24,Male,8.73,CIVIL,1,2,2,3,95,81,76,84,72,0,Placed
23,Female,6.04,CSE,1,0,1,1,53,66,59,54,56,5,Not Placed
24,Male,7.47,IT,2,0,3,4,64,80,50,58,61,2,Not Placed
27,Male,8.64,CSE,3,0,3,3,85,74,81,64,71,0,Placed
20,Female,5.08,MECH,2,0,0,2,62,56,47,41,40,1,Not Placed
19,Female,7.51,CSE,3,2,3,1,83,56,66,75,69,0,Placed
19,Male,8.09,ECE,1,2,6,3,95,66,87,71,77,0,Placed
21,Male,7.46,IT,1,0,1,1,55,58,67,62,61,0,Placed
22,Male,6.32,MECH,1,1,0,3,72,50,79,67,63,0,Not Placed
18,Female,7.73,ECE,2,0,0,1,61,63,54,60,54,1,Placed
23,Male,7.01,IT,3,0,1,1,72,62,54,67,60,1,Placed
23,Male,6.37,ECE,1,1,1,3,72,67,58,64,67,1,Not Placed
21,Male,6.98,EEE,2,0,3,3,64,73,66,47,57,2,Not Placed
20,Female,6.44,CSE,3,0,2,1,58,73,68,58,60,3,Placed
19,Male,7.05,CSE,2,1,2,4,58,57,74,54,64,1,Not Placed
21,Female,6.49,CSE,2,2,1,1,67,64,75,65,53,1,Not Placed
19,Male,9.07,IT,2,2,2,4,79,78,93,89,88,0,Placed
21,Female,6.08,ECE,2,0,2,3,65,61,61,72,77,2,Not Placed
20,Male,7.51,MECH,2,1,2,2,80,63,92,77,89,0,Placed
19,Female,6.57,ECE,2,3,2,4,60,63,66,67,65,0,Placed
20,Female,6.72,CSE,3,0,1,2,54,74,62,61,77,2,Placed
21,Male,5.58,ECE,1,0,0,4,60,59,64,53,70,0,Not Placed
20,Male,6.1,IT,2,0,0,0,44,66,43,60,56,3,Not Placed
26,Female,6.86,ECE,3,0,1,3,53,67,76,67,55,1,Not Placed
18,Male,7.85,ECE,1,0,2,3,66,69,67,72,77,0,Placed
24,Female,9.12,ECE,1,0,6,2,80,66,84,79,76,1,Placed
18,Female,5.64,CIVIL,2,1,1,3,51,40,55,57,70,3,Not Placed
19,Male,7.17,CSE,2,2,3,0,65,53,72,69,61,0,Placed
28,Male,6.45,EEE,2,0,2,0,53,48,55,67,57,2,Not Placed
22,Male,7.84,MECH,3,1,0,8,60,82,68,62,65,1,Not Placed
22,Female,8.1,CSE,1,0,4,5,82,74,77,75,71,0,Placed
22,Male,7.49,EEE,1,1,4,5,51,54,65,69,60,1,Placed
20,Female,7.03,CSE,1,2,3,3,81,71,78,60,78,0,Placed
23,Male,8.52,ECE,3,0,2,2,85,66,87,88,90,0,Placed
19,Female,7.73,IT,1,3,4,2,77,59,81,78,58,1,Not Placed
23,Male,7.04,CSE,2,1,0,1,80,70,65,56,59,1,Not Placed
25,Male,7.1,ECE,3,1,1,3,70,82,74,76,81,0,Not Placed
23,Male,6.28,IT,1,0,2,6,57,55,56,59,53,2,Not Placed
22,Male,7.56,CSE,1,2,3,5,74,72,89,74,59,0,Not Placed
22,Male,7.99,ECE,3,2,4,2,80,64,69,82,71,1,Placed
21,Female,5.8,ECE,2,0,0,0,54,70,48,54,56,1,Not Placed
20,Male,7.79,CSE,2,1,1,3,64,78,72,68,70,2,Placed
23,Male,7.22,MECH,2,3,4,2,65,74,67,74,76,2,Not Placed
22,Female,8.32,CIVIL,2,0,2,4,73,60,81,82,79,0,Placed
20,Female,8.28,IT,1,3,3,1,76,74,79,73,77,1,Placed
23,Male,8.81,CIVIL,3,0,0,1,68,86,82,63,66,2,Placed
18,Male,7.29,CIVIL,3,2,4,1,65,69,70,79,69,0,Placed
23,Male,7.73,IT,1,2,1,3,72,94,76,86,81,1,Not Placed
23,Male,6.61,CIVIL,1,2,2,1,67,68,53,50,58,4,Not Placed
19,Male,6.32,EEE,2,0,1,1,60,50,51,56,70,4,Not Placed
18,Male,5.0,MECH,2,0,0,1,56,43,40,51,40,1,Not Placed
22,Female,8.2,CSE,2,0,2,1,64,57,64,76,53,2,Placed
19,Female,6.61,EEE,1,0,2,1,53,77,64,73,55,2,Not Placed
28,Male,7.54,CSE,2,2,2,3,73,74,54,69,67,0,Not Placed
18,Male,5.82,EEE,1,0,1,0,52,61,49,51,47,3,Not Placed
19,Female,6.46,CSE,2,0,1,0,55,73,72,46,79,1,Not Placed
18,Female,8.41,EEE,2,1,4,2,78,68,71,77,82,0,Not Placed
23,Female,6.96,MECH,3,1,3,1,51,52,82,62,72,0,Placed
21,Female,7.93,ECE,1,1,1,3,74,89,72,81,82,2,Placed
23,Female,7.29,IT,2,4,1,3,62,62,63,69,69,1,Not Placed
26,Female,7.22,CSE,1,1,1,3,81,69,68,74,55,2,Placed
21,Male,7.28,CSE,2,1,4,3,72,74,67,73,60,1,Not Placed
19,Female,8.19,CIVIL,1,1,1,5,80,84,67,73,89,1,Placed
18,Female,7.33,EEE,3,0,1,2,58,58,77,69,65,1,Placed
23,Male,5.75,EEE,2,3,1,1,56,72,64,60,66,1,Not Placed
19,Female,6.56,MECH,3,1,2,0,63,78,68,69,70,2,Not Placed
24,Male,7.46,ECE,1,0,1,4,80,70,77,68,90,2,Placed
24,Male,6.05,IT,2,0,0,0,56,52,48,63,62,1,Not Placed
21,Male,8.01,IT,2,0,2,3,73,55,68,77,62,2,Not Placed
21,Female,7.41,CSE,2,0,1,0,57,72,81,61,76,0,Placed
25,Male,7.89,MECH,3,2,1,2,68,63,63,67,61,1,Not Placed
22,Female,6.85,MECH,3,0,2,0,56,68,63,55,60,1,Not Placed
22,Female,6.37,IT,3,0,1,3,51,64,54,46,53,0,Not Placed
20,Male,7.98,ECE,1,2,5,1,73,76,65,69,68,1,Not Placed
21,Male,9.13,ECE,3,0,3,2,84,85,87,72,81,0,Placed
20,Male,5.27,ECE,3,0,2,2,44,53,46,53,68,2,Placed
25,Female,7.8,ECE,2,2,3,3,64,66,69,66,70,1,Placed
21,Female,7.96,CSE,2,1,1,2,74,77,83,70,78,0,Not Placed
23,Male,8.66,EEE,2,0,2,4,71,75,76,80,65,1,Not Placed
18,Female,7.33,EEE,2,1,2,0,61,64,65,65,62,0,Not Placed
23,Female,7.24,CSE,1,0,5,0,71,80,72,54,51,0,Placed
20,Female,6.87,ECE,1,0,1,3,66,55,83,70,54,0,Not Placed
22,Male,7.42,IT,2,0,1,2,86,75,66,82,59,1,Placed
18,Male,6.69,MECH,2,1,3,1,67,57,67,82,74,1,Not Placed
24,Female,7.52,CIVIL,1,1,1,2,71,69,72,75,60,3,Placed
22,Male,6.31,ECE,3,0,0,6,58,73,61,68,63,0,Not Placed
20,Male,8.26,IT,2,0,2,1,67,52,67,81,69,0,Placed
20,Male,7.94,CIVIL,1,1,1,3,69,75,81,70,75,1,Placed
20,Male,6.62,CSE,2,0,4,3,76,75,76,82,70,1,Placed
20,Female,6.77,IT,2,0,0,6,56,69,65,71,76,0,Not Placed
19,Other,9.05,IT,3,0,5,4,84,76,86,78,87,0,Placed
21,Female,7.17,CSE,3,1,1,2,52,64,59,57,59,0,Not Placed
20,Female,7.55,MECH,2,1,5,8,87,82,76,78,73,0,Placed
20,Female,6.8,CSE,1,1,1,2,49,48,76,65,67,2,Not Placed
22,Female,7.99,EEE,2,0,2,3,68,76,69,80,73,0,Placed
20,Female,8.05,EEE,2,3,3,2,79,80,79,74,84,0,Placed
18,Female,6.91,ECE,2,1,1,5,62,73,77,52,59,1,Not Placed
23,Female,9.06,CSE,3,3,2,2,88,95,90,95,79,0,Placed
20,Male,7.57,IT,2,0,1,7,70,79,77,76,72,1,Not Placed
22,Male,5.72,CIVIL,3,0,1,1,45,64,54,70,68,0,Not Placed
24,Male,7.22,IT,2,0,2,2,42,64,59,63,65,1,Not Placed
22,Female,8.34,CSE,2,1,2,3,77,71,77,76,75,0,Placed
21,Female,7.86,EEE,1,4,3,1,94,75,86,81,80,0,Not Placed
21,Other,6.39,EEE,1,0,3,2,46,59,61,58,55,2,Not Placed
23,Female,7.2,ECE,2,1,2,2,82,65,56,65,70,0,Not Placed
23,Female,7.71,IT,2,1,2,4,67,75,66,73,72,0,Not Placed
19,Male,6.92,IT,3,1,2,4,58,81,60,50,74,1,Not Placed
21,Male,9.7,CSE,1,1,2,5,93,95,88,95,85,1,Placed
23,Female,7.69,ECE,3,1,1,8,73,79,58,64,70,1,Not Placed
23,Male,7.85,CIVIL,2,1,1,1,65,81,65,63,64,0,Placed
19,Female,9.36,EEE,3,2,2,1,74,76,78,73,75,0,Placed
20,Female,7.16,ECE,1,1,3,1,64,61,68,59,72,1,Placed
21,Male,8.1,ECE,2,0,4,3,74,85,70,75,73,0,Placed
19,Female,5.28,EEE,3,0,0,1,52,55,60,58,51,2,Not Placed
22,Female,7.41,ECE,2,0,2,1,58,59,67,70,73,0,Placed
21,Female,7.99,MECH,3,1,1,1,87,90,86,79,69,1,Placed
20,Female,10.0,ECE,3,2,3,0,76,71,86,84,77,0,Placed
20,Male,8.19,CSE,2,1,1,2,49,62,62,56,41,2,Not Placed
23,Female,6.59,ECE,1,3,2,2,64,69,53,58,57,2,Not Placed
23,Male,7.18,CSE,1,0,4,0,82,78,64,79,67,0,Placed
23,Male,7.27,ECE,1,1,0,0,61,61,61,62,57,0,Placed
24,Male,8.31,MECH,2,0,3,1,61,71,74,76,67,0,Not Placed
25,Female,7.63,EEE,1,2,3,8,71,66,75,66,69,0,Placed
21,Female,7.96,CSE,2,0,2,2,57,73,76,79,61,1,Not Placed
18,Male,5.0,EEE,1,0,1,2,53,55,45,52,56,2,Not Placed
23,Female,5.6,CSE,3,0,1,0,64,69,51,52,62,1,Not Placed
21,Female,7.66,ECE,2,0,3,3,69,75,72,65,65,0,Placed
20,Female,6.33,IT,2,0,0,1,43,74,51,44,49,2,Not Placed
26,Male,7.2,ECE,2,1,0,2,59,68,65,61,56,0,Placed
20,Male,6.47,MECH,2,0,1,2,50,68,52,57,40,1,Placed
24,Male,9.53,CSE,3,2,2,4,84,91,80,88,79,0,Placed
21,Female,10.0,EEE,1,1,2,4,86,89,86,89,87,0,Placed
18,Male,6.24,EEE,2,0,3,3,54,57,70,67,54,2,Not Placed
23,Male,7.3,EEE,1,2,1,2,63,63,81,61,72,1,Not Placed
22,Other,7.16,CIVIL,1,0,2,0,49,53,66,63,68,4,Not Placed
22,Male,7.45,IT,3,1,0,1,71,82,77,69,71,3,Not Placed
21,Female,9.42,CSE,1,1,2,2,84,77,77,91,87,0,Placed
19,Other,6.75,EEE,2,3,1,0,63,63,78,53,65,2,Placed
19,Male,7.56,ECE,1,1,0,5,76,72,75,64,66,0,Not Placed
18,Male,6.1,MECH,2,0,3,3,42,70,52,56,68,1,Not Placed
19,Male,8.66,EEE,3,2,3,5,75,80,91,79,72,1,Not Placed
20,Female,5.0,EEE,1,0,0,1,40,50,48,40,43,2,Not Placed
21,Male,7.16,IT,2,0,1,0,66,74,70,62,40,0,Placed
19,Male,7.85,IT,3,3,2,2,55,78,57,65,62,2,Not Placed
21,Male,6.39,MECH,3,1,2,3,73,62,64,55,68,1,Placed
19,Male,8.62,IT,3,2,1,0,65,69,79,74,72,0,Placed
19,Female,8.59,ECE,1,1,6,2,82,85,80,77,81,0,Placed
25,Male,5.83,EEE,2,0,1,1,47,61,64,55,64,1,Not Placed
28,Female,8.72,CSE,2,0,3,2,95,88,88,79,92,0,Placed
23,Female,7.16,EEE,2,0,0,0,57,53,51,61,52,0,Not Placed
18,Female,8.63,CSE,3,3,3,3,74,90,83,83,76,0,Placed
22,Female,7.46,CIVIL,3,2,1,3,69,72,69,80,57,0,Placed
19,Male,6.47,ECE,2,0,2,1,72,74,65,53,59,1,Not Placed
21,Male,7.68,CSE,2,0,2,1,63,71,56,66,68,0,Not Placed
24,Male,7.98,EEE,2,2,0,1,55,58,62,86,60,0,Not Placed
20,Male,8.1,MECH,1,1,3,2,75,70,61,75,71,0,Not Placed
24,Female,6.64,CSE,2,0,4,0,68,61,53,60,58,4,Not Placed
22,Male,7.67,CSE,1,0,6,0,57,64,77,60,51,1,Placed
20,Male,6.39,ECE,2,1,2,3,59,50,64,53,68,2,Not Placed
18,Female,6.52,ECE,3,0,3,0,49,75,50,47,60,3,Not Placed
23,Other,6.74,CSE,3,1,1,0,52,70,67,63,68,1,Not Placed
20,Female,6.6,ECE,2,0,3,2,53,62,67,54,51,2,Not Placed
18,Male,6.22,ECE,1,2,1,0,47,59,61,57,69,1,Not Placed
18,Female,8.82,MECH,1,2,0,1,69,64,69,70,69,1,Not Placed
26,Male,8.42,MECH,3,2,2,1,65,69,66,72,73,0,Placed
19,Female,8.7,CSE,1,2,3,3,76,85,87,81,77,0,Placed
26,Female,5.8,EEE,2,0,1,0,49,40,42,40,49,4,Not Placed
22,Female,7.18,ECE,1,1,6,2,83,82,78,67,75,0,Placed
20,Male,7.55,IT,3,1,2,1,83,73,69,78,63,1,Placed
20,Female,7.14,CSE,2,0,2,3,78,69,79,79,68,0,Placed
22,Male,8.0,EEE,2,0,1,2,65,83,79,72,66,1,Placed
20,Male,7.11,MECH,2,1,1,1,71,74,69,67,62,0,Placed
18,Female,8.23,CSE,2,2,1,1,76,84,73,72,76,3,Placed
19,Male,7.66,CSE,2,1,0,1,57,59,56,62,59,2,Not Placed
23,Male,8.9,ECE,1,0,3,2,81,75,76,79,63,0,Not Placed
22,Male,6.39,CIVIL,1,0,1,1,42,65,59,61,42,2,Not Placed
21,Male,8.24,ECE,2,1,3,3,71,83,71,77,75,0,Placed
19,Male,7.67,CSE,3,0,1,2,59,79,58,71,46,0,Placed
21,Female,7.25,MECH,1,0,4,3,61,59,67,61,67,2,Not Placed
23,Male,6.7,ECE,2,1,1,2,68,88,79,74,59,1,Placed
18,Other,7.93,ECE,1,0,0,3,64,65,67,75,51,0,Not Placed
28,Female,9.01,CSE,2,2,2,2,88,63,84,77,79,0,Placed
23,Female,10.0,CSE,1,4,3,2,95,87,95,95,71,0,Placed
20,Female,7.46,ECE,3,1,2,2,95,73,79,91,76,0,Placed
24,Female,7.22,MECH,3,0,0,0,71,57,51,68,77,0,Placed
22,Male,8.57,EEE,2,2,2,1,77,95,76,81,74,1,Placed
22,Female,8.1,CIVIL,3,0,3,4,79,66,79,64,77,0,Placed
19,Male,6.42,ECE,1,0,0,0,79,63,61,64,61,1,Placed
24,Male,5.68,ECE,2,0,0,0,56,54,51,57,58,2,Not Placed
20,Female,6.73,ECE,1,2,4,2,71,74,69,71,78,0,Placed
23,Male,8.3,IT,2,0,4,2,75,69,71,62,58,0,Placed
20,Female,5.93,CSE,2,1,2,2,46,43,54,42,40,0,Not Placed
20,Other,6.73,MECH,2,0,0,0,56,61,63,43,65,4,Not Placed
26,Female,8.78,CSE,3,1,2,2,72,81,68,74,69,1,Not Placed
21,Male,6.91,CIVIL,3,2,1,2,68,73,74,64,64,0,Not Placed
18,Male,8.6,MECH,2,2,4,2,84,84,80,75,95,0,Placed
23,Male,7.08,CSE,2,0,1,4,61,47,51,55,60,2,Not Placed
19,Male,9.46,CSE,3,4,2,1,95,91,93,87,85,0,Placed
24,Female,6.15,EEE,2,0,0,3,69,61,50,56,49,1,Not Placed
24,Female,5.59,ECE,2,0,1,1,40,61,58,49,65,1,Not Placed
18,Female,7.8,ECE,2,3,2,6,69,70,61,64,69,0,Not Placed
21,Female,5.45,CSE,1,0,0,1,65,61,65,55,52,3,Not Placed
27,Male,7.36,MECH,2,2,4,2,64,72,63,82,76,2,Placed
25,Male,7.46,ECE,2,0,2,0,64,55,57,84,66,0,Not Placed
21,Female,6.82,ECE,2,0,2,1,77,77,61,69,61,0,Not Placed
22,Male,6.91,CIVIL,3,2,1,0,72,70,62,61,49,2,Not Placed
21,Male,8.28,EEE,1,0,0,2,72,75,63,70,81,0,Placed
19,Female,7.44,EEE,3,0,1,0,64,70,65,65,56,1,Not Placed
22,Male,9.38,MECH,2,1,3,2,83,83,78,84,81,0,Placed
20,Male,7.12,CIVIL,1,1,0,3,58,74,60,73,67,1,Placed
20,Male,6.88,MECH,1,0,1,1,61,53,61,69,61,0,Not Placed
20,Male,6.22,MECH,3,0,2,1,40,75,55,47,63,0,Not Placed
23,Female,7.23,CSE,1,2,1,1,58,75,70,66,66,0,Not Placed
19,Male,6.92,MECH,1,1,2,1,48,73,52,55,57,1,Not Placed
19,Female,6.43,MECH,2,0,1,0,59,63,70,64,60,2,Not Placed
18,Male,7.37,ECE,3,1,3,1,73,76,72,67,70,0,Not Placed
19,Male,6.28,ECE,2,0,2,3,51,55,42,59,57,0,Not Placed
26,Male,8.52,ECE,2,1,4,2,84,86,88,74,76,0,Placed
20,Female,7.48,ECE,3,3,1,4,76,65,74,60,69,0,Not Placed
19,Male,7.34,CSE,2,0,2,0,69,67,63,62,71,1,Placed
26,Female,6.94,ECE,2,1,1,1,65,76,56,55,63,2,Not Placed
18,Female,8.73,IT,2,1,3,3,80,66,75,77,79,0,Placed
21,Male,7.42,ECE,2,2,2,4,58,72,62,61,66,2,Placed
23,Male,6.77,MECH,1,1,0,2,67,57,65,60,66,0,Placed
22,Female,6.66,CSE,1,1,5,3,57,60,74,72,63,0,Not Placed
19,Female,5.63,CIVIL,2,0,0,0,52,56,60,65,73,2,Not Placed
22,Male,5.55,ECE,1,0,0,1,43,65,43,65,63,0,Placed
21,Female,6.65,CIVIL,3,0,1,0,57,45,58,46,44,2,Not Placed
22,Female,7.76,CSE,2,2,2,3,65,80,69,72,67,0,Placed
19,Female,7.04,CSE,1,2,2,1,65,83,64,62,69,1,Placed
23,Male,8.52,ECE,3,2,1,4,79,63,84,67,72,0,Placed
21,Male,6.64,ECE,3,1,1,2,62,71,65,64,67,3,Not Placed
22,Male,6.75,EEE,2,1,2,1,72,82,74,64,60,0,Not Placed
25,Female,7.95,ECE,2,1,6,2,70,89,68,77,64,1,Placed
23,Male,7.16,ECE,2,1,2,1,72,52,54,62,59,0,Placed
23,Female,7.73,MECH,1,4,3,2,64,66,68,79,92,1,Placed
20,Male,7.62,IT,2,1,3,6,63,62,81,66,59,0,Not Placed
18,Male,6.77,CSE,1,1,0,0,68,64,67,75,49,1,Not Placed
21,Male,6.74,MECH,3,1,3,0,69,57,71,81,58,0,Placed
18,Female,8.47,IT,2,0,2,3,78,79,72,66,82,1,Not Placed
22,Male,7.74,ECE,2,1,1,0,66,70,66,65,73,0,Placed
22,Female,7.6,ECE,1,2,4,4,59,54,65,70,68,0,Not Placed
21,Female,6.18,CSE,2,0,0,1,49,68,57,50,51,1,Not Placed
19,Other,8.13,IT,1,1,0,2,76,85,71,76,65,1,Placed
24,Female,6.09,CSE,2,2,2,2,64,63,76,63,57,3,Placed
21,Female,6.46,CSE,2,1,0,2,47,67,46,58,52,3,Not Placed
21,Female,7.65,IT,2,1,1,1,63,63,70,57,69,1,Not Placed
21,Male,7.85,CSE,2,1,1,3,77,71,70,76,78,1,Placed
18,Male,8.12,MECH,1,4,1,2,69,77,71,60,58,1,Not Placed
22,Female,7.17,MECH,2,1,0,2,68,66,65,73,55,0,Not Placed
18,Male,7.09,CSE,1,2,4,0,48,60,55,58,69,1,Placed
21,Male,7.71,ECE,3,1,0,2,72,63,69,74,87,3,Not Placed
19,Female,5.55,IT,2,0,1,0,40,62,50,48,46,4,Not Placed
19,Female,9.18,CSE,3,0,4,0,80,83,78,71,85,0,Placed
19,Male,5.9,CSE,3,1,1,0,57,63,47,63,48,1,Not Placed
18,Female,6.5,ECE,2,1,0,5,52,77,57,61,40,3,Not Placed
24,Male,7.39,CSE,2,1,1,2,56,77,66,62,71,3,Not Placed
23,Male,8.88,MECH,2,3,4,0,90,75,94,83,85,0,Placed
18,Female,8.94,EEE,2,1,3,5,93,81,85,79,81,0,Placed
18,Male,8.05,EEE,2,2,0,2,73,76,72,83,71,0,Placed
23,Female,6.76,MECH,3,2,1,2,66,47,78,81,57,2,Not Placed
18,Female,6.22,CSE,2,0,0,3,53,43,40,48,46,0,Not Placed
21,Male,7.18,ECE,3,1,2,1,74,61,74,73,75,1,Placed
18,Male,7.35,CSE,2,0,2,3,59,71,62,67,70,2,Not Placed
21,Female,6.39,ECE,3,1,1,2,68,70,50,71,52,0,Placed
28,Female,8.66,IT,2,0,1,2,68,71,63,79,72,0,Placed
19,Female,6.94,CSE,2,1,3,1,48,85,58,62,67,1,Placed
25,Female,9.24,EEE,3,3,1,1,73,77,79,84,56,0,Placed
23,Female,5.67,IT,3,1,1,2,44,66,52,58,54,2,Not Placed
27,Male,7.54,CSE,2,0,1,1,59,69,67,69,63,3,Not Placed
22,Male,7.49,MECH,2,1,1,2,63,62,62,56,64,2,Not Placed
23,Male,6.67,CSE,2,0,4,3,55,68,72,55,66,0,Not Placed
21,Male,7.8,CSE,1,1,1,1,71,79,79,85,65,0,Placed
23,Female,6.76,CSE,1,0,1,2,40,73,60,63,52,2,Not Placed
18,Female,7.85,ECE,3,0,4,3,67,62,75,78,80,2,Not Placed
22,Female,7.33,MECH,2,1,3,1,64,67,76,56,54,1,Not Placed
21,Female,6.86,MECH,2,1,2,0,65,57,53,62,53,4,Not Placed
18,Male,7.5,EEE,2,1,1,0,69,66,64,67,57,0,Not Placed
20,Male,7.45,IT,2,2,1,2,61,87,74,67,68,2,Placed
19,Male,7.29,MECH,3,0,1,2,67,70,74,59,61,5,Not Placed
20,Female,7.7,EEE,2,2,3,0,58,75,65,71,64,0,Placed
19,Female,7.57,MECH,2,0,1,2,65,83,54,59,59,4,Not Placed
19,Female,7.52,CSE,2,1,2,1,68,56,62,63,67,0,Placed
20,Female,8.78,ECE,2,1,3,2,82,89,78,80,95,0,Placed
21,Male,8.43,CSE,3,1,2,3,65,70,66,87,82,2,Placed
19,Male,7.08,ECE,2,3,1,0,59,58,63,61,53,4,Not Placed
19,Male,6.93,MECH,3,1,3,1,77,67,62,76,68,0,Placed
20,Female,6.41,EEE,3,0,3,1,58,65,55,56,53,0,Placed
20,Male,6.75,EEE,1,1,2,2,64,66,69,64,66,0,Not Placed
18,Female,7.4,IT,2,2,0,1,67,67,53,59,71,2,Placed
28,Male,6.23,IT,1,0,1,2,58,50,52,61,65,0,Not Placed
20,Female,7.91,CIVIL,3,1,4,2,65,92,78,66,85,1,Placed
20,Female,7.55,CSE,2,1,1,0,60,77,62,50,68,3,Not Placed
21,Male,7.92,CSE,2,2,2,3,65,68,70,72,64,2,Placed
23,Female,7.13,IT,2,2,0,0,68,80,56,59,48,0,Not Placed
20,Female,10.0,EEE,3,0,5,1,95,94,94,95,95,0,Placed
19,Female,6.82,ECE,2,1,1,3,59,62,58,59,67,0,Not Placed
21,Male,5.0,CSE,1,0,0,2,49,51,52,46,66,4,Not Placed
21,Female,5.47,ECE,2,0,1,1,62,59,52,48,68,3,Not Placed
20,Male,8.09,EEE,2,1,3,4,69,74,69,78,73,1,Not Placed
27,Male,9.1,ECE,2,1,3,0,95,82,80,74,71,0,Placed
28,Male,6.79,CSE,2,0,1,1,70,59,65,66,53,1,Placed
21,Female,9.24,CSE,1,0,6,3,71,86,87,83,88,0,Placed
18,Male,9.08,IT,1,0,2,3,71,77,83,71,67,1,Placed
21,Female,6.89,IT,3,0,4,7,63,71,78,67,61,0,Placed
25,Male,8.33,CSE,1,0,1,1,70,51,54,62,55,0,Placed
24,Male,6.85,MECH,2,3,1,5,62,73,78,71,90,1,Placed
19,Female,9.21,CIVIL,1,2,5,2,91,60,78,83,78,1,Placed
19,Male,7.84,CSE,1,1,4,3,75,67,74,76,73,1,Not Placed
19,Male,6.77,ECE,2,0,0,1,54,61,63,55,66,0,Not Placed
23,Male,7.34,IT,3,1,4,2,62,54,66,58,60,2,Placed
21,Male,8.88,IT,2,2,1,2,93,80,95,87,94,0,Placed
20,Male,8.48,ECE,2,2,6,2,79,56,79,79,68,1,Placed
20,Female,7.94,IT,3,2,0,1,65,74,91,76,76,1,Placed
19,Female,7.7,IT,2,3,2,3,90,69,79,77,95,1,Not Placed
24,Male,7.06,CSE,3,1,1,0,57,82,66,63,63,1,Not Placed
20,Male,7.23,EEE,1,0,2,0,59,71,76,63,73,0,Not Placed
19,Female,7.96,ECE,1,1,3,1,83,81,76,75,95,1,Placed
22,Male,7.76,CSE,2,1,1,6,75,69,79,71,70,2,Placed
21,Male,7.65,IT,2,2,1,1,72,64,78,63,64,1,Placed
22,Male,6.32,CSE,2,4,2,1,62,52,63,71,62,0,Placed
23,Female,8.64,IT,3,1,0,3,62,63,65,75,62,2,Placed
18,Female,7.36,CSE,1,2,1,1,63,75,75,70,82,0,Placed
18,Male,7.41,ECE,3,3,3,4,68,64,68,70,67,2,Not Placed
18,Male,10.0,ECE,2,3,1,2,90,95,84,89,95,0,Placed
22,Female,7.13,ECE,3,0,1,2,46,50,70,44,56,1,Not Placed
25,Male,8.82,IT,2,2,4,1,86,51,81,73,76,0,Placed
20,Male,6.6,EEE,2,1,2,2,59,69,63,63,56,1,Not Placed
23,Female,7.08,MECH,2,0,2,1,70,63,65,65,88,0,Placed
22,Male,9.98,IT,2,2,4,3,86,93,92,92,87,0,Placed
26,Male,7.17,IT,3,1,2,1,75,52,64,57,49,2,Placed
21,Female,6.92,MECH,2,1,2,3,67,71,65,60,62,2,Not Placed
19,Female,7.52,ECE,1,2,2,3,60,56,75,81,73,1,Not Placed
22,Male,6.84,ECE,3,0,2,3,59,60,62,54,62,0,Not Placed
23,Male,7.36,EEE,2,1,3,2,73,58,50,72,89,0,Placed
22,Male,7.09,IT,2,1,4,0,63,72,62,60,40,3,Placed
23,Male,8.45,CSE,2,2,2,4,84,61,73,83,59,1,Placed
20,Male,6.28,EEE,2,1,0,0,58,59,48,50,54,1,Placed
22,Male,6.44,ECE,2,0,2,2,63,71,48,45,43,2,Not Placed
19,Male,7.87,IT,3,0,3,1,61,55,60,80,76,2,Placed
20,Male,5.84,CSE,2,0,0,2,57,63,48,54,57,1,Placed
19,Male,9.09,CIVIL,1,1,6,1,70,81,84,91,70,1,Placed
19,Female,6.14,EEE,2,0,1,1,57,63,49,59,64,1,Not Placed
18,Female,5.55,IT,2,0,0,4,41,59,69,48,69,0,Not Placed
22,Other,7.78,CSE,2,1,2,1,60,72,72,71,74,0,Placed
24,Female,6.46,ECE,3,0,1,0,72,59,58,65,52,3,Not Placed
20,Female,6.2,CSE,3,2,1,2,61,64,66,60,49,3,Not Placed
20,Male,9.68,IT,3,1,2,4,85,85,85,94,74,0,Placed
18,Female,6.49,CIVIL,1,2,0,0,57,72,64,60,61,0,Not Placed
20,Male,6.87,EEE,1,1,2,2,67,55,67,62,72,0,Placed
20,Female,7.43,CIVIL,2,1,3,3,63,70,71,67,69,0,Placed
21,Female,9.36,IT,3,1,4,1,71,76,72,65,69,0,Placed
24,Male,6.83,CSE,3,1,1,3,73,65,79,67,86,0,Placed
21,Female,6.87,CIVIL,1,0,2,2,57,68,60,62,63,0,Not Placed
22,Female,6.93,MECH,2,1,0,4,63,72,73,60,57,0,Placed
22,Female,7.08,ECE,3,0,4,0,77,61,70,65,58,1,Not Placed
19,Male,8.12,CSE,1,0,3,0,77,78,72,91,81,0,Not Placed
20,Male,6.28,EEE,2,1,0,1,52,51,46,50,61,0,Not Placed
18,Female,9.62,CSE,2,1,2,4,82,90,76,90,81,1,Placed
20,Male,6.7,MECH,1,0,5,1,60,68,66,56,69,0,Placed
24,Male,6.41,EEE,2,1,3,1,76,83,70,72,70,2,Not Placed
21,Male,7.1,CSE,3,0,3,3,53,69,67,66,53,0,Not Placed
20,Male,6.9,CSE,1,1,1,2,55,82,53,60,48,0,Not Placed
19,Female,6.41,CSE,2,1,2,1,63,70,70,65,59,0,Not Placed
20,Female,6.65,EEE,3,0,0,2,51,63,59,57,56,1,Not Placed
25,Female,7.74,CSE,2,1,0,2,56,61,71,66,60,0,Placed
20,Female,7.14,ECE,2,2,2,2,51,60,53,56,44,0,Placed
22,Female,8.8,IT,2,0,3,2,79,90,88,71,76,0,Placed
18,Female,6.98,ECE,2,1,0,2,65,72,60,61,67,2,Not Placed
19,Male,7.08,EEE,2,1,1,2,60,50,67,59,57,3,Placed
20,Female,7.85,CSE,2,0,3,2,58,85,73,68,77,0,Placed
24,Female,8.22,CSE,3,1,4,1,80,90,79,77,71,0,Placed
19,Female,7.91,IT,2,2,0,4,69,64,81,69,77,3,Not Placed
22,Female,6.34,CIVIL,1,1,2,1,72,63,67,63,67,3,Not Placed
19,Male,5.42,IT,2,0,1,1,62,61,59,67,46,0,Not Placed
21,Male,6.72,CSE,3,1,1,1,54,63,65,58,51,1,Not Placed
21,Female,6.68,ECE,3,0,1,3,57,75,50,49,48,3,Not Placed
21,Female,8.48,CSE,2,1,0,4,86,87,84,80,73,1,Placed
20,Male,7.67,EEE,2,0,1,4,72,74,68,73,75,0,Placed
19,Male,6.55,IT,1,1,1,3,56,60,59,65,48,0,Not Placed
24,Male,7.09,CIVIL,1,0,2,0,76,45,47,73,74,2,Not Placed
21,Male,5.6,ECE,3,1,0,1,57,57,47,54,64,0,Placed
19,Male,6.94,ECE,2,2,2,1,52,73,64,61,62,1,Not Placed
20,Male,7.93,CSE,1,2,6,3,78,80,60,74,56,1,Placed
18,Male,7.36,CSE,2,1,1,2,59,69,72,52,78,1,Not Placed
21,Male,9.31,CSE,2,2,1,6,93,87,95,94,95,0,Placed
20,Female,7.93,MECH,3,1,6,2,81,72,71,92,68,1,Placed
19,Male,8.13,CIVIL,1,1,1,4,88,63,83,73,89,0,Placed
20,Female,8.87,CSE,2,2,2,3,79,83,77,81,73,0,Placed
21,Male,6.8,CIVIL,3,1,3,1,59,47,71,62,70,2,Not Placed
24,Male,8.44,ECE,3,1,1,3,74,79,85,71,62,0,Not Placed
22,Male,6.64,EEE,3,0,4,0,68,85,74,62,67,0,Not Placed
21,Male,8.96,CIVIL,2,2,4,3,95,70,88,81,69,0,Placed
22,Male,7.64,CIVIL,2,3,3,2,62,73,74,69,74,0,Placed
19,Male,7.59,ECE,1,3,1,5,80,65,74,68,59,1,Placed
22,Male,7.44,ECE,3,0,2,2,75,60,70,75,77,0,Not Placed
18,Female,9.79,ECE,1,2,2,2,94,68,92,79,90,0,Placed
18,Male,7.17,CSE,2,0,0,3,52,53,47,54,64,0,Not Placed
21,Male,9.27,IT,1,2,0,5,75,89,95,91,77,0,Placed
19,Female,7.13,MECH,2,0,1,3,72,71,61,62,65,2,Not Placed
22,Male,5.57,CSE,2,0,2,1,67,54,59,48,54,4,Not Placed
21,Male,6.12,IT,2,0,2,2,66,72,64,63,62,1,Not Placed
18,Female,6.74,IT,2,0,1,0,40,61,65,53,44,3,Not Placed
20,Female,7.35,ECE,2,1,4,6,74,86,67,66,67,0,Placed
21,Female,6.35,CSE,3,0,1,1,56,73,60,54,70,0,Not Placed
22,Female,7.73,CIVIL,2,1,2,4,72,68,78,83,83,1,Not Placed
23,Male,7.22,EEE,3,0,3,4,78,86,85,82,74,0,Not Placed
20,Male,6.27,CSE,1,1,0,1,61,60,63,70,71,0,Placed
23,Female,6.59,IT,2,2,2,1,66,59,67,66,61,1,Not Placed
20,Female,5.99,CSE,1,0,0,1,51,59,47,58,69,0,Placed
18,Female,7.28,CSE,2,0,2,3,53,70,73,64,71,1,Placed
21,Female,10.0,IT,3,1,2,4,91,87,95,88,71,0,Placed
19,Male,7.87,IT,1,3,2,1,81,74,69,70,67,2,Placed
19,Female,7.03,ECE,2,0,3,2,62,73,57,62,72,2,Placed
19,Male,6.89,CSE,3,0,0,2,66,52,66,72,67,3,Not Placed
23,Male,7.06,IT,1,1,4,1,67,77,74,70,73,1,Placed
24,Male,7.83,CIVIL,2,1,1,1,74,74,63,59,77,3,Not Placed
26,Male,7.35,MECH,1,2,4,3,60,66,60,71,75,0,Placed
20,Female,6.62,CSE,2,1,3,2,86,94,68,71,60,2,Not Placed
20,Female,6.96,ECE,3,1,4,0,55,63,57,52,60,3,Not Placed
23,Female,6.7,CSE,2,0,1,1,61,51,65,53,52,1,Not Placed
20,Male,7.96,EEE,3,4,1,2,70,44,78,70,72,0,Placed
20,Male,7.04,MECH,3,0,3,2,55,72,56,53,50,2,Not Placed
19,Male,7.26,ECE,2,3,3,3,69,70,75,59,71,0,Placed
21,Male,6.86,ECE,2,0,2,2,57,73,62,61,75,2,Not Placed
22,Male,5.82,MECH,2,1,1,1,60,71,55,59,43,1,Placed
20,Male,6.44,CSE,2,0,3,4,68,83,71,67,72,0,Placed
18,Female,5.88,EEE,2,0,1,2,40,58,49,50,58,2,Not Placed
22,Male,8.55,CSE,2,2,1,2,70,80,86,63,75,1,Not Placed
21,Female,7.47,CSE,3,0,1,1,58,62,74,60,73,1,Not Placed
19,Male,9.21,ECE,1,2,3,2,95,86,81,92,76,0,Placed
20,Male,8.35,CSE,2,1,1,4,82,74,82,86,67,0,Placed
25,Female,6.33,CSE,1,0,2,3,53,54,72,64,65,2,Placed
21,Male,5.44,CSE,2,1,2,0,55,54,58,55,55,1,Not Placed
21,Male,6.93,CIVIL,1,4,1,0,62,59,64,60,60,2,Placed
21,Female,5.63,CSE,1,0,0,1,62,59,61,59,64,2,Not Placed
25,Male,9.87,IT,1,4,1,5,89,79,88,78,72,0,Placed
20,Male,7.12,CSE,3,3,2,2,74,85,74,61,80,1,Placed
20,Male,8.62,CIVIL,1,2,4,3,81,82,82,75,66,0,Placed
20,Female,7.28,CSE,2,0,5,2,58,70,56,70,55,1,Placed
23,Female,6.76,ECE,2,2,4,2,69,70,79,64,65,0,Placed
19,Female,8.12,IT,1,1,2,4,69,80,64,58,46,3,Not Placed
19,Female,9.04,EEE,3,4,4,0,87,58,71,89,68,0,Placed
19,Male,7.0,MECH,1,0,1,0,64,63,76,73,68,1,Placed
21,Male,6.51,CSE,3,1,0,4,59,68,54,51,44,0,Not Placed
22,Female,9.06,CSE,1,2,2,1,89,69,84,82,79,0,Placed
20,Male,6.2,IT,2,3,2,1,68,79,63,64,62,2,Placed
19,Female,6.03,IT,3,1,1,5,68,78,74,56,79,1,Not Placed
22,Female,5.0,MECH,1,0,0,0,40,46,40,45,53,1,Not Placed
18,Female,7.41,CSE,3,0,4,2,60,73,78,80,77,0,Placed
22,Male,7.07,MECH,2,1,5,1,79,70,68,75,57,0,Placed
19,Female,6.93,CSE,2,3,3,2,56,91,65,69,62,0,Not Placed
24,Female,7.08,CSE,1,2,0,1,54,77,80,85,75,2,Placed
20,Male,6.54,EEE,1,1,2,2,57,65,59,49,63,0,Placed
22,Female,7.72,EEE,3,0,2,0,67,63,54,66,66,1,Not Placed
19,Male,8.01,CSE,1,0,0,2,80,86,75,75,72,1,Not Placed
19,Male,8.47,CIVIL,2,1,4,0,79,84,70,78,68,0,Placed
22,Female,6.45,CSE,2,1,0,4,57,70,71,56,67,0,Placed
21,Female,8.04,MECH,2,1,3,3,75,86,75,79,76,0,Placed
22,Male,7.5,CSE,2,1,2,1,62,69,69,64,55,1,Placed
21,Male,7.27,CSE,1,0,0,1,69,52,57,65,59,0,Placed
21,Female,7.35,MECH,1,1,3,3,76,71,66,66,61,1,Not Placed
23,Male,6.03,CSE,2,0,0,1,42,49,56,53,53,4,Not Placed
20,Female,7.51,ECE,2,1,1,3,71,60,71,75,91,1,Not Placed
24,Female,5.96,MECH,3,0,2,0,52,70,54,47,54,5,Not Placed
20,Male,7.66,CSE,2,0,1,4,49,63,46,58,76,2,Not Placed
20,Female,5.84,EEE,2,0,1,0,54,40,52,56,43,0,Not Placed
22,Male,7.36,ECE,1,1,1,2,67,70,68,67,61,2,Not Placed
18,Male,8.32,CSE,2,1,5,2,86,78,84,70,65,0,Placed
19,Female,6.78,CSE,2,1,0,5,71,60,72,74,63,0,Placed
18,Male,7.97,CSE,3,2,3,2,84,88,77,78,77,0,Placed
21,Male,10.0,IT,1,0,3,1,92,82,89,86,80,0,Placed
21,Female,7.76,IT,2,4,2,0,73,52,81,66,58,0,Placed
18,Male,6.73,EEE,2,0,4,3,59,69,59,64,60,1,Not Placed
19,Male,6.56,IT,2,1,2,1,53,59,57,59,63,1,Not Placed
20,Female,6.63,IT,2,1,1,1,60,77,69,75,86,1,Not Placed
20,Male,7.15,MECH,1,0,0,6,56,70,69,63,46,3,Not Placed
18,Male,6.87,IT,2,0,2,0,56,53,73,67,53,1,Not Placed
19,Male,8.61,CIVIL,1,2,2,4,69,78,74,74,73,2,Placed
23,Female,8.5,ECE,2,2,1,5,88,65,78,77,70,0,Placed
22,Male,5.54,CIVIL,1,0,1,0,51,59,58,58,52,3,Not Placed
20,Female,6.88,MECH,3,0,2,2,57,69,63,57,65,1,Not Placed
19,Male,6.44,IT,2,0,1,1,61,70,61,49,55,1,Placed
18,Female,8.15,ECE,3,0,3,3,79,83,73,72,64,0,Placed
20,Female,8.5,CSE,3,2,1,2,79,76,74,73,67,0,Placed
20,Female,10.0,ECE,2,0,0,3,95,95,87,91,79,0,Placed
24,Female,6.65,IT,2,0,3,0,54,74,63,56,49,0,Not Placed
22,Male,6.46,IT,2,0,1,4,74,59,68,62,40,0,Not Placed
21,Male,7.82,CSE,3,1,1,3,66,59,77,80,81,0,Placed
19,Male,7.19,MECH,2,0,4,3,58,69,57,63,75,1,Not Placed
22,Male,5.97,CSE,2,1,2,2,67,74,61,60,67,0,Not Placed
25,Male,7.56,EEE,2,0,1,2,63,70,60,67,75,0,Placed
18,Female,5.04,CIVIL,2,0,0,1,50,57,40,40,40,2,Not Placed
23,Male,7.04,CSE,2,0,3,3,72,76,76,57,72,0,Placed
19,Female,7.15,IT,1,0,4,3,58,58,63,59,62,1,Not Placed
22,Female,8.27,ECE,2,0,2,4,68,93,90,84,69,0,Placed
19,Male,6.89,CIVIL,2,0,1,3,78,40,73,67,61,0,Not Placed
21,Male,5.4,MECH,2,0,1,2,63,52,66,57,51,0,Not Placed
19,Female,7.63,IT,2,1,0,6,56,83,77,72,57,1,Not Placed
21,Male,5.34,CIVIL,2,1,0,1,42,67,41,50,40,2,Not Placed
21,Male,6.21,IT,2,0,2,2,60,64,44,56,66,2,Not Placed
21,Male,8.49,IT,2,4,1,1,68,81,77,74,67,0,Placed
22,Female,7.31,ECE,2,1,3,0,62,56,64,62,66,0,Not Placed
18,Male,7.55,EEE,3,2,6,1,78,79,75,78,79,1,Placed
22,Male,6.07,CSE,1,0,0,2,41,47,52,51,48,1,Not Placed
19,Male,8.02,EEE,3,2,2,0,72,83,59,76,68,0,Not Placed
22,Male,7.32,CSE,1,0,1,1,78,70,57,71,56,2,Not Placed
19,Male,7.93,CSE,2,1,1,1,76,75,71,68,74,1,Not Placed
21,Female,7.37,CIVIL,1,1,4,0,63,86,77,69,75,0,Placed
20,Female,7.63,ECE,3,1,3,2,79,77,78,85,76,0,Placed
26,Male,8.94,IT,1,1,2,2,80,82,76,83,78,0,Not Placed
21,Other,7.88,EEE,2,1,4,2,54,81,66,73,69,1,Placed
18,Female,8.32,IT,2,1,1,3,70,76,81,80,74,0,Placed
22,Male,6.24,CSE,2,0,0,3,64,57,57,58,57,1,Not Placed
19,Female,7.04,IT,3,1,1,3,54,48,61,52,55,1,Placed
20,Female,7.96,CIVIL,2,1,2,4,75,69,71,71,80,0,Placed
20,Male,7.0,CSE,1,0,2,3,51,55,63,50,40,0,Placed
22,Male,7.94,CSE,2,2,2,3,77,69,73,89,71,0,Not Placed
25,Female,8.18,EEE,2,1,2,1,66,59,82,63,73,0,Placed
24,Male,8.66,IT,2,1,1,0,73,82,78,82,65,0,Placed
19,Male,7.8,IT,1,0,0,1,66,71,66,65,75,0,Placed
18,Female,7.46,IT,2,0,0,2,63,69,69,70,74,3,Not Placed
23,Female,7.9,CIVIL,2,1,4,2,86,58,70,74,70,0,Placed
20,Female,7.11,CSE,3,1,4,1,67,54,56,45,84,1,Not Placed
21,Male,7.26,CSE,2,0,0,0,70,62,48,56,53,2,Not Placed
26,Male,8.19,ECE,1,2,4,1,71,55,64,74,75,2,Placed
19,Female,6.59,IT,3,2,2,2,69,67,74,59,68,1,Not Placed
20,Female,7.26,CSE,1,2,0,3,69,73,76,60,59,0,Not Placed
23,Female,7.1,ECE,2,1,3,4,74,83,74,71,67,2,Placed
22,Male,8.66,ECE,3,4,4,0,76,75,83,91,95,0,Not Placed
25,Female,7.33,ECE,3,1,2,0,69,57,58,57,62,0,Placed
21,Male,7.92,IT,1,0,1,5,63,82,62,60,61,1,Placed
20,Male,5.85,CSE,3,0,0,2,74,54,63,55,45,1,Not Placed
23,Female,8.45,IT,3,1,5,4,64,68,63,71,69,1,Placed
22,Male,7.54,MECH,3,1,3,2,81,77,70,73,69,1,Placed
25,Female,8.87,ECE,3,4,1,2,68,73,88,81,65,0,Placed
21,Female,7.81,IT,1,1,1,5,70,63,59,71,64,0,Placed
21,Female,8.46,ECE,3,3,3,2,72,68,78,70,85,0,Placed
20,Male,8.85,IT,1,2,2,1,92,79,87,71,59,0,Not Placed
19,Male,8.18,MECH,2,1,3,2,85,74,71,78,78,0,Placed
28,Female,9.02,EEE,2,0,2,2,71,82,75,82,61,0,Not Placed
26,Female,8.81,CSE,2,1,2,1,88,87,82,80,65,0,Placed
21,Female,7.03,CSE,1,2,2,1,69,81,70,71,60,0,Placed
25,Male,5.64,CSE,1,1,2,1,59,59,58,64,52,0,Not Placed
20,Female,8.89,CSE,3,1,1,0,70,59,76,68,88,0,Placed
23,Male,8.77,IT,2,4,2,1,67,70,74,83,62,0,Placed
21,Male,8.67,CSE,2,0,3,5,78,60,89,77,84,0,Placed
22,Male,8.93,ECE,3,0,4,5,69,70,93,64,83,0,Placed
22,Male,9.31,IT,3,4,1,4,89,85,92,90,81,0,Placed
21,Male,7.88,CSE,1,0,1,3,71,85,66,86,84,0,Placed
23,Male,8.19,CSE,2,1,3,1,65,65,73,59,69,0,Placed
20,Male,5.94,CSE,3,0,1,0,54,63,68,54,62,4,Not Placed
23,Female,6.68,ECE,2,1,2,2,83,61,66,69,64,1,Not Placed
19,Male,7.13,ECE,2,1,4,1,66,64,64,52,56,0,Placed
19,Female,7.72,IT,1,2,5,3,65,73,53,88,88,2,Placed
22,Female,7.25,CSE,3,0,3,4,70,74,70,59,82,1,Not Placed
22,Male,7.48,CIVIL,2,0,2,3,72,72,74,76,79,0,Placed
24,Female,6.63,IT,3,1,2,2,65,56,64,67,75,0,Not Placed
19,Male,8.16,IT,2,3,1,1,82,83,74,72,82,1,Not Placed
18,Male,5.0,IT,2,0,0,0,42,40,43,40,40,3,Not Placed
21,Female,8.15,CSE,3,2,4,3,70,73,74,75,68,2,Placed
24,Female,8.84,EEE,2,0,1,4,90,86,72,78,95,0,Placed
26,Male,8.94,ECE,3,4,2,3,95,77,86,87,89,0,Placed
23,Female,8.42,CSE,2,0,1,1,70,68,84,75,62,0,Not Placed
21,Female,8.96,CSE,3,0,0,0,79,76,78,88,84,0,Placed
23,Male,7.52,ECE,2,1,3,1,73,84,74,56,75,3,Placed
19,Male,7.48,IT,2,1,3,1,69,89,68,55,62,1,Placed
24,Female,8.86,CIVIL,2,3,5,1,73,81,77,77,68,1,Placed
21,Female,7.82,IT,3,0,4,2,60,83,60,56,59,1,Not Placed
20,Female,6.65,MECH,3,1,2,3,57,66,59,68,63,2,Not Placed
21,Female,7.48,CSE,2,0,5,1,68,87,66,60,57,0,Placed
23,Male,6.93,ECE,2,1,0,1,58,54,47,51,61,2,Placed
19,Male,8.11,IT,1,1,3,1,54,71,72,79,64,0,Placed
18,Female,7.35,CIVIL,1,2,0,3,58,71,82,74,66,0,Placed
22,Female,6.98,ECE,3,3,1,2,65,54,52,67,70,0,Not Placed
25,Male,6.45,ECE,2,3,2,2,58,70,56,59,53,2,Not Placed
21,Female,8.04,CSE,2,1,2,2,85,43,73,72,90,1,Not Placed
19,Male,7.9,IT,2,2,6,5,72,95,72,72,64,0,Placed
22,Male,6.26,ECE,1,0,1,2,61,68,78,48,41,2,Placed
18,Female,6.65,CSE,2,0,3,0,53,65,66,56,59,0,Not Placed
20,Male,9.2,EEE,3,2,4,0,82,75,68,79,90,1,Placed
18,Male,6.45,IT,2,0,0,1,62,58,46,54,41,4,Not Placed
21,Male,7.94,ECE,2,3,3,1,76,70,73,83,65,0,Not Placed
20,Male,8.95,IT,2,3,2,2,87,72,84,76,71,0,Placed
18,Female,9.53,ECE,1,1,3,3,79,73,93,82,63,0,Placed
20,Male,8.36,CSE,2,1,3,2,74,83,66,72,74,2,Placed
22,Male,8.23,ECE,1,1,4,3,78,82,81,73,95,0,Placed
20,Female,9.66,MECH,2,4,3,8,94,75,92,76,89,0,Placed
19,Female,5.0,CSE,3,0,0,0,46,66,51,55,42,1,Not Placed
21,Female,7.28,MECH,2,2,1,4,66,63,55,72,68,0,Not Placed
22,Female,7.83,MECH,3,1,4,1,84,78,78,78,72,0,Placed
23,Female,7.39,CSE,1,0,0,2,63,62,59,54,54,0,Placed
21,Female,8.25,CSE,2,2,5,4,82,64,95,84,83,0,Placed
22,Male,7.76,EEE,2,0,0,0,67,65,68,58,88,0,Placed
23,Male,7.54,CIVIL,2,1,3,2,75,65,72,60,78,3,Placed
22,Male,6.68,CSE,1,2,6,4,67,88,63,62,61,2,Placed
21,Female,6.88,MECH,1,1,4,1,57,61,62,62,59,0,Placed
18,Female,8.11,CSE,1,0,1,2,65,63,63,71,62,2,Placed
20,Female,6.61,IT,3,2,4,2,76,84,74,76,71,0,Placed
20,Female,6.89,MECH,1,0,2,1,57,82,68,68,69,0,Not Placed
20,Female,7.85,IT,1,2,4,5,82,75,86,67,76,1,Placed
25,Male,8.78,EEE,3,2,2,2,77,71,75,79,76,2,Placed
19,Male,8.9,CSE,2,1,6,2,86,79,76,64,66,0,Placed
21,Female,6.58,IT,2,0,0,1,50,63,60,53,68,2,Placed
28,Male,6.43,CIVIL,2,0,1,2,64,60,58,57,51,2,Not Placed
21,Female,7.62,CSE,3,0,1,6,64,69,65,74,76,2,Placed
19,Male,10.0,EEE,3,3,3,3,95,94,84,92,92,2,Placed
26,Male,8.34,MECH,3,0,2,2,76,73,76,75,65,0,Placed
20,Female,6.82,EEE,2,0,0,1,59,77,74,64,55,0,Placed
18,Male,7.65,CIVIL,1,1,3,2,65,76,72,63,82,0,Placed
20,Female,8.16,CIVIL,3,3,1,4,64,76,75,73,67,1,Not Placed
19,Male,5.32,CSE,3,0,0,6,54,66,52,56,52,0,Not Placed
23,Male,9.25,ECE,2,4,4,6,94,93,84,90,95,0,Placed
19,Female,8.32,IT,2,0,3,1,73,57,59,74,53,1,Placed
23,Male,7.2,EEE,2,1,1,2,65,65,60,79,74,0,Placed
18,Female,8.11,EEE,1,0,6,2,75,44,67,71,73,3,Placed
24,Male,8.46,CSE,2,0,4,3,76,64,78,71,68,1,Placed
18,Female,6.52,EEE,3,3,1,2,52,68,61,55,55,3,Not Placed
25,Male,5.77,IT,3,0,1,2,64,63,62,59,62,3,Not Placed
18,Male,7.83,ECE,1,0,0,3,79,70,70,77,72,0,Not Placed
24,Female,5.3,IT,2,0,0,0,63,67,46,47,60,4,Not Placed
23,Female,7.53,IT,1,1,1,1,49,70,63,60,62,0,Placed
21,Female,8.31,EEE,2,0,2,3,82,82,93,78,71,0,Placed
18,Female,7.48,ECE,2,2,4,2,85,87,77,74,74,0,Placed
21,Female,8.43,MECH,1,1,2,2,83,74,73,69,80,0,Placed
21,Male,7.71,EEE,3,0,1,4,74,71,81,62,74,1,Not Placed
21,Female,9.51,MECH,3,1,3,4,93,76,91,95,89,0,Placed
21,Male,6.94,EEE,3,1,2,2,64,63,70,55,72,2,Placed
26,Female,7.19,MECH,2,0,0,2,73,48,81,66,72,0,Not Placed
28,Female,7.84,CSE,3,2,1,4,81,64,60,62,60,1,Placed
21,Male,8.77,ECE,3,0,2,2,85,67,64,81,78,1,Placed
18,Female,7.13,CSE,2,2,0,3,69,72,52,75,60,0,Not Placed
19,Female,9.04,IT,1,2,2,4,85,89,83,74,62,0,Placed
22,Male,7.34,MECH,1,0,0,1,66,69,64,72,57,1,Not Placed
27,Female,8.87,EEE,2,1,3,4,70,76,83,71,92,0,Placed
20,Male,8.97,ECE,2,3,2,1,74,80,80,81,77,1,Placed
18,Female,7.35,EEE,1,1,2,0,72,74,83,69,80,0,Placed
20,Female,8.58,CSE,2,1,1,4,75,76,78,84,70,1,Placed
20,Male,7.07,CIVIL,3,3,2,3,62,77,61,78,80,0,Not Placed
28,Male,7.23,CSE,1,1,0,4,68,85,78,76,67,1,Placed
22,Male,8.16,CSE,2,0,2,3,69,66,68,67,55,2,Placed
18,Female,6.65,CSE,3,2,0,1,60,67,70,50,54,1,Not Placed
20,Male,6.61,CIVIL,2,1,3,2,83,66,75,70,58,0,Placed
18,Female,5.96,IT,1,0,1,2,57,78,50,52,54,2,Not Placed
22,Female,8.89,ECE,2,0,4,4,75,72,71,77,86,2,Placed
22,Female,6.01,IT,3,0,1,0,51,61,64,47,54,1,Not Placed
18,Male,7.28,CSE,1,0,3,1,56,62,71,57,61,2,Not Placed
20,Male,7.16,CSE,1,2,5,1,76,78,70,72,79,1,Placed
24,Female,8.02,CSE,2,2,4,2,83,76,75,74,81,0,Placed
23,Male,6.4,ECE,2,0,0,2,58,48,47,47,55,2,Not Placed
21,Male,7.03,CSE,3,1,3,2,70,57,74,65,67,0,Placed
21,Male,7.28,IT,3,2,2,2,59,66,71,75,67,0,Placed
28,Female,7.16,IT,3,1,0,1,71,79,80,78,70,1,Not Placed
22,Female,8.4,ECE,2,0,4,0,90,76,88,89,67,0,Placed
25,Male,7.14,MECH,3,0,2,0,55,60,66,54,67,1,Placed
18,Male,5.85,CSE,2,1,1,1,43,41,40,52,46,1,Placed
19,Female,8.52,IT,2,1,1,2,81,72,76,79,67,0,Placed
18,Male,7.03,CSE,2,0,0,0,68,74,55,54,64,0,Not Placed
23,Female,5.61,CIVIL,2,0,1,2,50,76,60,54,54,1,Not Placed
22,Male,6.97,MECH,2,3,1,0,76,73,72,53,81,0,Placed
19,Male,8.82,CSE,2,1,4,2,78,78,69,68,87,0,Placed
26,Male,7.16,CSE,1,0,0,4,64,44,60,62,45,0,Placed
25,Male,9.13,CSE,2,2,5,3,91,77,90,82,84,0,Placed
19,Male,6.24,CSE,1,1,0,0,57,64,62,55,58,0,Not Placed
22,Female,7.01,CSE,2,2,0,2,64,55,78,65,76,1,Placed
22,Male,6.82,CSE,2,0,0,2,65,54,53,60,67,1,Not Placed
18,Female,7.52,CSE,3,2,4,0,73,66,73,69,65,0,Placed
22,Male,7.66,CSE,2,1,1,0,75,73,67,72,51,0,Placed
19,Male,5.91,IT,3,0,1,0,63,48,53,51,57,3,Not Placed
24,Male,10.0,CSE,2,3,6,2,87,93,86,95,80,0,Placed
23,Female,6.91,IT,1,0,2,3,57,78,61,55,51,1,Not Placed
24,Male,6.28,MECH,2,1,2,6,59,59,68,75,63,1,Placed
22,Female,8.83,IT,1,1,2,2,71,59,82,68,71,0,Placed
19,Male,9.11,CSE,3,1,5,2,80,90,82,79,78,0,Placed
20,Male,8.36,MECH,2,1,3,1,80,77,95,69,79,0,Placed
22,Male,6.56,IT,2,0,0,5,45,60,68,41,51,0,Not Placed
20,Female,6.97,CSE,3,1,0,1,69,70,62,71,64,0,Placed
22,Male,6.02,ECE,2,1,2,0,56,52,54,58,40,2,Not Placed
20,Male,8.01,CSE,2,2,3,0,86,66,66,87,66,0,Placed
19,Male,5.95,ECE,2,0,0,1,61,59,57,60,61,3,Not Placed
21,Male,7.35,EEE,2,0,0,2,56,55,69,58,60,1,Not Placed
22,Male,7.82,ECE,3,2,2,2,54,65,65,68,78,0,Not Placed
21,Female,7.81,MECH,2,0,4,0,71,65,74,73,62,2,Placed
22,Female,7.21,IT,1,0,2,0,54,64,66,70,56,1,Not Placed
20,Male,7.59,CSE,2,4,2,2,80,82,81,84,58,0,Placed
22,Male,7.74,IT,2,0,2,3,79,76,69,74,81,1,Placed
22,Male,8.16,IT,2,1,0,2,68,76,74,83,69,1,Placed
21,Other,6.01,EEE,2,0,0,2,65,65,66,54,57,0,Not Placed
20,Female,8.37,EEE,2,1,1,3,95,67,87,88,71,0,Placed
21,Male,7.02,IT,3,0,0,1,81,82,65,67,47,2,Not Placed
18,Female,9.72,CIVIL,2,2,2,3,76,81,81,72,77,0,Placed
22,Male,8.96,CSE,2,1,3,3,95,87,95,87,79,0,Placed
19,Male,8.4,CIVIL,3,0,2,2,78,70,77,62,81,1,Placed
23,Female,8.79,CSE,3,1,4,2,77,87,78,81,62,0,Not Placed
23,Female,5.0,ECE,1,0,0,1,40,59,48,43,41,1,Not Placed
21,Male,6.96,ECE,1,0,3,1,62,74,63,63,76,1,Not Placed
23,Female,9.39,ECE,2,1,1,1,72,72,84,84,65,0,Placed
22,Female,7.77,EEE,3,0,5,1,75,74,75,74,67,1,Placed
19,Male,6.1,ECE,1,0,0,2,60,58,52,64,56,2,Not Placed
22,Male,8.22,ECE,3,1,3,4,63,70,69,73,70,0,Not Placed
28,Male,5.0,MECH,1,0,0,0,45,59,64,40,49,3,Not Placed
18,Female,8.55,CSE,2,1,6,4,78,82,65,65,75,1,Not Placed
19,Male,5.29,ECE,3,1,1,0,48,51,54,40,45,4,Not Placed
21,Male,8.59,EEE,1,3,2,1,76,87,85,73,79,0,Placed
20,Male,9.11,IT,3,2,3,1,81,70,72,83,82,0,Placed
21,Male,6.84,CSE,3,0,3,0,70,76,63,63,51,0,Placed
21,Female,8.02,CSE,1,2,0,2,71,73,74,76,87,0,Placed
23,Male,7.68,CSE,1,0,2,2,69,79,66,75,62,1,Placed
18,Female,7.27,ECE,3,0,2,1,73,60,72,75,52,0,Placed
20,Female,7.59,ECE,3,2,5,1,61,53,72,55,67,3,Placed
23,Male,8.58,CSE,2,0,1,3,76,75,76,74,70,0,Placed
20,Female,5.84,IT,1,0,1,0,53,65,61,55,60,3,Not Placed
21,Male,5.74,CSE,2,0,3,3,48,57,41,40,58,2,Not Placed
18,Female,8.35,CIVIL,2,0,1,2,64,66,67,74,69,0,Not Placed
19,Female,7.13,EEE,2,2,1,2,76,76,69,59,76,0,Not Placed
21,Male,7.51,CSE,2,1,3,1,70,95,77,78,62,2,Placed
20,Male,7.49,CSE,2,0,1,3,52,70,51,68,75,1,Not Placed
22,Male,8.5,MECH,3,2,4,3,95,85,86,84,68,1,Placed
21,Male,7.61,ECE,1,0,0,1,67,73,58,81,75,0,Placed
24,Female,7.75,IT,2,2,2,2,69,71,65,58,71,0,Placed
23,Male,7.33,ECE,2,0,2,3,68,71,76,79,80,2,Placed
19,Male,7.62,IT,3,0,1,0,80,81,80,80,66,3,Not Placed
18,Female,8.05,MECH,2,0,1,3,81,72,85,85,73,0,Placed
23,Male,8.24,MECH,3,1,0,1,67,69,77,63,87,1,Placed
20,Other,7.82,CSE,2,0,4,4,74,60,66,73,65,0,Placed
20,Female,5.27,ECE,3,1,2,3,44,64,47,48,46,1,Not Placed
19,Female,6.52,MECH,2,0,1,1,55,65,55,45,67,1,Not Placed
22,Male,7.7,CSE,1,0,1,4,60,84,64,78,82,1,Not Placed
20,Female,7.14,MECH,3,3,0,6,74,74,72,62,66,1,Not Placed
19,Female,8.48,IT,1,1,4,3,75,62,74,74,55,0,Placed
21,Female,7.64,IT,3,4,3,2,70,76,82,68,60,0,Placed
22,Female,8.92,CIVIL,2,2,3,3,69,71,55,73,60,0,Placed
19,Male,6.71,EEE,2,0,0,2,52,57,69,50,74,5,Not Placed
22,Male,6.8,CSE,2,2,1,1,68,61,59,62,66,0,Not Placed
21,Other,5.96,ECE,3,0,0,3,55,56,53,57,49,1,Placed
20,Male,7.54,ECE,2,0,0,3,78,71,70,73,71,0,Placed
20,Male,5.96,EEE,1,0,2,2,59,58,40,49,43,2,Not Placed
19,Male,7.66,CSE,3,3,5,1,78,78,77,49,66,0,Placed
20,Female,5.61,ECE,2,0,0,1,48,63,57,72,55,3,Not Placed
24,Female,7.45,MECH,2,0,0,2,77,67,62,67,55,0,Placed
18,Female,8.81,MECH,3,2,1,8,81,59,87,76,57,0,Placed
25,Male,7.65,CSE,1,3,1,0,69,55,61,69,71,0,Placed
18,Male,6.12,CIVIL,1,0,2,2,47,66,52,56,64,2,Not Placed
20,Male,6.41,CSE,3,1,0,0,57,60,72,61,52,4,Not Placed
21,Female,5.89,EEE,1,0,1,0,60,55,54,62,65,1,Not Placed
23,Male,5.73,IT,2,0,0,1,56,65,51,54,45,1,Not Placed
19,Female,7.89,CIVIL,1,0,2,0,66,67,73,68,70,3,Not Placed
19,Male,8.13,MECH,2,2,2,2,78,73,71,80,73,0,Placed
21,Female,7.73,MECH,3,1,1,2,69,73,89,67,57,0,Placed
20,Female,7.86,CSE,3,1,2,2,74,53,73,78,64,0,Not Placed
22,Female,6.51,EEE,2,0,4,1,81,73,62,67,61,0,Placed
23,Female,8.06,IT,2,0,2,3,59,62,70,63,61,0,Placed
18,Female,5.49,IT,1,0,3,0,58,52,64,51,65,1,Not Placed
23,Female,7.31,MECH,2,0,1,2,66,74,63,62,72,0,Not Placed
18,Male,6.33,EEE,3,1,4,1,52,67,62,58,48,4,Not Placed
24,Female,6.61,ECE,3,0,2,0,64,58,59,53,76,2,Not Placed
26,Female,7.58,CSE,2,0,2,2,52,72,67,69,56,0,Placed
22,Male,7.06,ECE,1,0,1,2,68,75,82,71,61,2,Not Placed
27,Male,10.0,CSE,2,4,4,4,95,95,94,83,88,0,Placed
23,Male,5.63,CSE,3,0,2,3,49,51,54,64,72,1,Not Placed
18,Female,7.55,CIVIL,2,2,4,1,73,55,81,58,62,0,Placed
18,Female,5.88,ECE,2,0,0,3,50,59,65,56,40,3,Not Placed
18,Male,6.94,CSE,2,0,3,4,67,72,63,66,60,0,Placed
20,Female,6.99,IT,1,0,2,8,58,54,74,66,72,0,Placed
21,Male,8.18,CSE,2,1,4,2,71,89,79,81,81,0,Placed
21,Male,7.35,CSE,1,2,1,2,58,64,64,61,56,1,Not Placed
22,Female,7.31,MECH,1,0,3,0,58,66,66,67,61,1,Not Placed
20,Male,7.58,CSE,1,1,2,1,58,67,64,70,71,1,Placed
18,Male,6.76,CSE,2,0,1,1,61,51,67,44,60,0,Not Placed
19,Male,7.07,CSE,3,0,3,0,67,54,65,66,63,1,Placed
28,Male,7.5,EEE,1,0,2,0,55,55,57,63,46,0,Placed
20,Male,8.58,CSE,2,0,2,0,76,73,60,70,64,0,Placed
20,Male,7.3,IT,3,0,1,4,84,87,65,73,71,1,Placed
19,Male,7.83,MECH,3,2,2,1,69,57,72,52,69,2,Not Placed
27,Female,8.05,ECE,2,0,2,3,64,83,70,68,61,1,Placed
19,Male,6.17,CSE,2,0,1,1,43,62,58,54,41,5,Not Placed
22,Female,8.94,MECH,1,2,6,1,87,68,68,64,75,1,Not Placed
18,Female,7.76,ECE,3,1,1,1,56,63,57,67,69,0,Placed
18,Male,8.0,MECH,2,0,2,5,73,77,78,77,68,0,Placed
22,Male,8.55,CSE,2,4,1,0,67,81,95,90,66,1,Placed
21,Male,7.6,CSE,1,1,0,0,74,71,59,59,56,0,Not Placed
22,Female,6.27,CSE,2,0,0,2,53,48,63,66,44,3,Not Placed
19,Female,8.84,IT,1,1,2,2,54,66,60,68,62,0,Placed
27,Male,8.21,IT,1,3,0,2,67,49,61,78,69,0,Placed
21,Male,7.24,IT,3,0,2,1,69,80,72,59,62,0,Placed
26,Male,6.29,IT,1,1,1,2,64,74,69,61,80,1,Not Placed
19,Female,8.13,IT,1,4,1,2,74,78,61,80,74,0,Placed
20,Male,7.35,IT,2,2,2,1,78,67,78,74,70,1,Not Placed
20,Male,7.57,CSE,2,2,2,2,67,72,65,74,63,0,Not Placed
22,Female,5.0,ECE,2,1,1,0,59,67,56,59,63,1,Not Placed
22,Female,8.6,MECH,1,2,3,0,80,68,80,83,82,1,Placed
21,Male,6.6,CIVIL,3,0,0,1,55,63,61,61,68,2,Not Placed
18,Male,6.85,CSE,3,0,1,2,78,76,71,69,88,1,Not Placed
19,Male,7.63,IT,2,2,2,1,67,65,79,77,72,0,Placed
18,Female,5.81,CSE,1,0,2,0,51,48,40,65,56,0,Not Placed
23,Male,7.54,ECE,2,1,1,0,67,88,58,66,79,1,Not Placed
20,Male,8.65,IT,3,3,4,3,86,76,68,64,70,1,Placed
18,Male,8.26,MECH,1,0,2,1,65,74,72,77,65,1,Not Placed
20,Female,8.0,CIVIL,2,0,0,2,73,95,78,79,66,1,Placed
18,Female,5.6,IT,1,0,2,1,51,57,41,42,57,0,Not Placed
26,Female,8.86,IT,1,4,4,3,82,80,74,75,87,0,Placed
20,Female,7.22,ECE,2,1,0,2,63,57,70,73,75,1,Not Placed
25,Female,6.55,ECE,2,1,1,3,48,52,51,48,65,2,Not Placed
22,Female,6.41,EEE,2,1,0,2,62,67,69,62,67,1,Not Placed
21,Male,8.37,CSE,2,1,4,2,63,54,59,72,76,0,Placed
21,Male,8.15,CSE,1,1,3,0,89,69,65,85,78,1,Placed
22,Female,7.39,ECE,1,1,1,0,66,70,61,60,52,1,Placed
22,Female,8.37,IT,2,0,1,2,83,68,71,60,74,0,Placed
18,Female,6.79,ECE,2,0,1,0,43,51,50,65,59,0,Not Placed
24,Male,5.78,IT,1,0,2,3,64,69,61,62,52,2,Not Placed
20,Female,5.59,CSE,2,0,1,3,60,60,53,55,49,0,Not Placed
20,Male,6.21,CSE,3,1,1,2,61,61,64,60,44,0,Not Placed
20,Female,7.83,EEE,3,3,3,1,89,91,77,89,76,0,Placed
22,Male,8.84,IT,3,2,3,4,89,86,92,93,90,0,Placed
20,Male,8.3,CSE,2,1,2,5,66,76,70,67,92,1,Placed
20,Male,6.91,CSE,3,0,4,2,63,78,74,67,55,1,Placed
18,Male,7.19,MECH,3,1,1,0,73,71,72,58,60,0,Not Placed
20,Male,8.31,IT,2,1,6,0,70,68,78,47,90,0,Placed
19,Female,6.15,MECH,2,0,0,1,61,70,60,58,73,2,Not Placed
23,Female,7.29,CIVIL,1,1,1,2,59,68,59,56,79,3,Placed
20,Female,8.95,CSE,3,0,3,6,82,61,76,65,68,0,Placed
26,Female,6.83,CIVIL,2,1,2,1,60,59,58,66,69,1,Not Placed
22,Female,6.6,IT,1,2,2,3,53,73,72,57,66,1,Placed
22,Female,8.04,EEE,3,0,4,2,58,79,62,76,81,0,Placed
25,Male,7.15,IT,3,3,1,0,74,91,78,67,69,1,Placed
19,Male,6.89,ECE,2,0,3,0,68,68,60,64,72,1,Not Placed
21,Female,8.12,ECE,2,1,4,2,65,74,69,59,69,2,Placed
18,Male,7.97,CSE,1,1,1,1,76,82,75,69,80,0,Placed
18,Female,9.05,IT,3,3,4,3,76,77,76,83,78,0,Placed
20,Female,8.53,CSE,3,1,6,1,57,82,60,52,81,1,Placed
22,Male,8.17,CSE,2,1,1,0,59,45,74,79,70,2,Placed
23,Male,8.95,ECE,2,0,2,0,81,70,86,72,69,0,Placed
19,Female,6.52,EEE,1,3,2,3,61,81,61,57,65,0,Not Placed
22,Male,5.29,CSE,2,0,1,1,58,61,55,65,40,3,Not Placed
19,Male,8.08,CSE,2,2,2,1,63,67,77,73,70,1,Not Placed
18,Female,9.1,CIVIL,3,1,2,1,94,95,90,84,78,1,Placed
18,Male,8.02,IT,2,1,3,1,71,78,79,79,71,1,Placed
21,Male,6.56,ECE,1,2,3,2,70,72,68,73,82,0,Not Placed
21,Female,6.28,CSE,1,0,1,1,68,65,66,58,53,2,Not Placed
19,Male,7.2,ECE,3,2,0,4,65,61,74,65,69,0,Placed
18,Female,8.69,EEE,3,0,1,3,71,75,78,75,95,0,Placed
21,Male,7.36,CSE,3,2,0,1,46,48,50,71,68,1,Not Placed
23,Female,7.67,ECE,2,1,4,4,80,77,51,70,73,0,Placed
18,Female,7.44,CSE,2,0,0,1,60,65,66,69,58,2,Placed
22,Female,6.85,CSE,2,1,3,4,56,64,56,62,78,2,Not Placed
21,Female,7.93,ECE,1,4,1,0,72,77,68,79,65,1,Placed
21,Female,7.54,ECE,1,1,6,2,75,70,64,81,81,0,Placed
18,Male,8.17,ECE,2,2,3,3,85,67,67,67,78,0,Placed
24,Female,6.52,ECE,2,0,2,2,57,63,68,71,68,3,Not Placed
21,Male,5.61,IT,2,0,1,2,56,62,59,63,63,1,Not Placed
20,Male,8.14,IT,2,1,1,3,68,91,88,54,71,1,Placed
23,Male,5.93,IT,2,2,0,1,66,54,50,70,72,3,Not Placed
23,Female,8.88,CSE,3,4,3,0,89,79,85,95,81,0,Placed
22,Male,9.5,CSE,3,2,3,1,88,92,89,79,85,0,Placed
23,Female,9.9,MECH,2,3,4,3,95,91,94,95,78,0,Placed
19,Male,6.89,CSE,2,0,1,2,70,64,59,54,60,3,Not Placed
22,Male,7.68,IT,1,0,3,4,66,72,73,70,63,0,Not Placed
20,Male,8.26,ECE,2,0,2,2,76,80,81,79,75,0,Not Placed
23,Female,8.33,EEE,1,1,2,1,69,75,72,75,74,0,Placed
20,Male,7.96,EEE,3,0,4,5,76,54,61,66,62,0,Not Placed
18,Female,9.11,EEE,2,2,2,3,75,78,84,77,65,2,Placed
20,Male,7.96,IT,2,1,1,5,77,73,64,59,67,2,Placed
22,Male,7.65,CSE,2,0,1,3,79,68,75,69,63,1,Not Placed
21,Male,5.58,MECH,1,0,0,0,44,58,46,61,58,0,Not Placed
22,Male,7.38,MECH,3,0,3,2,63,71,71,65,75,0,Not Placed
18,Male,7.11,MECH,2,3,4,4,52,78,64,65,61,0,Not Placed
19,Male,8.27,MECH,2,0,1,2,80,75,79,72,65,0,Placed
21,Female,7.46,IT,3,1,5,7,75,73,74,66,55,0,Placed
20,Female,7.95,CSE,2,0,2,2,74,67,81,72,77,0,Placed
22,Male,7.06,ECE,2,1,0,3,76,79,79,71,67,0,Placed
26,Female,7.89,ECE,2,0,3,3,72,65,87,69,78,1,Not Placed
22,Female,8.03,CSE,3,1,4,5,65,60,67,67,59,3,Not Placed
20,Male,6.57,ECE,3,0,0,3,71,69,55,60,64,3,Not Placed
21,Male,7.86,CIVIL,1,0,2,3,77,70,66,82,63,1,Not Placed
24,Male,6.36,CSE,2,0,1,1,48,64,57,47,51,0,Not Placed
22,Female,6.78,IT,2,0,0,1,61,75,51,63,51,0,Not Placed
23,Male,7.02,IT,1,0,3,1,70,70,50,67,51,2,Not Placed
20,Male,8.07,CSE,3,1,5,5,65,73,73,69,60,1,Not Placed
22,Male,7.32,EEE,2,0,1,4,77,57,82,70,55,0,Placed
19,Male,5.03,EEE,2,0,1,3,47,49,58,44,40,0,Not Placed
22,Male,7.15,CSE,2,0,1,1,61,77,73,66,69,2,Not Placed
24,Female,9.26,MECH,1,1,2,3,77,67,70,85,72,0,Not Placed
24,Female,6.64,IT,2,0,3,3,66,69,77,76,61,3,Not Placed
18,Male,7.37,ECE,1,0,0,2,61,81,56,75,85,0,Not Placed
23,Male,9.26,EEE,3,2,3,2,76,77,72,78,88,0,Placed
18,Male,8.06,MECH,2,2,5,0,83,53,67,80,72,0,Placed
21,Male,8.36,CSE,1,1,4,3,81,85,89,65,84,0,Placed
22,Female,5.0,ECE,2,0,0,1,45,44,51,44,42,2,Not Placed
21,Female,9.37,ECE,3,0,2,3,81,68,80,90,84,0,Placed
20,Female,7.7,MECH,2,0,5,0,73,72,83,75,59,0,Placed
22,Male,8.94,EEE,2,4,3,1,95,95,89,86,79,0,Not Placed
22,Female,6.32,MECH,2,2,3,1,62,60,57,53,52,4,Not Placed
21,Female,6.02,CSE,2,1,0,1,57,64,57,50,53,2,Not Placed
21,Male,6.72,IT,2,0,2,1,70,80,54,59,85,0,Not Placed
22,Female,6.56,IT,1,1,0,2,57,64,69,78,68,0,Placed
20,Female,8.37,IT,2,1,3,4,78,90,71,59,58,0,Not Placed
18,Female,8.43,MECH,1,0,6,2,70,86,78,73,76,0,Placed
21,Male,6.96,IT,2,0,0,1,67,74,73,71,73,1,Placed
22,Male,7.12,CSE,3,1,1,3,76,75,68,58,56,0,Not Placed
20,Female,8.84,ECE,2,1,3,2,71,72,70,84,69,0,Placed
19,Male,7.91,CSE,2,0,3,2,59,69,66,65,68,2,Placed
24,Female,7.14,CSE,2,2,1,1,66,53,64,70,83,2,Not Placed
23,Male,8.84,EEE,1,2,1,1,83,71,74,69,78,0,Placed
21,Male,8.69,MECH,2,2,2,1,77,76,69,85,74,0,Placed
23,Female,7.59,IT,2,1,0,1,81,94,81,83,79,0,Placed
26,Female,6.37,ECE,2,0,1,1,72,78,77,72,82,0,Not Placed
21,Male,5.12,ECE,2,0,0,0,40,54,60,51,54,1,Not Placed
19,Female,6.58,CSE,2,0,1,1,69,70,68,67,68,0,Not Placed
21,Female,6.95,ECE,3,0,0,3,61,62,59,59,58,1,Not Placed
24,Female,7.11,CSE,2,1,4,2,62,73,55,63,70,1,Placed
22,Male,7.11,MECH,2,0,1,2,67,73,45,69,48,1,Placed
18,Female,7.7,EEE,3,2,5,0,81,70,78,71,70,1,Placed
24,Male,6.91,CSE,2,0,2,0,51,61,66,48,40,1,Not Placed
22,Female,5.88,CSE,2,0,1,1,61,57,41,50,68,2,Not Placed
20,Female,8.86,CSE,2,2,5,4,66,73,76,88,82,0,Placed
27,Male,6.15,CIVIL,1,0,1,1,47,61,47,65,65,0,Not Placed
22,Male,7.86,MECH,3,0,1,2,70,76,73,74,91,0,Placed
23,Male,8.97,MECH,3,0,4,1,62,85,80,71,73,0,Placed
25,Male,8.68,IT,2,0,2,6,75,61,82,89,83,1,Placed
18,Female,8.13,MECH,2,1,1,3,73,71,80,74,79,0,Placed
22,Female,8.06,ECE,2,1,2,1,78,65,59,72,63,0,Placed
20,Female,7.38,CSE,2,0,0,3,63,70,72,75,65,0,Not Placed
23,Female,7.86,IT,3,2,6,2,80,80,86,73,84,0,Placed
24,Female,8.12,IT,2,3,1,2,71,64,70,75,80,2,Placed
23,Female,6.5,IT,2,0,0,0,42,60,49,47,48,2,Not Placed
22,Male,6.41,CSE,3,2,2,1,58,72,66,57,62,2,Placed
23,Female,8.13,IT,2,2,3,2,74,84,78,86,73,1,Not Placed
20,Male,7.16,ECE,1,0,2,1,75,61,60,53,79,0,Placed
20,Male,8.65,CSE,1,4,1,3,78,92,90,73,83,0,Placed
18,Female,7.27,CSE,3,0,2,2,65,67,72,57,60,0,Not Placed
23,Female,7.88,EEE,2,0,0,1,82,68,72,79,69,0,Not Placed
22,Male,8.57,ECE,2,1,4,1,80,69,83,72,71,0,Placed
21,Male,7.39,IT,2,0,1,0,64,71,64,74,67,2,Not Placed
